filename,split,eye_state,subject_id,gender,glasses,reflections,lighting,sensor,source_relpath
s0025_00055_0_0_0_0_0_01.png,train,0,s0025,0,0,0,0,01,data/raw/mrlEyes_2018_01/s0025/s0025_00055_0_0_0_0_0_01.png
s0029_00003_0_0_0_0_1_01.png,train,0,s0029,0,0,0,1,01,data/raw/mrlEyes_2018_01/s0029/s0029_00003_0_0_0_0_1_01.png
s0023_00251_0_0_1_0_1_01.png,train,1,s0023,0,0,0,1,01,data/raw/mrlEyes_2018_01/s0023/s0023_00251_0_0_1_0_1_01.png
s0002_01036_0_0_1_0_0_01.png,train,1,s0002,0,0,0,0,01,data/raw/mrlEyes_2018_01/s0002/s0002_01036_0_0_1_0_0_01.png
s0022_00099_0_1_0_2_1_01.png,train,0,s0022,0,1,2,1,01,data/raw/mrlEyes_2018_01/s0022/s0022_00099_0_1_0_2_1_01.png
s0022_00090_0_1_0_2_1_01.png,train,0,s0022,0,1,2,1,01,data/raw/mrlEyes_2018_01/s0022/s0022_00090_0_1_0_2_1_01.png
s0024_00188_0_1_0_0_0_01.png,train,0,s0024,0,1,0,0,01,data/raw/mrlEyes_2018_01/s0024/s0024_00188_0_1_0_0_0_01.png
s0016_01619_1_0_0_0_1_01.png,test,0,s0016,1,0,0,1,01,data/raw/mrlEyes_2018_01/s0016/s0016_01619_1_0_0_0_1_01.png
s0037_09611_1_1_1_0_0_01.png,train,1,s0037,1,1,0,0,01,data/raw/mrlEyes_2018_01/s0037/s0037_09611_1_1_1_0_0_01.png
s0031_00264_1_0_1_1_1_02.png,train,1,s0031,1,0,1,1,02,data/raw/mrlEyes_2018_01/s0031/s0031_00264_1_0_1_1_1_02.png
s0031_00048_1_0_0_0_1_02.png,train,0,s0031,1,0,0,1,02,data/raw/mrlEyes_2018_01/s0031/s0031_00048_1_0_0_0_1_02.png
s0004_00203_0_0_0_0_1_01.png,val,0,s0004,0,0,0,1,01,data/raw/mrlEyes_2018_01/s0004/s0004_00203_0_0_0_0_1_01.png
s0015_00855_0_0_1_0_1_01.png,test,1,s0015,0,0,0,1,01,data/raw/mrlEyes_2018_01/s0015/s0015_00855_0_0_1_0_1_01.png
s0027_00468_0_1_1_2_1_01.png,val,1,s0027,0,1,2,1,01,data/raw/mrlEyes_2018_01/s0027/s0027_00468_0_1_1_2_1_01.png
s0021_00111_0_1_0_0_0_01.png,train,0,s0021,0,1,0,0,01,data/raw/mrlEyes_2018_01/s0021/s0021_00111_0_1_0_0_0_01.png
s0001_02105_0_0_1_0_0_01.png,val,1,s0001,0,0,0,0,01,data/raw/mrlEyes_2018_01/s0001/s0001_02105_0_0_1_0_0_01.png
s0027_00350_0_0_1_0_0_01.png,val,1,s0027,0,0,0,0,01,data/raw/mrlEyes_2018_01/s0027/s0027_00350_0_0_1_0_0_01.png
s0025_00134_0_0_0_0_0_01.png,train,0,s0025,0,0,0,0,01,data/raw/mrlEyes_2018_01/s0025/s0025_00134_0_0_0_0_0_01.png
s0034_00034_0_0_0_0_0_02.png,train,0,s0034,0,0,0,0,02,data/raw/mrlEyes_2018_01/s0034/s0034_00034_0_0_0_0_0_02.png
s0026_00123_0_0_0_0_0_01.png,val,0,s0026,0,0,0,0,01,data/raw/mrlEyes_2018_01/s0026/s0026_00123_0_0_0_0_0_01.png
s0027_00308_0_0_1_0_0_01.png,val,1,s0027,0,0,0,0,01,data/raw/mrlEyes_2018_01/s0027/s0027_00308_0_0_1_0_0_01.png
s0014_08635_0_0_1_0_0_01.png,train,1,s0014,0,0,0,0,01,data/raw/mrlEyes_2018_01/s0014/s0014_08635_0_0_1_0_0_01.png
s0031_01429_1_0_1_2_1_02.png,train,1,s0031,1,0,2,1,02,data/raw/mrlEyes_2018_01/s0031/s0031_01429_1_0_1_2_1_02.png
s0025_00300_0_0_1_0_0_01.png,train,1,s0025,0,0,0,0,01,data/raw/mrlEyes_2018_01/s0025/s0025_00300_0_0_1_0_0_01.png
s0023_00415_0_0_1_0_1_01.png,train,1,s0023,0,0,0,1,01,data/raw/mrlEyes_2018_01/s0023/s0023_00415_0_0_1_0_1_01.png
s0002_00647_0_0_0_0_0_01.png,train,0,s0002,0,0,0,0,01,data/raw/mrlEyes_2018_01/s0002/s0002_00647_0_0_0_0_0_01.png
s0021_00604_0_1_1_2_0_01.png,train,1,s0021,0,1,2,0,01,data/raw/mrlEyes_2018_01/s0021/s0021_00604_0_1_1_2_0_01.png
s0002_01053_0_0_1_0_0_01.png,train,1,s0002,0,0,0,0,01,data/raw/mrlEyes_2018_01/s0002/s0002_01053_0_0_1_0_0_01.png
s0017_01552_1_0_1_0_1_01.png,test,1,s0017,1,0,0,1,01,data/raw/mrlEyes_2018_01/s0017/s0017_01552_1_0_1_0_1_01.png
s0020_00117_0_0_1_0_1_01.png,train,1,s0020,0,0,0,1,01,data/raw/mrlEyes_2018_01/s0020/s0020_00117_0_0_1_0_1_01.png
s0021_00038_0_0_0_0_0_01.png,train,0,s0021,0,0,0,0,01,data/raw/mrlEyes_2018_01/s0021/s0021_00038_0_0_0_0_0_01.png
s0030_00171_0_0_0_0_0_01.png,val,0,s0030,0,0,0,0,01,data/raw/mrlEyes_2018_01/s0030/s0030_00171_0_0_0_0_0_01.png
s0027_00016_0_0_0_0_1_01.png,val,0,s0027,0,0,0,1,01,data/raw/mrlEyes_2018_01/s0027/s0027_00016_0_0_0_0_1_01.png
s0003_00290_0_0_0_0_0_01.png,test,0,s0003,0,0,0,0,01,data/raw/mrlEyes_2018_01/s0003/s0003_00290_0_0_0_0_0_01.png
s0031_01369_1_0_1_1_1_02.png,train,1,s0031,1,0,1,1,02,data/raw/mrlEyes_2018_01/s0031/s0031_01369_1_0_1_1_1_02.png
s0001_01143_0_1_0_2_0_01.png,val,0,s0001,0,1,2,0,01,data/raw/mrlEyes_2018_01/s0001/s0001_01143_0_1_0_2_0_01.png
s0026_01006_0_0_1_0_0_01.png,val,1,s0026,0,0,0,0,01,data/raw/mrlEyes_2018_01/s0026/s0026_01006_0_0_1_0_0_01.png
s0025_01368_0_0_1_0_1_01.png,train,1,s0025,0,0,0,1,01,data/raw/mrlEyes_2018_01/s0025/s0025_01368_0_0_1_0_1_01.png
s0002_01061_0_0_1_0_0_01.png,train,1,s0002,0,0,0,0,01,data/raw/mrlEyes_2018_01/s0002/s0002_01061_0_0_1_0_0_01.png
s0008_00706_0_1_0_0_0_01.png,train,0,s0008,0,1,0,0,01,data/raw/mrlEyes_2018_01/s0008/s0008_00706_0_1_0_0_0_01.png
s0027_00632_0_1_1_2_0_01.png,val,1,s0027,0,1,2,0,01,data/raw/mrlEyes_2018_01/s0027/s0027_00632_0_1_1_2_0_01.png
s0037_04959_1_1_0_0_0_01.png,train,0,s0037,1,1,0,0,01,data/raw/mrlEyes_2018_01/s0037/s0037_04959_1_1_0_0_0_01.png
s0014_08149_0_0_1_1_0_02.png,train,1,s0014,0,0,1,0,02,data/raw/mrlEyes_2018_01/s0014/s0014_08149_0_0_1_1_0_02.png
s0019_04214_0_0_1_0_0_01.png,train,1,s0019,0,0,0,0,01,data/raw/mrlEyes_2018_01/s0019/s0019_04214_0_0_1_0_0_01.png
s0009_00375_0_0_1_0_0_01.png,test,1,s0009,0,0,0,0,01,data/raw/mrlEyes_2018_01/s0009/s0009_00375_0_0_1_0_0_01.png
s0015_00972_0_0_1_0_1_01.png,test,1,s0015,0,0,0,1,01,data/raw/mrlEyes_2018_01/s0015/s0015_00972_0_0_1_0_1_01.png
s0014_06151_0_0_1_0_0_01.png,train,1,s0014,0,0,0,0,01,data/raw/mrlEyes_2018_01/s0014/s0014_06151_0_0_1_0_0_01.png
s0021_00119_0_1_0_0_0_01.png,train,0,s0021,0,1,0,0,01,data/raw/mrlEyes_2018_01/s0021/s0021_00119_0_1_0_0_0_01.png
s0006_00115_0_1_0_0_0_01.png,train,0,s0006,0,1,0,0,01,data/raw/mrlEyes_2018_01/s0006/s0006_00115_0_1_0_0_0_01.png
s0005_00460_0_0_0_0_0_01.png,val,0,s0005,0,0,0,0,01,data/raw/mrlEyes_2018_01/s0005/s0005_00460_0_0_0_0_0_01.png
s0014_07767_0_0_1_1_1_02.png,train,1,s0014,0,0,1,1,02,data/raw/mrlEyes_2018_01/s0014/s0014_07767_0_0_1_1_1_02.png
s0029_01344_0_0_1_0_1_01.png,train,1,s0029,0,0,0,1,01,data/raw/mrlEyes_2018_01/s0029/s0029_01344_0_0_1_0_1_01.png
s0024_00096_0_1_0_2_0_01.png,train,0,s0024,0,1,2,0,01,data/raw/mrlEyes_2018_01/s0024/s0024_00096_0_1_0_2_0_01.png
s0033_00078_0_0_0_0_1_01.png,test,0,s0033,0,0,0,1,01,data/raw/mrlEyes_2018_01/s0033/s0033_00078_0_0_0_0_1_01.png
s0025_00113_0_0_0_0_0_01.png,train,0,s0025,0,0,0,0,01,data/raw/mrlEyes_2018_01/s0025/s0025_00113_0_0_0_0_0_01.png
s0004_01012_0_0_0_0_0_01.png,val,0,s0004,0,0,0,0,01,data/raw/mrlEyes_2018_01/s0004/s0004_01012_0_0_0_0_0_01.png
s0009_00003_0_0_0_0_0_01.png,test,0,s0009,0,0,0,0,01,data/raw/mrlEyes_2018_01/s0009/s0009_00003_0_0_0_0_0_01.png
s0002_01046_0_0_1_0_0_01.png,train,1,s0002,0,0,0,0,01,data/raw/mrlEyes_2018_01/s0002/s0002_01046_0_0_1_0_0_01.png
s0001_01253_0_1_0_2_1_01.png,val,0,s0001,0,1,2,1,01,data/raw/mrlEyes_2018_01/s0001/s0001_01253_0_1_0_2_1_01.png
s0014_00224_0_0_0_0_0_01.png,train,0,s0014,0,0,0,0,01,data/raw/mrlEyes_2018_01/s0014/s0014_00224_0_0_0_0_0_01.png
s0014_02408_0_0_0_0_1_03.png,train,0,s0014,0,0,0,1,03,data/raw/mrlEyes_2018_01/s0014/s0014_02408_0_0_0_0_1_03.png
s0032_00009_0_1_0_2_1_02.png,test,0,s0032,0,1,2,1,02,data/raw/mrlEyes_2018_01/s0032/s0032_00009_0_1_0_2_1_02.png
s0018_04300_0_1_1_2_0_01.png,train,1,s0018,0,1,2,0,01,data/raw/mrlEyes_2018_01/s0018/s0018_04300_0_1_1_2_0_01.png
s0009_00343_0_0_0_0_0_01.png,test,0,s0009,0,0,0,0,01,data/raw/mrlEyes_2018_01/s0009/s0009_00343_0_0_0_0_0_01.png
s0017_01343_1_0_1_0_0_01.png,test,1,s0017,1,0,0,0,01,data/raw/mrlEyes_2018_01/s0017/s0017_01343_1_0_1_0_0_01.png
s0013_03292_0_0_1_0_0_01.png,val,1,s0013,0,0,0,0,01,data/raw/mrlEyes_2018_01/s0013/s0013_03292_0_0_1_0_0_01.png
s0029_00271_0_0_1_0_1_01.png,train,1,s0029,0,0,0,1,01,data/raw/mrlEyes_2018_01/s0029/s0029_00271_0_0_1_0_1_01.png
s0022_00129_0_0_1_0_1_01.png,train,1,s0022,0,0,0,1,01,data/raw/mrlEyes_2018_01/s0022/s0022_00129_0_0_1_0_1_01.png
s0010_00372_0_0_1_0_0_01.png,train,1,s0010,0,0,0,0,01,data/raw/mrlEyes_2018_01/s0010/s0010_00372_0_0_1_0_0_01.png
s0029_00094_0_0_0_0_1_01.png,train,0,s0029,0,0,0,1,01,data/raw/mrlEyes_2018_01/s0029/s0029_00094_0_0_0_0_1_01.png
s0003_00597_0_0_1_0_0_01.png,test,1,s0003,0,0,0,0,01,data/raw/mrlEyes_2018_01/s0003/s0003_00597_0_0_1_0_0_01.png
s0008_00084_0_1_0_0_0_01.png,train,0,s0008,0,1,0,0,01,data/raw/mrlEyes_2018_01/s0008/s0008_00084_0_1_0_0_0_01.png
s0013_00893_0_0_0_0_0_01.png,val,0,s0013,0,0,0,0,01,data/raw/mrlEyes_2018_01/s0013/s0013_00893_0_0_0_0_0_01.png
s0031_00047_1_0_0_0_1_02.png,train,0,s0031,1,0,0,1,02,data/raw/mrlEyes_2018_01/s0031/s0031_00047_1_0_0_0_1_02.png
s0019_05860_0_0_1_0_0_01.png,train,1,s0019,0,0,0,0,01,data/raw/mrlEyes_2018_01/s0019/s0019_05860_0_0_1_0_0_01.png
s0021_00278_0_0_1_0_0_01.png,train,1,s0021,0,0,0,0,01,data/raw/mrlEyes_2018_01/s0021/s0021_00278_0_0_1_0_0_01.png
s0016_01764_1_0_1_0_1_01.png,test,1,s0016,1,0,0,1,01,data/raw/mrlEyes_2018_01/s0016/s0016_01764_1_0_1_0_1_01.png
s0005_00151_0_0_0_0_0_01.png,val,0,s0005,0,0,0,0,01,data/raw/mrlEyes_2018_01/s0005/s0005_00151_0_0_0_0_0_01.png
s0030_00012_0_0_0_0_0_01.png,val,0,s0030,0,0,0,0,01,data/raw/mrlEyes_2018_01/s0030/s0030_00012_0_0_0_0_0_01.png
s0012_02887_0_1_0_2_1_01.png,train,0,s0012,0,1,2,1,01,data/raw/mrlEyes_2018_01/s0012/s0012_02887_0_1_0_2_1_01.png
s0015_00949_0_0_1_0_1_01.png,test,1,s0015,0,0,0,1,01,data/raw/mrlEyes_2018_01/s0015/s0015_00949_0_0_1_0_1_01.png
s0021_00092_0_1_0_0_0_01.png,train,0,s0021,0,1,0,0,01,data/raw/mrlEyes_2018_01/s0021/s0021_00092_0_1_0_0_0_01.png
s0018_03930_0_0_1_0_1_01.png,train,1,s0018,0,0,0,1,01,data/raw/mrlEyes_2018_01/s0018/s0018_03930_0_0_1_0_1_01.png
s0003_00442_0_0_0_0_0_01.png,test,0,s0003,0,0,0,0,01,data/raw/mrlEyes_2018_01/s0003/s0003_00442_0_0_0_0_0_01.png
s0037_03026_1_0_0_0_0_01.png,train,0,s0037,1,0,0,0,01,data/raw/mrlEyes_2018_01/s0037/s0037_03026_1_0_0_0_0_01.png
s0035_00007_0_1_0_1_1_02.png,train,0,s0035,0,1,1,1,02,data/raw/mrlEyes_2018_01/s0035/s0035_00007_0_1_0_1_1_02.png
s0012_04044_0_1_0_0_0_01.png,train,0,s0012,0,1,0,0,01,data/raw/mrlEyes_2018_01/s0012/s0012_04044_0_1_0_0_0_01.png
s0013_03326_0_0_1_0_0_01.png,val,1,s0013,0,0,0,0,01,data/raw/mrlEyes_2018_01/s0013/s0013_03326_0_0_1_0_0_01.png
s0001_01973_0_0_1_0_0_01.png,val,1,s0001,0,0,0,0,01,data/raw/mrlEyes_2018_01/s0001/s0001_01973_0_0_1_0_0_01.png
s0030_00096_0_0_0_0_1_01.png,val,0,s0030,0,0,0,1,01,data/raw/mrlEyes_2018_01/s0030/s0030_00096_0_0_0_0_1_01.png
s0001_00122_0_0_0_0_0_01.png,val,0,s0001,0,0,0,0,01,data/raw/mrlEyes_2018_01/s0001/s0001_00122_0_0_0_0_0_01.png
s0037_08553_1_0_1_0_0_01.png,train,1,s0037,1,0,0,0,01,data/raw/mrlEyes_2018_01/s0037/s0037_08553_1_0_1_0_0_01.png
s0030_00191_0_0_0_0_0_01.png,val,0,s0030,0,0,0,0,01,data/raw/mrlEyes_2018_01/s0030/s0030_00191_0_0_0_0_0_01.png
s0024_00044_0_0_0_0_0_01.png,train,0,s0024,0,0,0,0,01,data/raw/mrlEyes_2018_01/s0024/s0024_00044_0_0_0_0_0_01.png
s0003_00315_0_0_0_0_0_01.png,test,0,s0003,0,0,0,0,01,data/raw/mrlEyes_2018_01/s0003/s0003_00315_0_0_0_0_0_01.png
s0030_01248_0_0_1_0_1_01.png,val,1,s0030,0,0,0,1,01,data/raw/mrlEyes_2018_01/s0030/s0030_01248_0_0_1_0_1_01.png
s0020_00112_0_0_1_0_1_01.png,train,1,s0020,0,0,0,1,01,data/raw/mrlEyes_2018_01/s0020/s0020_00112_0_0_1_0_1_01.png
s0021_00013_0_0_0_0_1_01.png,train,0,s0021,0,0,0,1,01,data/raw/mrlEyes_2018_01/s0021/s0021_00013_0_0_0_0_1_01.png
s0005_00243_0_0_0_0_0_01.png,val,0,s0005,0,0,0,0,01,data/raw/mrlEyes_2018_01/s0005/s0005_00243_0_0_0_0_0_01.png
s0009_00310_0_0_0_0_0_01.png,test,0,s0009,0,0,0,0,01,data/raw/mrlEyes_2018_01/s0009/s0009_00310_0_0_0_0_0_01.png
s0022_00247_0_0_1_0_1_01.png,train,1,s0022,0,0,0,1,01,data/raw/mrlEyes_2018_01/s0022/s0022_00247_0_0_1_0_1_01.png
s0034_00084_0_0_0_0_0_02.png,train,0,s0034,0,0,0,0,02,data/raw/mrlEyes_2018_01/s0034/s0034_00084_0_0_0_0_0_02.png
s0014_04229_0_0_1_0_0_01.png,train,1,s0014,0,0,0,0,01,data/raw/mrlEyes_2018_01/s0014/s0014_04229_0_0_1_0_0_01.png
s0007_00575_0_0_0_0_0_01.png,test,0,s0007,0,0,0,0,01,data/raw/mrlEyes_2018_01/s0007/s0007_00575_0_0_0_0_0_01.png
s0002_01108_0_0_1_0_0_01.png,train,1,s0002,0,0,0,0,01,data/raw/mrlEyes_2018_01/s0002/s0002_01108_0_0_1_0_0_01.png
s0021_00820_0_1_1_2_0_01.png,train,1,s0021,0,1,2,0,01,data/raw/mrlEyes_2018_01/s0021/s0021_00820_0_1_1_2_0_01.png
s0019_01150_0_0_0_0_0_01.png,train,0,s0019,0,0,0,0,01,data/raw/mrlEyes_2018_01/s0019/s0019_01150_0_0_0_0_0_01.png
s0032_01761_0_1_1_2_1_02.png,test,1,s0032,0,1,2,1,02,data/raw/mrlEyes_2018_01/s0032/s0032_01761_0_1_1_2_1_02.png
s0013_03080_0_0_1_0_0_01.png,val,1,s0013,0,0,0,0,01,data/raw/mrlEyes_2018_01/s0013/s0013_03080_0_0_1_0_0_01.png
s0018_02795_0_1_0_0_0_01.png,train,0,s0018,0,1,0,0,01,data/raw/mrlEyes_2018_01/s0018/s0018_02795_0_1_0_0_0_01.png
s0029_00087_0_0_0_0_1_01.png,train,0,s0029,0,0,0,1,01,data/raw/mrlEyes_2018_01/s0029/s0029_00087_0_0_0_0_1_01.png
s0002_01065_0_0_1_0_0_01.png,train,1,s0002,0,0,0,0,01,data/raw/mrlEyes_2018_01/s0002/s0002_01065_0_0_1_0_0_01.png
s0032_00083_0_0_0_0_1_02.png,test,0,s0032,0,0,0,1,02,data/raw/mrlEyes_2018_01/s0032/s0032_00083_0_0_0_0_1_02.png
s0017_00428_1_0_0_0_1_01.png,test,0,s0017,1,0,0,1,01,data/raw/mrlEyes_2018_01/s0017/s0017_00428_1_0_0_0_1_01.png
s0027_00028_0_1_0_2_0_01.png,val,0,s0027,0,1,2,0,01,data/raw/mrlEyes_2018_01/s0027/s0027_00028_0_1_0_2_0_01.png
s0012_06655_0_0_1_0_1_01.png,train,1,s0012,0,0,0,1,01,data/raw/mrlEyes_2018_01/s0012/s0012_06655_0_0_1_0_1_01.png
s0011_01601_0_0_1_0_0_01.png,train,1,s0011,0,0,0,0,01,data/raw/mrlEyes_2018_01/s0011/s0011_01601_0_0_1_0_0_01.png
s0006_00161_0_1_0_1_0_01.png,train,0,s0006,0,1,1,0,01,data/raw/mrlEyes_2018_01/s0006/s0006_00161_0_1_0_1_0_01.png
s0023_00345_0_0_1_0_1_01.png,train,1,s0023,0,0,0,1,01,data/raw/mrlEyes_2018_01/s0023/s0023_00345_0_0_1_0_1_01.png
s0014_01677_0_0_0_0_0_01.png,train,0,s0014,0,0,0,0,01,data/raw/mrlEyes_2018_01/s0014/s0014_01677_0_0_0_0_0_01.png
s0030_01334_0_0_1_0_1_01.png,val,1,s0030,0,0,0,1,01,data/raw/mrlEyes_2018_01/s0030/s0030_01334_0_0_1_0_1_01.png
s0019_05093_0_0_1_0_0_01.png,train,1,s0019,0,0,0,0,01,data/raw/mrlEyes_2018_01/s0019/s0019_05093_0_0_1_0_0_01.png
s0031_00039_1_0_0_0_1_02.png,train,0,s0031,1,0,0,1,02,data/raw/mrlEyes_2018_01/s0031/s0031_00039_1_0_0_0_1_02.png
s0009_00373_0_0_1_0_0_01.png,test,1,s0009,0,0,0,0,01,data/raw/mrlEyes_2018_01/s0009/s0009_00373_0_0_1_0_0_01.png
s0013_02789_0_1_0_0_0_01.png,val,0,s0013,0,1,0,0,01,data/raw/mrlEyes_2018_01/s0013/s0013_02789_0_1_0_0_0_01.png
s0023_00015_0_0_0_0_1_01.png,train,0,s0023,0,0,0,1,01,data/raw/mrlEyes_2018_01/s0023/s0023_00015_0_0_0_0_1_01.png
s0031_00139_1_0_0_2_1_02.png,train,0,s0031,1,0,2,1,02,data/raw/mrlEyes_2018_01/s0031/s0031_00139_1_0_0_2_1_02.png
s0037_00832_1_0_0_0_0_01.png,train,0,s0037,1,0,0,0,01,data/raw/mrlEyes_2018_01/s0037/s0037_00832_1_0_0_0_0_01.png
s0027_00253_0_0_1_0_0_01.png,val,1,s0027,0,0,0,0,01,data/raw/mrlEyes_2018_01/s0027/s0027_00253_0_0_1_0_0_01.png
s0018_04036_0_0_1_0_1_01.png,train,1,s0018,0,0,0,1,01,data/raw/mrlEyes_2018_01/s0018/s0018_04036_0_0_1_0_1_01.png
s0018_04181_0_1_1_2_0_01.png,train,1,s0018,0,1,2,0,01,data/raw/mrlEyes_2018_01/s0018/s0018_04181_0_1_1_2_0_01.png
s0035_00583_0_1_1_0_0_02.png,train,1,s0035,0,1,0,0,02,data/raw/mrlEyes_2018_01/s0035/s0035_00583_0_1_1_0_0_02.png
s0023_00030_0_0_0_0_1_01.png,train,0,s0023,0,0,0,1,01,data/raw/mrlEyes_2018_01/s0023/s0023_00030_0_0_0_0_1_01.png
s0012_00538_0_0_0_0_0_01.png,train,0,s0012,0,0,0,0,01,data/raw/mrlEyes_2018_01/s0012/s0012_00538_0_0_0_0_0_01.png
s0010_00350_0_0_1_0_0_01.png,train,1,s0010,0,0,0,0,01,data/raw/mrlEyes_2018_01/s0010/s0010_00350_0_0_1_0_0_01.png
s0032_03492_0_0_1_0_1_02.png,test,1,s0032,0,0,0,1,02,data/raw/mrlEyes_2018_01/s0032/s0032_03492_0_0_1_0_1_02.png
s0035_00019_0_1_0_0_0_02.png,train,0,s0035,0,1,0,0,02,data/raw/mrlEyes_2018_01/s0035/s0035_00019_0_1_0_0_0_02.png
s0023_00221_0_0_1_0_1_01.png,train,1,s0023,0,0,0,1,01,data/raw/mrlEyes_2018_01/s0023/s0023_00221_0_0_1_0_1_01.png
s0006_00030_0_1_0_1_0_01.png,train,0,s0006,0,1,1,0,01,data/raw/mrlEyes_2018_01/s0006/s0006_00030_0_1_0_1_0_01.png
s0002_00625_0_0_0_0_0_01.png,train,0,s0002,0,0,0,0,01,data/raw/mrlEyes_2018_01/s0002/s0002_00625_0_0_0_0_0_01.png
s0013_03462_0_1_1_0_0_01.png,val,1,s0013,0,1,0,0,01,data/raw/mrlEyes_2018_01/s0013/s0013_03462_0_1_1_0_0_01.png
s0036_04990_1_1_1_2_0_01.png,train,1,s0036,1,1,2,0,01,data/raw/mrlEyes_2018_01/s0036/s0036_04990_1_1_1_2_0_01.png
s0011_00053_0_0_0_0_0_01.png,train,0,s0011,0,0,0,0,01,data/raw/mrlEyes_2018_01/s0011/s0011_00053_0_0_0_0_0_01.png
s0003_00050_0_0_0_0_0_01.png,test,0,s0003,0,0,0,0,01,data/raw/mrlEyes_2018_01/s0003/s0003_00050_0_0_0_0_0_01.png
s0013_01878_0_1_0_0_0_01.png,val,0,s0013,0,1,0,0,01,data/raw/mrlEyes_2018_01/s0013/s0013_01878_0_1_0_0_0_01.png
s0027_00083_0_1_0_0_0_01.png,val,0,s0027,0,1,0,0,01,data/raw/mrlEyes_2018_01/s0027/s0027_00083_0_1_0_0_0_01.png
s0035_00207_0_1_1_0_0_02.png,train,1,s0035,0,1,0,0,02,data/raw/mrlEyes_2018_01/s0035/s0035_00207_0_1_1_0_0_02.png
s0028_00441_0_1_1_0_0_01.png,train,1,s0028,0,1,0,0,01,data/raw/mrlEyes_2018_01/s0028/s0028_00441_0_1_1_0_0_01.png
s0027_00068_0_1_0_2_0_01.png,val,0,s0027,0,1,2,0,01,data/raw/mrlEyes_2018_01/s0027/s0027_00068_0_1_0_2_0_01.png
s0021_00031_0_0_0_0_0_01.png,train,0,s0021,0,0,0,0,01,data/raw/mrlEyes_2018_01/s0021/s0021_00031_0_0_0_0_0_01.png
s0029_00062_0_0_0_0_1_01.png,train,0,s0029,0,0,0,1,01,data/raw/mrlEyes_2018_01/s0029/s0029_00062_0_0_0_0_1_01.png
s0020_00009_0_0_0_0_0_01.png,train,0,s0020,0,0,0,0,01,data/raw/mrlEyes_2018_01/s0020/s0020_00009_0_0_0_0_0_01.png
s0013_01267_0_0_0_0_0_01.png,val,0,s0013,0,0,0,0,01,data/raw/mrlEyes_2018_01/s0013/s0013_01267_0_0_0_0_0_01.png
s0036_00819_1_1_0_0_0_01.png,train,0,s0036,1,1,0,0,01,data/raw/mrlEyes_2018_01/s0036/s0036_00819_1_1_0_0_0_01.png
s0023_00049_0_0_0_0_1_01.png,train,0,s0023,0,0,0,1,01,data/raw/mrlEyes_2018_01/s0023/s0023_00049_0_0_0_0_1_01.png
s0036_04594_1_0_1_0_0_01.png,train,1,s0036,1,0,0,0,01,data/raw/mrlEyes_2018_01/s0036/s0036_04594_1_0_1_0_0_01.png
s0033_00089_0_0_0_0_1_01.png,test,0,s0033,0,0,0,1,01,data/raw/mrlEyes_2018_01/s0033/s0033_00089_0_0_0_0_1_01.png
s0010_00394_0_0_1_0_0_01.png,train,1,s0010,0,0,0,0,01,data/raw/mrlEyes_2018_01/s0010/s0010_00394_0_0_1_0_0_01.png
s0003_00650_0_0_1_0_0_01.png,test,1,s0003,0,0,0,0,01,data/raw/mrlEyes_2018_01/s0003/s0003_00650_0_0_1_0_0_01.png
s0001_01335_0_1_0_2_0_01.png,val,0,s0001,0,1,2,0,01,data/raw/mrlEyes_2018_01/s0001/s0001_01335_0_1_0_2_0_01.png
s0020_00025_0_0_0_0_1_01.png,train,0,s0020,0,0,0,1,01,data/raw/mrlEyes_2018_01/s0020/s0020_00025_0_0_0_0_1_01.png
s0010_00364_0_0_1_0_0_01.png,train,1,s0010,0,0,0,0,01,data/raw/mrlEyes_2018_01/s0010/s0010_00364_0_0_1_0_0_01.png
s0036_03919_1_0_1_0_0_01.png,train,1,s0036,1,0,0,0,01,data/raw/mrlEyes_2018_01/s0036/s0036_03919_1_0_1_0_0_01.png
s0030_00898_0_0_1_0_1_01.png,val,1,s0030,0,0,0,1,01,data/raw/mrlEyes_2018_01/s0030/s0030_00898_0_0_1_0_1_01.png
s0027_00092_0_1_0_1_0_01.png,val,0,s0027,0,1,1,0,01,data/raw/mrlEyes_2018_01/s0027/s0027_00092_0_1_0_1_0_01.png
s0022_00248_0_0_1_0_1_01.png,train,1,s0022,0,0,0,1,01,data/raw/mrlEyes_2018_01/s0022/s0022_00248_0_0_1_0_1_01.png
s0034_00050_0_0_0_0_0_02.png,train,0,s0034,0,0,0,0,02,data/raw/mrlEyes_2018_01/s0034/s0034_00050_0_0_0_0_0_02.png
s0012_05571_0_0_1_0_0_03.png,train,1,s0012,0,0,0,0,03,data/raw/mrlEyes_2018_01/s0012/s0012_05571_0_0_1_0_0_03.png
s0028_00540_0_1_1_0_0_01.png,train,1,s0028,0,1,0,0,01,data/raw/mrlEyes_2018_01/s0028/s0028_00540_0_1_1_0_0_01.png
s0028_00419_0_1_1_0_0_01.png,train,1,s0028,0,1,0,0,01,data/raw/mrlEyes_2018_01/s0028/s0028_00419_0_1_1_0_0_01.png
s0014_04152_0_0_1_0_0_01.png,train,1,s0014,0,0,0,0,01,data/raw/mrlEyes_2018_01/s0014/s0014_04152_0_0_1_0_0_01.png
s0007_00595_0_0_0_0_0_01.png,test,0,s0007,0,0,0,0,01,data/raw/mrlEyes_2018_01/s0007/s0007_00595_0_0_0_0_0_01.png
s0030_00132_0_0_0_0_0_01.png,val,0,s0030,0,0,0,0,01,data/raw/mrlEyes_2018_01/s0030/s0030_00132_0_0_0_0_0_01.png
s0031_00093_1_0_0_1_1_02.png,train,0,s0031,1,0,1,1,02,data/raw/mrlEyes_2018_01/s0031/s0031_00093_1_0_0_1_1_02.png
s0035_00489_0_1_1_1_0_02.png,train,1,s0035,0,1,1,0,02,data/raw/mrlEyes_2018_01/s0035/s0035_00489_0_1_1_1_0_02.png
s0025_00065_0_0_0_0_0_01.png,train,0,s0025,0,0,0,0,01,data/raw/mrlEyes_2018_01/s0025/s0025_00065_0_0_0_0_0_01.png
s0035_00108_0_1_1_0_0_02.png,train,1,s0035,0,1,0,0,02,data/raw/mrlEyes_2018_01/s0035/s0035_00108_0_1_1_0_0_02.png
s0009_00383_0_0_1_0_0_01.png,test,1,s0009,0,0,0,0,01,data/raw/mrlEyes_2018_01/s0009/s0009_00383_0_0_1_0_0_01.png
s0022_00070_0_1_0_2_1_01.png,train,0,s0022,0,1,2,1,01,data/raw/mrlEyes_2018_01/s0022/s0022_00070_0_1_0_2_1_01.png
s0007_00238_0_0_0_0_1_01.png,test,0,s0007,0,0,0,1,01,data/raw/mrlEyes_2018_01/s0007/s0007_00238_0_0_0_0_1_01.png
s0027_00073_0_1_0_2_0_01.png,val,0,s0027,0,1,2,0,01,data/raw/mrlEyes_2018_01/s0027/s0027_00073_0_1_0_2_0_01.png
s0010_00305_0_0_0_0_0_01.png,train,0,s0010,0,0,0,0,01,data/raw/mrlEyes_2018_01/s0010/s0010_00305_0_0_0_0_0_01.png
s0019_01467_0_0_0_0_0_01.png,train,0,s0019,0,0,0,0,01,data/raw/mrlEyes_2018_01/s0019/s0019_01467_0_0_0_0_0_01.png
s0021_00971_0_1_1_2_0_01.png,train,1,s0021,0,1,2,0,01,data/raw/mrlEyes_2018_01/s0021/s0021_00971_0_1_1_2_0_01.png
s0013_02077_0_1_0_0_0_01.png,val,0,s0013,0,1,0,0,01,data/raw/mrlEyes_2018_01/s0013/s0013_02077_0_1_0_0_0_01.png
s0022_00079_0_1_0_2_1_01.png,train,0,s0022,0,1,2,1,01,data/raw/mrlEyes_2018_01/s0022/s0022_00079_0_1_0_2_1_01.png
s0015_00903_0_0_1_0_1_01.png,test,1,s0015,0,0,0,1,01,data/raw/mrlEyes_2018_01/s0015/s0015_00903_0_0_1_0_1_01.png
s0032_06066_0_0_1_1_1_02.png,test,1,s0032,0,0,1,1,02,data/raw/mrlEyes_2018_01/s0032/s0032_06066_0_0_1_1_1_02.png
s0002_01042_0_0_1_0_0_01.png,train,1,s0002,0,0,0,0,01,data/raw/mrlEyes_2018_01/s0002/s0002_01042_0_0_1_0_0_01.png
s0019_00148_0_0_0_0_0_01.png,train,0,s0019,0,0,0,0,01,data/raw/mrlEyes_2018_01/s0019/s0019_00148_0_0_0_0_0_01.png
s0007_00132_0_0_0_0_1_01.png,test,0,s0007,0,0,0,1,01,data/raw/mrlEyes_2018_01/s0007/s0007_00132_0_0_0_0_1_01.png
s0025_01217_0_0_1_0_0_01.png,train,1,s0025,0,0,0,0,01,data/raw/mrlEyes_2018_01/s0025/s0025_01217_0_0_1_0_0_01.png
s0013_00416_0_0_0_0_0_01.png,val,0,s0013,0,0,0,0,01,data/raw/mrlEyes_2018_01/s0013/s0013_00416_0_0_0_0_0_01.png
s0019_01629_0_0_0_0_0_01.png,train,0,s0019,0,0,0,0,01,data/raw/mrlEyes_2018_01/s0019/s0019_01629_0_0_0_0_0_01.png
s0015_00303_0_0_0_0_1_01.png,test,0,s0015,0,0,0,1,01,data/raw/mrlEyes_2018_01/s0015/s0015_00303_0_0_0_0_1_01.png
s0004_00019_0_0_0_0_0_01.png,val,0,s0004,0,0,0,0,01,data/raw/mrlEyes_2018_01/s0004/s0004_00019_0_0_0_0_0_01.png
s0017_01414_1_0_1_0_1_01.png,test,1,s0017,1,0,0,1,01,data/raw/mrlEyes_2018_01/s0017/s0017_01414_1_0_1_0_1_01.png
s0006_00664_0_1_0_1_0_01.png,train,0,s0006,0,1,1,0,01,data/raw/mrlEyes_2018_01/s0006/s0006_00664_0_1_0_1_0_01.png
s0032_00038_0_0_0_0_1_02.png,test,0,s0032,0,0,0,1,02,data/raw/mrlEyes_2018_01/s0032/s0032_00038_0_0_0_0_1_02.png
s0028_00426_0_1_1_0_0_01.png,train,1,s0028,0,1,0,0,01,data/raw/mrlEyes_2018_01/s0028/s0028_00426_0_1_1_0_0_01.png
s0014_07850_0_0_1_1_1_02.png,train,1,s0014,0,0,1,1,02,data/raw/mrlEyes_2018_01/s0014/s0014_07850_0_0_1_1_1_02.png
s0020_00218_0_0_1_0_1_01.png,train,1,s0020,0,0,0,1,01,data/raw/mrlEyes_2018_01/s0020/s0020_00218_0_0_1_0_1_01.png
s0034_00146_0_0_1_0_0_02.png,train,1,s0034,0,0,0,0,02,data/raw/mrlEyes_2018_01/s0034/s0034_00146_0_0_1_0_0_02.png
s0004_00914_0_0_0_0_1_01.png,val,0,s0004,0,0,0,1,01,data/raw/mrlEyes_2018_01/s0004/s0004_00914_0_0_0_0_1_01.png
s0037_05218_1_1_0_0_0_01.png,train,0,s0037,1,1,0,0,01,data/raw/mrlEyes_2018_01/s0037/s0037_05218_1_1_0_0_0_01.png
s0002_01090_0_0_1_0_0_01.png,train,1,s0002,0,0,0,0,01,data/raw/mrlEyes_2018_01/s0002/s0002_01090_0_0_1_0_0_01.png
s0027_00051_0_1_0_2_0_01.png,val,0,s0027,0,1,2,0,01,data/raw/mrlEyes_2018_01/s0027/s0027_00051_0_1_0_2_0_01.png
s0036_03492_1_0_1_0_0_01.png,train,1,s0036,1,0,0,0,01,data/raw/mrlEyes_2018_01/s0036/s0036_03492_1_0_1_0_0_01.png
s0011_00831_0_0_0_0_0_01.png,train,0,s0011,0,0,0,0,01,data/raw/mrlEyes_2018_01/s0011/s0011_00831_0_0_0_0_0_01.png
s0030_00165_0_0_0_0_1_01.png,val,0,s0030,0,0,0,1,01,data/raw/mrlEyes_2018_01/s0030/s0030_00165_0_0_0_0_1_01.png
s0035_00032_0_1_1_0_1_02.png,train,1,s0035,0,1,0,1,02,data/raw/mrlEyes_2018_01/s0035/s0035_00032_0_1_1_0_1_02.png
s0017_00525_1_0_0_0_1_01.png,test,0,s0017,1,0,0,1,01,data/raw/mrlEyes_2018_01/s0017/s0017_00525_1_0_0_0_1_01.png
s0016_01725_1_0_1_0_1_01.png,test,1,s0016,1,0,0,1,01,data/raw/mrlEyes_2018_01/s0016/s0016_01725_1_0_1_0_1_01.png
s0032_00043_0_0_0_0_0_02.png,test,0,s0032,0,0,0,0,02,data/raw/mrlEyes_2018_01/s0032/s0032_00043_0_0_0_0_0_02.png
s0011_01590_0_0_1_0_0_01.png,train,1,s0011,0,0,0,0,01,data/raw/mrlEyes_2018_01/s0011/s0011_01590_0_0_1_0_0_01.png
s0013_03401_0_0_1_0_0_01.png,val,1,s0013,0,0,0,0,01,data/raw/mrlEyes_2018_01/s0013/s0013_03401_0_0_1_0_0_01.png
s0028_00580_0_1_1_0_0_01.png,train,1,s0028,0,1,0,0,01,data/raw/mrlEyes_2018_01/s0028/s0028_00580_0_1_1_0_0_01.png
s0005_00663_0_0_0_0_1_01.png,val,0,s0005,0,0,0,1,01,data/raw/mrlEyes_2018_01/s0005/s0005_00663_0_0_0_0_1_01.png
s0031_01491_1_0_1_2_1_02.png,train,1,s0031,1,0,2,1,02,data/raw/mrlEyes_2018_01/s0031/s0031_01491_1_0_1_2_1_02.png
s0027_00008_0_0_0_0_0_01.png,val,0,s0027,0,0,0,0,01,data/raw/mrlEyes_2018_01/s0027/s0027_00008_0_0_0_0_0_01.png
s0032_04269_0_0_1_0_1_02.png,test,1,s0032,0,0,0,1,02,data/raw/mrlEyes_2018_01/s0032/s0032_04269_0_0_1_0_1_02.png
s0035_00258_0_1_1_2_1_02.png,train,1,s0035,0,1,2,1,02,data/raw/mrlEyes_2018_01/s0035/s0035_00258_0_1_1_2_1_02.png
s0016_01889_1_0_1_0_0_01.png,test,1,s0016,1,0,0,0,01,data/raw/mrlEyes_2018_01/s0016/s0016_01889_1_0_1_0_0_01.png
s0023_00010_0_0_0_0_1_01.png,train,0,s0023,0,0,0,1,01,data/raw/mrlEyes_2018_01/s0023/s0023_00010_0_0_0_0_1_01.png
s0010_00306_0_0_0_0_0_01.png,train,0,s0010,0,0,0,0,01,data/raw/mrlEyes_2018_01/s0010/s0010_00306_0_0_0_0_0_01.png
s0002_01019_0_0_1_0_0_01.png,train,1,s0002,0,0,0,0,01,data/raw/mrlEyes_2018_01/s0002/s0002_01019_0_0_1_0_0_01.png
s0017_01434_1_0_1_0_1_01.png,test,1,s0017,1,0,0,1,01,data/raw/mrlEyes_2018_01/s0017/s0017_01434_1_0_1_0_1_01.png
s0003_00577_0_0_1_0_0_01.png,test,1,s0003,0,0,0,0,01,data/raw/mrlEyes_2018_01/s0003/s0003_00577_0_0_1_0_0_01.png
s0027_00139_0_0_1_0_1_01.png,val,1,s0027,0,0,0,1,01,data/raw/mrlEyes_2018_01/s0027/s0027_00139_0_0_1_0_1_01.png
s0024_00239_0_0_1_0_0_01.png,train,1,s0024,0,0,0,0,01,data/raw/mrlEyes_2018_01/s0024/s0024_00239_0_0_1_0_0_01.png
s0004_00473_0_0_0_0_0_01.png,val,0,s0004,0,0,0,0,01,data/raw/mrlEyes_2018_01/s0004/s0004_00473_0_0_0_0_0_01.png
s0017_00644_1_0_0_0_1_01.png,test,0,s0017,1,0,0,1,01,data/raw/mrlEyes_2018_01/s0017/s0017_00644_1_0_0_0_1_01.png
s0015_00384_0_0_0_0_1_01.png,test,0,s0015,0,0,0,1,01,data/raw/mrlEyes_2018_01/s0015/s0015_00384_0_0_0_0_1_01.png
s0002_01083_0_0_1_0_0_01.png,train,1,s0002,0,0,0,0,01,data/raw/mrlEyes_2018_01/s0002/s0002_01083_0_0_1_0_0_01.png
s0020_00015_0_0_0_0_1_01.png,train,0,s0020,0,0,0,1,01,data/raw/mrlEyes_2018_01/s0020/s0020_00015_0_0_0_0_1_01.png
s0007_00619_0_0_1_0_0_01.png,test,1,s0007,0,0,0,0,01,data/raw/mrlEyes_2018_01/s0007/s0007_00619_0_0_1_0_0_01.png
s0007_00530_0_0_0_0_1_01.png,test,0,s0007,0,0,0,1,01,data/raw/mrlEyes_2018_01/s0007/s0007_00530_0_0_0_0_1_01.png
s0024_00120_0_1_0_0_0_01.png,train,0,s0024,0,1,0,0,01,data/raw/mrlEyes_2018_01/s0024/s0024_00120_0_1_0_0_0_01.png
s0026_00885_0_0_1_0_1_01.png,val,1,s0026,0,0,0,1,01,data/raw/mrlEyes_2018_01/s0026/s0026_00885_0_0_1_0_1_01.png
s0003_00208_0_0_0_0_0_01.png,test,0,s0003,0,0,0,0,01,data/raw/mrlEyes_2018_01/s0003/s0003_00208_0_0_0_0_0_01.png
s0007_00624_0_0_1_0_0_01.png,test,1,s0007,0,0,0,0,01,data/raw/mrlEyes_2018_01/s0007/s0007_00624_0_0_1_0_0_01.png
s0010_00389_0_0_1_0_0_01.png,train,1,s0010,0,0,0,0,01,data/raw/mrlEyes_2018_01/s0010/s0010_00389_0_0_1_0_0_01.png
s0024_00186_0_1_0_0_0_01.png,train,0,s0024,0,1,0,0,01,data/raw/mrlEyes_2018_01/s0024/s0024_00186_0_1_0_0_0_01.png
s0032_04501_0_0_1_2_1_02.png,test,1,s0032,0,0,2,1,02,data/raw/mrlEyes_2018_01/s0032/s0032_04501_0_0_1_2_1_02.png
s0002_01011_0_0_1_0_0_01.png,train,1,s0002,0,0,0,0,01,data/raw/mrlEyes_2018_01/s0002/s0002_01011_0_0_1_0_0_01.png
s0009_00344_0_0_0_0_0_01.png,test,0,s0009,0,0,0,0,01,data/raw/mrlEyes_2018_01/s0009/s0009_00344_0_0_0_0_0_01.png
s0014_00260_0_0_0_0_0_01.png,train,0,s0014,0,0,0,0,01,data/raw/mrlEyes_2018_01/s0014/s0014_00260_0_0_0_0_0_01.png
s0024_00702_0_1_1_0_0_01.png,train,1,s0024,0,1,0,0,01,data/raw/mrlEyes_2018_01/s0024/s0024_00702_0_1_1_0_0_01.png
s0023_00439_0_0_1_0_1_01.png,train,1,s0023,0,0,0,1,01,data/raw/mrlEyes_2018_01/s0023/s0023_00439_0_0_1_0_1_01.png
s0002_00444_0_0_0_0_0_01.png,train,0,s0002,0,0,0,0,01,data/raw/mrlEyes_2018_01/s0002/s0002_00444_0_0_0_0_0_01.png
s0005_00686_0_0_0_0_1_01.png,val,0,s0005,0,0,0,1,01,data/raw/mrlEyes_2018_01/s0005/s0005_00686_0_0_0_0_1_01.png
s0011_00961_0_0_0_0_0_01.png,train,0,s0011,0,0,0,0,01,data/raw/mrlEyes_2018_01/s0011/s0011_00961_0_0_0_0_0_01.png
s0037_09440_1_1_1_0_0_01.png,train,1,s0037,1,1,0,0,01,data/raw/mrlEyes_2018_01/s0037/s0037_09440_1_1_1_0_0_01.png
s0032_00023_0_1_0_2_1_02.png,test,0,s0032,0,1,2,1,02,data/raw/mrlEyes_2018_01/s0032/s0032_00023_0_1_0_2_1_02.png
s0006_00559_0_1_0_1_0_01.png,train,0,s0006,0,1,1,0,01,data/raw/mrlEyes_2018_01/s0006/s0006_00559_0_1_0_1_0_01.png
s0025_01042_0_0_1_0_1_01.png,train,1,s0025,0,0,0,1,01,data/raw/mrlEyes_2018_01/s0025/s0025_01042_0_0_1_0_1_01.png
s0018_03184_0_1_0_0_0_01.png,train,0,s0018,0,1,0,0,01,data/raw/mrlEyes_2018_01/s0018/s0018_03184_0_1_0_0_0_01.png
s0023_00285_0_0_1_0_1_01.png,train,1,s0023,0,0,0,1,01,data/raw/mrlEyes_2018_01/s0023/s0023_00285_0_0_1_0_1_01.png
s0021_00606_0_1_1_2_0_01.png,train,1,s0021,0,1,2,0,01,data/raw/mrlEyes_2018_01/s0021/s0021_00606_0_1_1_2_0_01.png
s0006_00376_0_1_0_1_0_01.png,train,0,s0006,0,1,1,0,01,data/raw/mrlEyes_2018_01/s0006/s0006_00376_0_1_0_1_0_01.png
s0023_00014_0_0_0_0_1_01.png,train,0,s0023,0,0,0,1,01,data/raw/mrlEyes_2018_01/s0023/s0023_00014_0_0_0_0_1_01.png
s0030_00153_0_0_0_0_1_01.png,val,0,s0030,0,0,0,1,01,data/raw/mrlEyes_2018_01/s0030/s0030_00153_0_0_0_0_1_01.png
s0031_00064_1_0_0_0_1_02.png,train,0,s0031,1,0,0,1,02,data/raw/mrlEyes_2018_01/s0031/s0031_00064_1_0_0_0_1_02.png
s0001_01880_0_0_1_0_0_01.png,val,1,s0001,0,0,0,0,01,data/raw/mrlEyes_2018_01/s0001/s0001_01880_0_0_1_0_0_01.png
s0025_00019_0_0_0_0_0_01.png,train,0,s0025,0,0,0,0,01,data/raw/mrlEyes_2018_01/s0025/s0025_00019_0_0_0_0_0_01.png
s0018_03136_0_1_0_0_0_01.png,train,0,s0018,0,1,0,0,01,data/raw/mrlEyes_2018_01/s0018/s0018_03136_0_1_0_0_0_01.png
s0029_01184_0_0_1_0_1_01.png,train,1,s0029,0,0,0,1,01,data/raw/mrlEyes_2018_01/s0029/s0029_01184_0_0_1_0_1_01.png
s0019_03139_0_0_1_0_0_01.png,train,1,s0019,0,0,0,0,01,data/raw/mrlEyes_2018_01/s0019/s0019_03139_0_0_1_0_0_01.png
s0012_05491_0_0_1_2_1_03.png,train,1,s0012,0,0,2,1,03,data/raw/mrlEyes_2018_01/s0012/s0012_05491_0_0_1_2_1_03.png
s0012_01430_0_0_0_0_1_01.png,train,0,s0012,0,0,0,1,01,data/raw/mrlEyes_2018_01/s0012/s0012_01430_0_0_0_0_1_01.png
s0003_00612_0_0_1_0_0_01.png,test,1,s0003,0,0,0,0,01,data/raw/mrlEyes_2018_01/s0003/s0003_00612_0_0_1_0_0_01.png
s0034_00575_0_0_1_0_0_02.png,train,1,s0034,0,0,0,0,02,data/raw/mrlEyes_2018_01/s0034/s0034_00575_0_0_1_0_0_02.png
s0013_03557_0_1_1_0_0_01.png,val,1,s0013,0,1,0,0,01,data/raw/mrlEyes_2018_01/s0013/s0013_03557_0_1_1_0_0_01.png
s0034_00486_0_0_1_0_0_02.png,train,1,s0034,0,0,0,0,02,data/raw/mrlEyes_2018_01/s0034/s0034_00486_0_0_1_0_0_02.png
s0019_04719_0_0_1_0_0_01.png,train,1,s0019,0,0,0,0,01,data/raw/mrlEyes_2018_01/s0019/s0019_04719_0_0_1_0_0_01.png
s0016_01851_1_0_1_0_0_01.png,test,1,s0016,1,0,0,0,01,data/raw/mrlEyes_2018_01/s0016/s0016_01851_1_0_1_0_0_01.png
s0030_01260_0_0_1_0_1_01.png,val,1,s0030,0,0,0,1,01,data/raw/mrlEyes_2018_01/s0030/s0030_01260_0_0_1_0_1_01.png
s0028_00391_0_1_1_0_0_01.png,train,1,s0028,0,1,0,0,01,data/raw/mrlEyes_2018_01/s0028/s0028_00391_0_1_1_0_0_01.png
s0022_00071_0_1_0_2_1_01.png,train,0,s0022,0,1,2,1,01,data/raw/mrlEyes_2018_01/s0022/s0022_00071_0_1_0_2_1_01.png
s0017_01617_1_0_1_0_0_01.png,test,1,s0017,1,0,0,0,01,data/raw/mrlEyes_2018_01/s0017/s0017_01617_1_0_1_0_0_01.png
s0012_08380_0_0_1_1_0_02.png,train,1,s0012,0,0,1,0,02,data/raw/mrlEyes_2018_01/s0012/s0012_08380_0_0_1_1_0_02.png
s0035_00484_0_1_1_1_0_02.png,train,1,s0035,0,1,1,0,02,data/raw/mrlEyes_2018_01/s0035/s0035_00484_0_1_1_1_0_02.png
s0037_07707_1_0_1_0_0_01.png,train,1,s0037,1,0,0,0,01,data/raw/mrlEyes_2018_01/s0037/s0037_07707_1_0_1_0_0_01.png
s0025_00128_0_0_0_0_1_01.png,train,0,s0025,0,0,0,1,01,data/raw/mrlEyes_2018_01/s0025/s0025_00128_0_0_0_0_1_01.png
s0028_00667_0_1_1_0_0_01.png,train,1,s0028,0,1,0,0,01,data/raw/mrlEyes_2018_01/s0028/s0028_00667_0_1_1_0_0_01.png
s0036_05978_1_1_1_0_0_01.png,train,1,s0036,1,1,0,0,01,data/raw/mrlEyes_2018_01/s0036/s0036_05978_1_1_1_0_0_01.png
s0012_03202_0_1_0_0_0_01.png,train,0,s0012,0,1,0,0,01,data/raw/mrlEyes_2018_01/s0012/s0012_03202_0_1_0_0_0_01.png
s0019_04818_0_0_1_0_0_01.png,train,1,s0019,0,0,0,0,01,data/raw/mrlEyes_2018_01/s0019/s0019_04818_0_0_1_0_0_01.png
s0026_00054_0_0_0_0_0_01.png,val,0,s0026,0,0,0,0,01,data/raw/mrlEyes_2018_01/s0026/s0026_00054_0_0_0_0_0_01.png
s0025_00093_0_0_0_0_0_01.png,train,0,s0025,0,0,0,0,01,data/raw/mrlEyes_2018_01/s0025/s0025_00093_0_0_0_0_0_01.png
s0021_00079_0_1_0_0_0_01.png,train,0,s0021,0,1,0,0,01,data/raw/mrlEyes_2018_01/s0021/s0021_00079_0_1_0_0_0_01.png
s0014_00501_0_0_0_0_0_01.png,train,0,s0014,0,0,0,0,01,data/raw/mrlEyes_2018_01/s0014/s0014_00501_0_0_0_0_0_01.png
s0019_04625_0_0_1_0_0_01.png,train,1,s0019,0,0,0,0,01,data/raw/mrlEyes_2018_01/s0019/s0019_04625_0_0_1_0_0_01.png
s0018_01470_0_0_0_0_1_01.png,train,0,s0018,0,0,0,1,01,data/raw/mrlEyes_2018_01/s0018/s0018_01470_0_0_0_0_1_01.png
s0011_01643_0_0_1_0_0_01.png,train,1,s0011,0,0,0,0,01,data/raw/mrlEyes_2018_01/s0011/s0011_01643_0_0_1_0_0_01.png
s0031_00180_1_0_0_2_1_02.png,train,0,s0031,1,0,2,1,02,data/raw/mrlEyes_2018_01/s0031/s0031_00180_1_0_0_2_1_02.png
s0036_03077_1_0_1_0_0_01.png,train,1,s0036,1,0,0,0,01,data/raw/mrlEyes_2018_01/s0036/s0036_03077_1_0_1_0_0_01.png
s0001_01492_0_1_0_0_0_01.png,val,0,s0001,0,1,0,0,01,data/raw/mrlEyes_2018_01/s0001/s0001_01492_0_1_0_0_0_01.png
s0021_00387_0_0_1_0_0_01.png,train,1,s0021,0,0,0,0,01,data/raw/mrlEyes_2018_01/s0021/s0021_00387_0_0_1_0_0_01.png
s0031_00063_1_0_0_0_1_02.png,train,0,s0031,1,0,0,1,02,data/raw/mrlEyes_2018_01/s0031/s0031_00063_1_0_0_0_1_02.png
s0027_00325_0_0_1_0_0_01.png,val,1,s0027,0,0,0,0,01,data/raw/mrlEyes_2018_01/s0027/s0027_00325_0_0_1_0_0_01.png
s0013_03348_0_0_1_0_0_01.png,val,1,s0013,0,0,0,0,01,data/raw/mrlEyes_2018_01/s0013/s0013_03348_0_0_1_0_0_01.png
s0019_02005_0_0_0_0_0_01.png,train,0,s0019,0,0,0,0,01,data/raw/mrlEyes_2018_01/s0019/s0019_02005_0_0_0_0_0_01.png
s0022_00035_0_0_0_0_1_01.png,train,0,s0022,0,0,0,1,01,data/raw/mrlEyes_2018_01/s0022/s0022_00035_0_0_0_0_1_01.png
s0002_00812_0_0_0_0_0_01.png,train,0,s0002,0,0,0,0,01,data/raw/mrlEyes_2018_01/s0002/s0002_00812_0_0_0_0_0_01.png
s0029_00018_0_0_0_0_1_01.png,train,0,s0029,0,0,0,1,01,data/raw/mrlEyes_2018_01/s0029/s0029_00018_0_0_0_0_1_01.png
s0031_00768_1_0_1_0_1_02.png,train,1,s0031,1,0,0,1,02,data/raw/mrlEyes_2018_01/s0031/s0031_00768_1_0_1_0_1_02.png
s0036_05559_1_1_1_2_0_01.png,train,1,s0036,1,1,2,0,01,data/raw/mrlEyes_2018_01/s0036/s0036_05559_1_1_1_2_0_01.png
s0029_00780_0_0_1_0_1_01.png,train,1,s0029,0,0,0,1,01,data/raw/mrlEyes_2018_01/s0029/s0029_00780_0_0_1_0_1_01.png
s0029_00608_0_0_1_0_1_01.png,train,1,s0029,0,0,0,1,01,data/raw/mrlEyes_2018_01/s0029/s0029_00608_0_0_1_0_1_01.png
s0001_03015_0_1_1_2_0_01.png,val,1,s0001,0,1,2,0,01,data/raw/mrlEyes_2018_01/s0001/s0001_03015_0_1_1_2_0_01.png
s0011_01638_0_0_1_0_0_01.png,train,1,s0011,0,0,0,0,01,data/raw/mrlEyes_2018_01/s0011/s0011_01638_0_0_1_0_0_01.png
s0029_00090_0_0_0_0_1_01.png,train,0,s0029,0,0,0,1,01,data/raw/mrlEyes_2018_01/s0029/s0029_00090_0_0_0_0_1_01.png
s0036_00714_1_0_0_0_0_01.png,train,0,s0036,1,0,0,0,01,data/raw/mrlEyes_2018_01/s0036/s0036_00714_1_0_0_0_0_01.png
s0021_00422_0_0_1_0_0_01.png,train,1,s0021,0,0,0,0,01,data/raw/mrlEyes_2018_01/s0021/s0021_00422_0_0_1_0_0_01.png
s0036_01625_1_1_0_2_0_01.png,train,0,s0036,1,1,2,0,01,data/raw/mrlEyes_2018_01/s0036/s0036_01625_1_1_0_2_0_01.png
s0013_03516_0_1_1_0_0_01.png,val,1,s0013,0,1,0,0,01,data/raw/mrlEyes_2018_01/s0013/s0013_03516_0_1_1_0_0_01.png
s0011_01326_0_0_0_0_0_01.png,train,0,s0011,0,0,0,0,01,data/raw/mrlEyes_2018_01/s0011/s0011_01326_0_0_0_0_0_01.png
s0011_01557_0_0_1_0_0_01.png,train,1,s0011,0,0,0,0,01,data/raw/mrlEyes_2018_01/s0011/s0011_01557_0_0_1_0_0_01.png
s0010_00106_0_0_0_0_0_01.png,train,0,s0010,0,0,0,0,01,data/raw/mrlEyes_2018_01/s0010/s0010_00106_0_0_0_0_0_01.png
s0017_01030_1_0_0_0_1_01.png,test,0,s0017,1,0,0,1,01,data/raw/mrlEyes_2018_01/s0017/s0017_01030_1_0_0_0_1_01.png
s0022_00039_0_0_0_0_1_01.png,train,0,s0022,0,0,0,1,01,data/raw/mrlEyes_2018_01/s0022/s0022_00039_0_0_0_0_1_01.png
s0034_00018_0_0_0_0_0_02.png,train,0,s0034,0,0,0,0,02,data/raw/mrlEyes_2018_01/s0034/s0034_00018_0_0_0_0_0_02.png
s0018_02148_0_1_0_0_0_01.png,train,0,s0018,0,1,0,0,01,data/raw/mrlEyes_2018_01/s0018/s0018_02148_0_1_0_0_0_01.png
s0024_00010_0_0_0_0_0_01.png,train,0,s0024,0,0,0,0,01,data/raw/mrlEyes_2018_01/s0024/s0024_00010_0_0_0_0_0_01.png
s0034_00080_0_0_0_0_0_02.png,train,0,s0034,0,0,0,0,02,data/raw/mrlEyes_2018_01/s0034/s0034_00080_0_0_0_0_0_02.png
s0025_00190_0_0_1_0_0_01.png,train,1,s0025,0,0,0,0,01,data/raw/mrlEyes_2018_01/s0025/s0025_00190_0_0_1_0_0_01.png
s0018_03827_0_0_1_0_0_01.png,train,1,s0018,0,0,0,0,01,data/raw/mrlEyes_2018_01/s0018/s0018_03827_0_0_1_0_0_01.png
s0026_00423_0_0_1_0_0_01.png,val,1,s0026,0,0,0,0,01,data/raw/mrlEyes_2018_01/s0026/s0026_00423_0_0_1_0_0_01.png
s0036_03705_1_0_1_0_0_01.png,train,1,s0036,1,0,0,0,01,data/raw/mrlEyes_2018_01/s0036/s0036_03705_1_0_1_0_0_01.png
s0022_00188_0_0_1_0_1_01.png,train,1,s0022,0,0,0,1,01,data/raw/mrlEyes_2018_01/s0022/s0022_00188_0_0_1_0_1_01.png
s0033_00502_0_0_1_0_1_01.png,test,1,s0033,0,0,0,1,01,data/raw/mrlEyes_2018_01/s0033/s0033_00502_0_0_1_0_1_01.png
s0017_00307_1_0_0_0_1_01.png,test,0,s0017,1,0,0,1,01,data/raw/mrlEyes_2018_01/s0017/s0017_00307_1_0_0_0_1_01.png
s0012_04052_0_1_0_0_0_01.png,train,0,s0012,0,1,0,0,01,data/raw/mrlEyes_2018_01/s0012/s0012_04052_0_1_0_0_0_01.png
s0034_00057_0_0_0_0_0_02.png,train,0,s0034,0,0,0,0,02,data/raw/mrlEyes_2018_01/s0034/s0034_00057_0_0_0_0_0_02.png
s0029_00106_0_0_0_0_1_01.png,train,0,s0029,0,0,0,1,01,data/raw/mrlEyes_2018_01/s0029/s0029_00106_0_0_0_0_1_01.png
s0029_00235_0_0_1_0_1_01.png,train,1,s0029,0,0,0,1,01,data/raw/mrlEyes_2018_01/s0029/s0029_00235_0_0_1_0_1_01.png
s0025_01384_0_0_1_0_0_01.png,train,1,s0025,0,0,0,0,01,data/raw/mrlEyes_2018_01/s0025/s0025_01384_0_0_1_0_0_01.png
s0013_03498_0_1_1_0_0_01.png,val,1,s0013,0,1,0,0,01,data/raw/mrlEyes_2018_01/s0013/s0013_03498_0_1_1_0_0_01.png
s0026_00483_0_0_1_0_0_01.png,val,1,s0026,0,0,0,0,01,data/raw/mrlEyes_2018_01/s0026/s0026_00483_0_0_1_0_0_01.png
s0022_00072_0_1_0_2_1_01.png,train,0,s0022,0,1,2,1,01,data/raw/mrlEyes_2018_01/s0022/s0022_00072_0_1_0_2_1_01.png
s0025_00038_0_0_0_0_0_01.png,train,0,s0025,0,0,0,0,01,data/raw/mrlEyes_2018_01/s0025/s0025_00038_0_0_0_0_0_01.png
s0003_00532_0_0_0_0_0_01.png,test,0,s0003,0,0,0,0,01,data/raw/mrlEyes_2018_01/s0003/s0003_00532_0_0_0_0_0_01.png
s0025_00500_0_0_1_0_0_01.png,train,1,s0025,0,0,0,0,01,data/raw/mrlEyes_2018_01/s0025/s0025_00500_0_0_1_0_0_01.png
s0029_00185_0_0_1_0_1_01.png,train,1,s0029,0,0,0,1,01,data/raw/mrlEyes_2018_01/s0029/s0029_00185_0_0_1_0_1_01.png
s0031_00190_1_0_0_2_1_02.png,train,0,s0031,1,0,2,1,02,data/raw/mrlEyes_2018_01/s0031/s0031_00190_1_0_0_2_1_02.png
s0001_01248_0_1_0_2_0_01.png,val,0,s0001,0,1,2,0,01,data/raw/mrlEyes_2018_01/s0001/s0001_01248_0_1_0_2_0_01.png
s0015_01006_0_0_1_0_1_01.png,test,1,s0015,0,0,0,1,01,data/raw/mrlEyes_2018_01/s0015/s0015_01006_0_0_1_0_1_01.png
s0016_01657_1_0_0_0_1_01.png,test,0,s0016,1,0,0,1,01,data/raw/mrlEyes_2018_01/s0016/s0016_01657_1_0_0_0_1_01.png
s0018_04049_0_0_1_0_1_01.png,train,1,s0018,0,0,0,1,01,data/raw/mrlEyes_2018_01/s0018/s0018_04049_0_0_1_0_1_01.png
s0009_00083_0_0_0_0_0_01.png,test,0,s0009,0,0,0,0,01,data/raw/mrlEyes_2018_01/s0009/s0009_00083_0_0_0_0_0_01.png
s0021_00374_0_0_1_0_0_01.png,train,1,s0021,0,0,0,0,01,data/raw/mrlEyes_2018_01/s0021/s0021_00374_0_0_1_0_0_01.png
s0015_00805_0_0_1_0_1_01.png,test,1,s0015,0,0,0,1,01,data/raw/mrlEyes_2018_01/s0015/s0015_00805_0_0_1_0_1_01.png
s0032_03694_0_0_1_0_1_02.png,test,1,s0032,0,0,0,1,02,data/raw/mrlEyes_2018_01/s0032/s0032_03694_0_0_1_0_1_02.png
s0016_00109_1_0_0_0_1_01.png,test,0,s0016,1,0,0,1,01,data/raw/mrlEyes_2018_01/s0016/s0016_00109_1_0_0_0_1_01.png
s0002_00606_0_0_0_0_0_01.png,train,0,s0002,0,0,0,0,01,data/raw/mrlEyes_2018_01/s0002/s0002_00606_0_0_0_0_0_01.png
s0002_00694_0_0_0_0_0_01.png,train,0,s0002,0,0,0,0,01,data/raw/mrlEyes_2018_01/s0002/s0002_00694_0_0_0_0_0_01.png
s0002_00892_0_0_0_0_0_01.png,train,0,s0002,0,0,0,0,01,data/raw/mrlEyes_2018_01/s0002/s0002_00892_0_0_0_0_0_01.png
s0001_01904_0_0_1_0_0_01.png,val,1,s0001,0,0,0,0,01,data/raw/mrlEyes_2018_01/s0001/s0001_01904_0_0_1_0_0_01.png
s0018_00091_0_0_0_0_1_01.png,train,0,s0018,0,0,0,1,01,data/raw/mrlEyes_2018_01/s0018/s0018_00091_0_0_0_0_1_01.png
s0017_01171_1_0_0_0_1_01.png,test,0,s0017,1,0,0,1,01,data/raw/mrlEyes_2018_01/s0017/s0017_01171_1_0_0_0_1_01.png
s0035_00134_0_1_1_2_1_02.png,train,1,s0035,0,1,2,1,02,data/raw/mrlEyes_2018_01/s0035/s0035_00134_0_1_1_2_1_02.png
s0019_01161_0_0_0_0_0_01.png,train,0,s0019,0,0,0,0,01,data/raw/mrlEyes_2018_01/s0019/s0019_01161_0_0_0_0_0_01.png
s0024_00007_0_0_0_0_0_01.png,train,0,s0024,0,0,0,0,01,data/raw/mrlEyes_2018_01/s0024/s0024_00007_0_0_0_0_0_01.png
s0012_05861_0_0_1_2_1_03.png,train,1,s0012,0,0,2,1,03,data/raw/mrlEyes_2018_01/s0012/s0012_05861_0_0_1_2_1_03.png
s0032_00813_0_1_1_2_1_02.png,test,1,s0032,0,1,2,1,02,data/raw/mrlEyes_2018_01/s0032/s0032_00813_0_1_1_2_1_02.png
s0024_00123_0_1_0_0_0_01.png,train,0,s0024,0,1,0,0,01,data/raw/mrlEyes_2018_01/s0024/s0024_00123_0_1_0_0_0_01.png
s0003_00114_0_0_0_0_0_01.png,test,0,s0003,0,0,0,0,01,data/raw/mrlEyes_2018_01/s0003/s0003_00114_0_0_0_0_0_01.png
s0011_00903_0_0_0_0_0_01.png,train,0,s0011,0,0,0,0,01,data/raw/mrlEyes_2018_01/s0011/s0011_00903_0_0_0_0_0_01.png
s0004_00979_0_0_0_0_1_01.png,val,0,s0004,0,0,0,1,01,data/raw/mrlEyes_2018_01/s0004/s0004_00979_0_0_0_0_1_01.png
s0012_07095_0_0_1_0_1_01.png,train,1,s0012,0,0,0,1,01,data/raw/mrlEyes_2018_01/s0012/s0012_07095_0_0_1_0_1_01.png
s0029_00120_0_0_0_0_1_01.png,train,0,s0029,0,0,0,1,01,data/raw/mrlEyes_2018_01/s0029/s0029_00120_0_0_0_0_1_01.png
s0037_08262_1_0_1_0_0_01.png,train,1,s0037,1,0,0,0,01,data/raw/mrlEyes_2018_01/s0037/s0037_08262_1_0_1_0_0_01.png
s0022_00008_0_0_0_0_1_01.png,train,0,s0022,0,0,0,1,01,data/raw/mrlEyes_2018_01/s0022/s0022_00008_0_0_0_0_1_01.png
s0003_00624_0_0_1_0_0_01.png,test,1,s0003,0,0,0,0,01,data/raw/mrlEyes_2018_01/s0003/s0003_00624_0_0_1_0_0_01.png
s0025_00123_0_0_0_0_0_01.png,train,0,s0025,0,0,0,0,01,data/raw/mrlEyes_2018_01/s0025/s0025_00123_0_0_0_0_0_01.png
s0005_00193_0_0_0_0_1_01.png,val,0,s0005,0,0,0,1,01,data/raw/mrlEyes_2018_01/s0005/s0005_00193_0_0_0_0_1_01.png
s0018_04192_0_1_1_2_0_01.png,train,1,s0018,0,1,2,0,01,data/raw/mrlEyes_2018_01/s0018/s0018_04192_0_1_1_2_0_01.png
s0006_00922_0_1_0_1_0_01.png,train,0,s0006,0,1,1,0,01,data/raw/mrlEyes_2018_01/s0006/s0006_00922_0_1_0_1_0_01.png
s0037_07525_1_0_1_0_0_01.png,train,1,s0037,1,0,0,0,01,data/raw/mrlEyes_2018_01/s0037/s0037_07525_1_0_1_0_0_01.png
s0021_00082_0_1_0_0_0_01.png,train,0,s0021,0,1,0,0,01,data/raw/mrlEyes_2018_01/s0021/s0021_00082_0_1_0_0_0_01.png
s0035_00542_0_1_1_0_0_02.png,train,1,s0035,0,1,0,0,02,data/raw/mrlEyes_2018_01/s0035/s0035_00542_0_1_1_0_0_02.png
s0025_00027_0_0_0_0_0_01.png,train,0,s0025,0,0,0,0,01,data/raw/mrlEyes_2018_01/s0025/s0025_00027_0_0_0_0_0_01.png
s0025_00993_0_0_1_0_1_01.png,train,1,s0025,0,0,0,1,01,data/raw/mrlEyes_2018_01/s0025/s0025_00993_0_0_1_0_1_01.png
s0022_00058_0_0_0_0_1_01.png,train,0,s0022,0,0,0,1,01,data/raw/mrlEyes_2018_01/s0022/s0022_00058_0_0_0_0_1_01.png
s0018_03948_0_0_1_0_1_01.png,train,1,s0018,0,0,0,1,01,data/raw/mrlEyes_2018_01/s0018/s0018_03948_0_0_1_0_1_01.png
s0011_00391_0_0_0_0_0_01.png,train,0,s0011,0,0,0,0,01,data/raw/mrlEyes_2018_01/s0011/s0011_00391_0_0_0_0_0_01.png
s0021_00071_0_1_0_0_0_01.png,train,0,s0021,0,1,0,0,01,data/raw/mrlEyes_2018_01/s0021/s0021_00071_0_1_0_0_0_01.png
s0021_00076_0_1_0_0_0_01.png,train,0,s0021,0,1,0,0,01,data/raw/mrlEyes_2018_01/s0021/s0021_00076_0_1_0_0_0_01.png
s0021_00019_0_0_0_0_0_01.png,train,0,s0021,0,0,0,0,01,data/raw/mrlEyes_2018_01/s0021/s0021_00019_0_0_0_0_0_01.png
s0001_02533_0_0_1_0_0_01.png,val,1,s0001,0,0,0,0,01,data/raw/mrlEyes_2018_01/s0001/s0001_02533_0_0_1_0_0_01.png
s0028_00250_0_0_1_0_0_01.png,train,1,s0028,0,0,0,0,01,data/raw/mrlEyes_2018_01/s0028/s0028_00250_0_0_1_0_0_01.png
s0014_05327_0_0_1_0_1_01.png,train,1,s0014,0,0,0,1,01,data/raw/mrlEyes_2018_01/s0014/s0014_05327_0_0_1_0_1_01.png
s0023_00022_0_0_0_0_1_01.png,train,0,s0023,0,0,0,1,01,data/raw/mrlEyes_2018_01/s0023/s0023_00022_0_0_0_0_1_01.png
s0027_00078_0_1_0_0_0_01.png,val,0,s0027,0,1,0,0,01,data/raw/mrlEyes_2018_01/s0027/s0027_00078_0_1_0_0_0_01.png
s0023_00318_0_0_1_0_0_01.png,train,1,s0023,0,0,0,0,01,data/raw/mrlEyes_2018_01/s0023/s0023_00318_0_0_1_0_0_01.png
s0022_00093_0_1_0_2_1_01.png,train,0,s0022,0,1,2,1,01,data/raw/mrlEyes_2018_01/s0022/s0022_00093_0_1_0_2_1_01.png
s0011_01209_0_0_0_0_0_01.png,train,0,s0011,0,0,0,0,01,data/raw/mrlEyes_2018_01/s0011/s0011_01209_0_0_0_0_0_01.png
s0004_00354_0_0_0_0_0_01.png,val,0,s0004,0,0,0,0,01,data/raw/mrlEyes_2018_01/s0004/s0004_00354_0_0_0_0_0_01.png
s0004_00067_0_0_0_0_0_01.png,val,0,s0004,0,0,0,0,01,data/raw/mrlEyes_2018_01/s0004/s0004_00067_0_0_0_0_0_01.png
s0022_00276_0_0_1_0_1_01.png,train,1,s0022,0,0,0,1,01,data/raw/mrlEyes_2018_01/s0022/s0022_00276_0_0_1_0_1_01.png
s0029_00173_0_0_0_0_1_01.png,train,0,s0029,0,0,0,1,01,data/raw/mrlEyes_2018_01/s0029/s0029_00173_0_0_0_0_1_01.png
s0012_01602_0_0_0_0_1_01.png,train,0,s0012,0,0,0,1,01,data/raw/mrlEyes_2018_01/s0012/s0012_01602_0_0_0_0_1_01.png
s0029_00117_0_0_0_0_1_01.png,train,0,s0029,0,0,0,1,01,data/raw/mrlEyes_2018_01/s0029/s0029_00117_0_0_0_0_1_01.png
s0029_01275_0_0_1_0_1_01.png,train,1,s0029,0,0,0,1,01,data/raw/mrlEyes_2018_01/s0029/s0029_01275_0_0_1_0_1_01.png
s0023_00151_0_0_1_0_1_01.png,train,1,s0023,0,0,0,1,01,data/raw/mrlEyes_2018_01/s0023/s0023_00151_0_0_1_0_1_01.png
s0011_01535_0_0_1_0_0_01.png,train,1,s0011,0,0,0,0,01,data/raw/mrlEyes_2018_01/s0011/s0011_01535_0_0_1_0_0_01.png
s0010_00030_0_0_0_0_0_01.png,train,0,s0010,0,0,0,0,01,data/raw/mrlEyes_2018_01/s0010/s0010_00030_0_0_0_0_0_01.png
s0012_01292_0_0_0_0_0_03.png,train,0,s0012,0,0,0,0,03,data/raw/mrlEyes_2018_01/s0012/s0012_01292_0_0_0_0_0_03.png
s0020_00687_0_0_1_0_0_01.png,train,1,s0020,0,0,0,0,01,data/raw/mrlEyes_2018_01/s0020/s0020_00687_0_0_1_0_0_01.png
s0011_01603_0_0_1_0_0_01.png,train,1,s0011,0,0,0,0,01,data/raw/mrlEyes_2018_01/s0011/s0011_01603_0_0_1_0_0_01.png
s0014_04298_0_0_1_0_0_01.png,train,1,s0014,0,0,0,0,01,data/raw/mrlEyes_2018_01/s0014/s0014_04298_0_0_1_0_0_01.png
s0025_00081_0_0_0_0_0_01.png,train,0,s0025,0,0,0,0,01,data/raw/mrlEyes_2018_01/s0025/s0025_00081_0_0_0_0_0_01.png
s0021_00133_0_1_0_0_0_01.png,train,0,s0021,0,1,0,0,01,data/raw/mrlEyes_2018_01/s0021/s0021_00133_0_1_0_0_0_01.png
s0021_00456_0_0_1_0_0_01.png,train,1,s0021,0,0,0,0,01,data/raw/mrlEyes_2018_01/s0021/s0021_00456_0_0_1_0_0_01.png
s0019_00557_0_0_0_0_0_01.png,train,0,s0019,0,0,0,0,01,data/raw/mrlEyes_2018_01/s0019/s0019_00557_0_0_0_0_0_01.png
s0021_00077_0_1_0_0_0_01.png,train,0,s0021,0,1,0,0,01,data/raw/mrlEyes_2018_01/s0021/s0021_00077_0_1_0_0_0_01.png
s0004_00930_0_0_0_0_1_01.png,val,0,s0004,0,0,0,1,01,data/raw/mrlEyes_2018_01/s0004/s0004_00930_0_0_0_0_1_01.png
s0014_07450_0_0_1_1_1_02.png,train,1,s0014,0,0,1,1,02,data/raw/mrlEyes_2018_01/s0014/s0014_07450_0_0_1_1_1_02.png
s0007_00161_0_0_0_0_1_01.png,test,0,s0007,0,0,0,1,01,data/raw/mrlEyes_2018_01/s0007/s0007_00161_0_0_0_0_1_01.png
s0006_00565_0_1_0_1_0_01.png,train,0,s0006,0,1,1,0,01,data/raw/mrlEyes_2018_01/s0006/s0006_00565_0_1_0_1_0_01.png
s0005_00308_0_0_0_0_0_01.png,val,0,s0005,0,0,0,0,01,data/raw/mrlEyes_2018_01/s0005/s0005_00308_0_0_0_0_0_01.png
s0012_04608_0_0_1_2_1_03.png,train,1,s0012,0,0,2,1,03,data/raw/mrlEyes_2018_01/s0012/s0012_04608_0_0_1_2_1_03.png
s0002_01091_0_0_1_0_0_01.png,train,1,s0002,0,0,0,0,01,data/raw/mrlEyes_2018_01/s0002/s0002_01091_0_0_1_0_0_01.png
s0012_06533_0_0_1_0_1_01.png,train,1,s0012,0,0,0,1,01,data/raw/mrlEyes_2018_01/s0012/s0012_06533_0_0_1_0_1_01.png
s0010_00018_0_0_0_0_0_01.png,train,0,s0010,0,0,0,0,01,data/raw/mrlEyes_2018_01/s0010/s0010_00018_0_0_0_0_0_01.png
s0015_00957_0_0_1_0_1_01.png,test,1,s0015,0,0,0,1,01,data/raw/mrlEyes_2018_01/s0015/s0015_00957_0_0_1_0_1_01.png
s0036_03697_1_0_1_0_0_01.png,train,1,s0036,1,0,0,0,01,data/raw/mrlEyes_2018_01/s0036/s0036_03697_1_0_1_0_0_01.png
s0002_00030_0_0_0_0_0_01.png,train,0,s0002,0,0,0,0,01,data/raw/mrlEyes_2018_01/s0002/s0002_00030_0_0_0_0_0_01.png
s0037_00341_1_0_0_0_1_01.png,train,0,s0037,1,0,0,1,01,data/raw/mrlEyes_2018_01/s0037/s0037_00341_1_0_0_0_1_01.png
s0004_00561_0_0_0_0_0_01.png,val,0,s0004,0,0,0,0,01,data/raw/mrlEyes_2018_01/s0004/s0004_00561_0_0_0_0_0_01.png
s0018_03593_0_1_0_0_0_01.png,train,0,s0018,0,1,0,0,01,data/raw/mrlEyes_2018_01/s0018/s0018_03593_0_1_0_0_0_01.png
s0022_00327_0_1_1_2_1_01.png,train,1,s0022,0,1,2,1,01,data/raw/mrlEyes_2018_01/s0022/s0022_00327_0_1_1_2_1_01.png
s0030_00218_0_0_0_0_1_01.png,val,0,s0030,0,0,0,1,01,data/raw/mrlEyes_2018_01/s0030/s0030_00218_0_0_0_0_1_01.png
s0035_00162_0_1_1_0_0_02.png,train,1,s0035,0,1,0,0,02,data/raw/mrlEyes_2018_01/s0035/s0035_00162_0_1_1_0_0_02.png
s0014_05401_0_0_1_0_0_01.png,train,1,s0014,0,0,0,0,01,data/raw/mrlEyes_2018_01/s0014/s0014_05401_0_0_1_0_0_01.png
s0014_03196_0_1_0_0_0_01.png,train,0,s0014,0,1,0,0,01,data/raw/mrlEyes_2018_01/s0014/s0014_03196_0_1_0_0_0_01.png
s0026_00130_0_0_0_0_0_01.png,val,0,s0026,0,0,0,0,01,data/raw/mrlEyes_2018_01/s0026/s0026_00130_0_0_0_0_0_01.png
s0030_00856_0_0_1_0_0_01.png,val,1,s0030,0,0,0,0,01,data/raw/mrlEyes_2018_01/s0030/s0030_00856_0_0_1_0_0_01.png
s0003_00065_0_0_0_0_0_01.png,test,0,s0003,0,0,0,0,01,data/raw/mrlEyes_2018_01/s0003/s0003_00065_0_0_0_0_0_01.png
s0015_00979_0_0_1_0_1_01.png,test,1,s0015,0,0,0,1,01,data/raw/mrlEyes_2018_01/s0015/s0015_00979_0_0_1_0_1_01.png
s0024_00147_0_1_0_0_0_01.png,train,0,s0024,0,1,0,0,01,data/raw/mrlEyes_2018_01/s0024/s0024_00147_0_1_0_0_0_01.png
s0011_01579_0_0_1_0_0_01.png,train,1,s0011,0,0,0,0,01,data/raw/mrlEyes_2018_01/s0011/s0011_01579_0_0_1_0_0_01.png
s0014_07811_0_0_1_1_0_02.png,train,1,s0014,0,0,1,0,02,data/raw/mrlEyes_2018_01/s0014/s0014_07811_0_0_1_1_0_02.png
s0024_00555_0_1_1_0_0_01.png,train,1,s0024,0,1,0,0,01,data/raw/mrlEyes_2018_01/s0024/s0024_00555_0_1_1_0_0_01.png
s0033_00374_0_0_1_0_1_01.png,test,1,s0033,0,0,0,1,01,data/raw/mrlEyes_2018_01/s0033/s0033_00374_0_0_1_0_1_01.png
s0004_00736_0_0_0_0_0_01.png,val,0,s0004,0,0,0,0,01,data/raw/mrlEyes_2018_01/s0004/s0004_00736_0_0_0_0_0_01.png
s0003_00133_0_0_0_0_0_01.png,test,0,s0003,0,0,0,0,01,data/raw/mrlEyes_2018_01/s0003/s0003_00133_0_0_0_0_0_01.png
s0032_00067_0_0_0_0_1_02.png,test,0,s0032,0,0,0,1,02,data/raw/mrlEyes_2018_01/s0032/s0032_00067_0_0_0_0_1_02.png
s0012_02493_0_1_0_0_0_01.png,train,0,s0012,0,1,0,0,01,data/raw/mrlEyes_2018_01/s0012/s0012_02493_0_1_0_0_0_01.png
s0021_00074_0_1_0_0_0_01.png,train,0,s0021,0,1,0,0,01,data/raw/mrlEyes_2018_01/s0021/s0021_00074_0_1_0_0_0_01.png
s0036_01245_1_1_0_0_0_01.png,train,0,s0036,1,1,0,0,01,data/raw/mrlEyes_2018_01/s0036/s0036_01245_1_1_0_0_0_01.png
s0024_00569_0_1_1_1_0_01.png,train,1,s0024,0,1,1,0,01,data/raw/mrlEyes_2018_01/s0024/s0024_00569_0_1_1_1_0_01.png
s0002_00692_0_0_0_0_0_01.png,train,0,s0002,0,0,0,0,01,data/raw/mrlEyes_2018_01/s0002/s0002_00692_0_0_0_0_0_01.png
s0020_00322_0_0_1_0_1_01.png,train,1,s0020,0,0,0,1,01,data/raw/mrlEyes_2018_01/s0020/s0020_00322_0_0_1_0_1_01.png
s0002_01103_0_0_1_0_0_01.png,train,1,s0002,0,0,0,0,01,data/raw/mrlEyes_2018_01/s0002/s0002_01103_0_0_1_0_0_01.png
s0031_00323_1_0_1_0_1_02.png,train,1,s0031,1,0,0,1,02,data/raw/mrlEyes_2018_01/s0031/s0031_00323_1_0_1_0_1_02.png
s0025_00070_0_0_0_0_0_01.png,train,0,s0025,0,0,0,0,01,data/raw/mrlEyes_2018_01/s0025/s0025_00070_0_0_0_0_0_01.png
s0011_01523_0_0_1_0_0_01.png,train,1,s0011,0,0,0,0,01,data/raw/mrlEyes_2018_01/s0011/s0011_01523_0_0_1_0_0_01.png
s0031_00053_1_0_0_0_1_02.png,train,0,s0031,1,0,0,1,02,data/raw/mrlEyes_2018_01/s0031/s0031_00053_1_0_0_0_1_02.png
s0029_00835_0_0_1_0_0_01.png,train,1,s0029,0,0,0,0,01,data/raw/mrlEyes_2018_01/s0029/s0029_00835_0_0_1_0_0_01.png
s0001_01480_0_1_0_0_0_01.png,val,0,s0001,0,1,0,0,01,data/raw/mrlEyes_2018_01/s0001/s0001_01480_0_1_0_0_0_01.png
s0017_01268_1_0_0_0_0_01.png,test,0,s0017,1,0,0,0,01,data/raw/mrlEyes_2018_01/s0017/s0017_01268_1_0_0_0_0_01.png
s0005_00368_0_0_0_0_0_01.png,val,0,s0005,0,0,0,0,01,data/raw/mrlEyes_2018_01/s0005/s0005_00368_0_0_0_0_0_01.png
s0001_03227_0_1_1_0_0_01.png,val,1,s0001,0,1,0,0,01,data/raw/mrlEyes_2018_01/s0001/s0001_03227_0_1_1_0_0_01.png
s0025_00610_0_0_1_0_0_01.png,train,1,s0025,0,0,0,0,01,data/raw/mrlEyes_2018_01/s0025/s0025_00610_0_0_1_0_0_01.png
s0025_00014_0_0_0_0_0_01.png,train,0,s0025,0,0,0,0,01,data/raw/mrlEyes_2018_01/s0025/s0025_00014_0_0_0_0_0_01.png
s0022_00212_0_0_1_0_1_01.png,train,1,s0022,0,0,0,1,01,data/raw/mrlEyes_2018_01/s0022/s0022_00212_0_0_1_0_1_01.png
s0036_00337_1_0_0_0_0_01.png,train,0,s0036,1,0,0,0,01,data/raw/mrlEyes_2018_01/s0036/s0036_00337_1_0_0_0_0_01.png
s0025_00045_0_0_0_0_0_01.png,train,0,s0025,0,0,0,0,01,data/raw/mrlEyes_2018_01/s0025/s0025_00045_0_0_0_0_0_01.png
s0019_05909_0_0_1_0_0_01.png,train,1,s0019,0,0,0,0,01,data/raw/mrlEyes_2018_01/s0019/s0019_05909_0_0_1_0_0_01.png
s0036_05348_1_1_1_0_0_01.png,train,1,s0036,1,1,0,0,01,data/raw/mrlEyes_2018_01/s0036/s0036_05348_1_1_1_0_0_01.png
s0005_00088_0_0_0_0_0_01.png,val,0,s0005,0,0,0,0,01,data/raw/mrlEyes_2018_01/s0005/s0005_00088_0_0_0_0_0_01.png
s0008_00363_0_1_0_0_0_01.png,train,0,s0008,0,1,0,0,01,data/raw/mrlEyes_2018_01/s0008/s0008_00363_0_1_0_0_0_01.png
s0028_00684_0_1_1_0_0_01.png,train,1,s0028,0,1,0,0,01,data/raw/mrlEyes_2018_01/s0028/s0028_00684_0_1_1_0_0_01.png
s0005_00211_0_0_0_0_1_01.png,val,0,s0005,0,0,0,1,01,data/raw/mrlEyes_2018_01/s0005/s0005_00211_0_0_0_0_1_01.png
s0023_00520_0_0_1_0_1_01.png,train,1,s0023,0,0,0,1,01,data/raw/mrlEyes_2018_01/s0023/s0023_00520_0_0_1_0_1_01.png
s0022_00037_0_0_0_0_1_01.png,train,0,s0022,0,0,0,1,01,data/raw/mrlEyes_2018_01/s0022/s0022_00037_0_0_0_0_1_01.png
s0022_00085_0_1_0_2_1_01.png,train,0,s0022,0,1,2,1,01,data/raw/mrlEyes_2018_01/s0022/s0022_00085_0_1_0_2_1_01.png
s0036_02416_1_0_1_0_0_01.png,train,1,s0036,1,0,0,0,01,data/raw/mrlEyes_2018_01/s0036/s0036_02416_1_0_1_0_0_01.png
s0031_00353_1_0_1_0_1_02.png,train,1,s0031,1,0,0,1,02,data/raw/mrlEyes_2018_01/s0031/s0031_00353_1_0_1_0_1_02.png
s0009_00386_0_0_1_0_0_01.png,test,1,s0009,0,0,0,0,01,data/raw/mrlEyes_2018_01/s0009/s0009_00386_0_0_1_0_0_01.png
s0004_00081_0_0_0_0_0_01.png,val,0,s0004,0,0,0,0,01,data/raw/mrlEyes_2018_01/s0004/s0004_00081_0_0_0_0_0_01.png
s0014_01978_0_0_0_0_0_01.png,train,0,s0014,0,0,0,0,01,data/raw/mrlEyes_2018_01/s0014/s0014_01978_0_0_0_0_0_01.png
s0018_03590_0_1_0_0_0_01.png,train,0,s0018,0,1,0,0,01,data/raw/mrlEyes_2018_01/s0018/s0018_03590_0_1_0_0_0_01.png
s0010_00342_0_0_1_0_0_01.png,train,1,s0010,0,0,0,0,01,data/raw/mrlEyes_2018_01/s0010/s0010_00342_0_0_1_0_0_01.png
s0007_00026_0_0_0_0_0_01.png,test,0,s0007,0,0,0,0,01,data/raw/mrlEyes_2018_01/s0007/s0007_00026_0_0_0_0_0_01.png
s0023_00005_0_0_0_0_1_01.png,train,0,s0023,0,0,0,1,01,data/raw/mrlEyes_2018_01/s0023/s0023_00005_0_0_0_0_1_01.png
s0019_04261_0_0_1_0_0_01.png,train,1,s0019,0,0,0,0,01,data/raw/mrlEyes_2018_01/s0019/s0019_04261_0_0_1_0_0_01.png
s0016_01730_1_0_1_0_1_01.png,test,1,s0016,1,0,0,1,01,data/raw/mrlEyes_2018_01/s0016/s0016_01730_1_0_1_0_1_01.png
s0019_05929_0_0_1_0_0_01.png,train,1,s0019,0,0,0,0,01,data/raw/mrlEyes_2018_01/s0019/s0019_05929_0_0_1_0_0_01.png
s0001_02502_0_0_1_0_0_01.png,val,1,s0001,0,0,0,0,01,data/raw/mrlEyes_2018_01/s0001/s0001_02502_0_0_1_0_0_01.png
s0001_00448_0_0_0_0_0_01.png,val,0,s0001,0,0,0,0,01,data/raw/mrlEyes_2018_01/s0001/s0001_00448_0_0_0_0_0_01.png
s0022_00022_0_0_0_0_1_01.png,train,0,s0022,0,0,0,1,01,data/raw/mrlEyes_2018_01/s0022/s0022_00022_0_0_0_0_1_01.png
s0031_00166_1_0_0_2_1_02.png,train,0,s0031,1,0,2,1,02,data/raw/mrlEyes_2018_01/s0031/s0031_00166_1_0_0_2_1_02.png
s0016_01831_1_0_1_0_0_01.png,test,1,s0016,1,0,0,0,01,data/raw/mrlEyes_2018_01/s0016/s0016_01831_1_0_1_0_0_01.png
s0023_00267_0_0_1_0_1_01.png,train,1,s0023,0,0,0,1,01,data/raw/mrlEyes_2018_01/s0023/s0023_00267_0_0_1_0_1_01.png
s0014_01735_0_0_0_0_0_01.png,train,0,s0014,0,0,0,0,01,data/raw/mrlEyes_2018_01/s0014/s0014_01735_0_0_0_0_0_01.png
s0024_00073_0_1_0_0_0_01.png,train,0,s0024,0,1,0,0,01,data/raw/mrlEyes_2018_01/s0024/s0024_00073_0_1_0_0_0_01.png
s0016_01883_1_0_1_0_0_01.png,test,1,s0016,1,0,0,0,01,data/raw/mrlEyes_2018_01/s0016/s0016_01883_1_0_1_0_0_01.png
s0024_00174_0_1_0_0_0_01.png,train,0,s0024,0,1,0,0,01,data/raw/mrlEyes_2018_01/s0024/s0024_00174_0_1_0_0_0_01.png
s0034_00011_0_0_0_0_0_02.png,train,0,s0034,0,0,0,0,02,data/raw/mrlEyes_2018_01/s0034/s0034_00011_0_0_0_0_0_02.png
s0029_01043_0_0_1_0_1_01.png,train,1,s0029,0,0,0,1,01,data/raw/mrlEyes_2018_01/s0029/s0029_01043_0_0_1_0_1_01.png
s0021_00184_0_0_1_0_0_01.png,train,1,s0021,0,0,0,0,01,data/raw/mrlEyes_2018_01/s0021/s0021_00184_0_0_1_0_0_01.png
s0036_03321_1_0_1_0_0_01.png,train,1,s0036,1,0,0,0,01,data/raw/mrlEyes_2018_01/s0036/s0036_03321_1_0_1_0_0_01.png
s0005_00139_0_0_0_0_0_01.png,val,0,s0005,0,0,0,0,01,data/raw/mrlEyes_2018_01/s0005/s0005_00139_0_0_0_0_0_01.png
s0012_04645_0_0_1_0_1_03.png,train,1,s0012,0,0,0,1,03,data/raw/mrlEyes_2018_01/s0012/s0012_04645_0_0_1_0_1_03.png
s0024_00032_0_0_0_0_0_01.png,train,0,s0024,0,0,0,0,01,data/raw/mrlEyes_2018_01/s0024/s0024_00032_0_0_0_0_0_01.png
s0012_02400_0_1_0_2_0_01.png,train,0,s0012,0,1,2,0,01,data/raw/mrlEyes_2018_01/s0012/s0012_02400_0_1_0_2_0_01.png
s0031_00234_1_0_0_0_1_02.png,train,0,s0031,1,0,0,1,02,data/raw/mrlEyes_2018_01/s0031/s0031_00234_1_0_0_0_1_02.png
s0014_03173_0_1_0_0_0_01.png,train,0,s0014,0,1,0,0,01,data/raw/mrlEyes_2018_01/s0014/s0014_03173_0_1_0_0_0_01.png
s0009_00371_0_0_1_0_0_01.png,test,1,s0009,0,0,0,0,01,data/raw/mrlEyes_2018_01/s0009/s0009_00371_0_0_1_0_0_01.png
s0031_00005_1_0_0_0_1_02.png,train,0,s0031,1,0,0,1,02,data/raw/mrlEyes_2018_01/s0031/s0031_00005_1_0_0_0_1_02.png
s0022_00005_0_0_0_0_1_01.png,train,0,s0022,0,0,0,1,01,data/raw/mrlEyes_2018_01/s0022/s0022_00005_0_0_0_0_1_01.png
s0021_00223_0_0_1_0_1_01.png,train,1,s0021,0,0,0,1,01,data/raw/mrlEyes_2018_01/s0021/s0021_00223_0_0_1_0_1_01.png
s0036_02475_1_0_1_0_0_01.png,train,1,s0036,1,0,0,0,01,data/raw/mrlEyes_2018_01/s0036/s0036_02475_1_0_1_0_0_01.png
s0036_04345_1_0_1_0_1_01.png,train,1,s0036,1,0,0,1,01,data/raw/mrlEyes_2018_01/s0036/s0036_04345_1_0_1_0_1_01.png
s0013_03434_0_1_1_1_0_01.png,val,1,s0013,0,1,1,0,01,data/raw/mrlEyes_2018_01/s0013/s0013_03434_0_1_1_1_0_01.png
s0025_00085_0_0_0_0_0_01.png,train,0,s0025,0,0,0,0,01,data/raw/mrlEyes_2018_01/s0025/s0025_00085_0_0_0_0_0_01.png
s0031_00014_1_0_0_0_1_02.png,train,0,s0031,1,0,0,1,02,data/raw/mrlEyes_2018_01/s0031/s0031_00014_1_0_0_0_1_02.png
s0015_00281_0_0_0_0_0_01.png,test,0,s0015,0,0,0,0,01,data/raw/mrlEyes_2018_01/s0015/s0015_00281_0_0_0_0_0_01.png
s0006_00708_0_1_0_1_0_01.png,train,0,s0006,0,1,1,0,01,data/raw/mrlEyes_2018_01/s0006/s0006_00708_0_1_0_1_0_01.png
s0001_02070_0_0_1_0_0_01.png,val,1,s0001,0,0,0,0,01,data/raw/mrlEyes_2018_01/s0001/s0001_02070_0_0_1_0_0_01.png
s0013_00093_0_0_0_0_0_01.png,val,0,s0013,0,0,0,0,01,data/raw/mrlEyes_2018_01/s0013/s0013_00093_0_0_0_0_0_01.png
s0010_00170_0_0_0_0_0_01.png,train,0,s0010,0,0,0,0,01,data/raw/mrlEyes_2018_01/s0010/s0010_00170_0_0_0_0_0_01.png
s0033_00092_0_0_0_0_1_01.png,test,0,s0033,0,0,0,1,01,data/raw/mrlEyes_2018_01/s0033/s0033_00092_0_0_0_0_1_01.png
s0032_00091_0_0_0_2_1_02.png,test,0,s0032,0,0,2,1,02,data/raw/mrlEyes_2018_01/s0032/s0032_00091_0_0_0_2_1_02.png
s0026_00155_0_0_0_0_0_01.png,val,0,s0026,0,0,0,0,01,data/raw/mrlEyes_2018_01/s0026/s0026_00155_0_0_0_0_0_01.png
s0017_01388_1_0_1_0_0_01.png,test,1,s0017,1,0,0,0,01,data/raw/mrlEyes_2018_01/s0017/s0017_01388_1_0_1_0_0_01.png
s0017_01496_1_0_1_0_1_01.png,test,1,s0017,1,0,0,1,01,data/raw/mrlEyes_2018_01/s0017/s0017_01496_1_0_1_0_1_01.png
s0008_00726_0_1_0_0_0_01.png,train,0,s0008,0,1,0,0,01,data/raw/mrlEyes_2018_01/s0008/s0008_00726_0_1_0_0_0_01.png
s0001_01972_0_0_1_0_0_01.png,val,1,s0001,0,0,0,0,01,data/raw/mrlEyes_2018_01/s0001/s0001_01972_0_0_1_0_0_01.png
s0026_00148_0_0_0_0_0_01.png,val,0,s0026,0,0,0,0,01,data/raw/mrlEyes_2018_01/s0026/s0026_00148_0_0_0_0_0_01.png
s0001_01096_0_1_0_2_0_01.png,val,0,s0001,0,1,2,0,01,data/raw/mrlEyes_2018_01/s0001/s0001_01096_0_1_0_2_0_01.png
s0034_00527_0_0_1_0_0_02.png,train,1,s0034,0,0,0,0,02,data/raw/mrlEyes_2018_01/s0034/s0034_00527_0_0_1_0_0_02.png
s0018_03980_0_0_1_0_1_01.png,train,1,s0018,0,0,0,1,01,data/raw/mrlEyes_2018_01/s0018/s0018_03980_0_0_1_0_1_01.png
s0034_00368_0_0_1_0_0_02.png,train,1,s0034,0,0,0,0,02,data/raw/mrlEyes_2018_01/s0034/s0034_00368_0_0_1_0_0_02.png
s0019_05344_0_0_1_0_0_01.png,train,1,s0019,0,0,0,0,01,data/raw/mrlEyes_2018_01/s0019/s0019_05344_0_0_1_0_0_01.png
s0015_00031_0_0_0_0_1_01.png,test,0,s0015,0,0,0,1,01,data/raw/mrlEyes_2018_01/s0015/s0015_00031_0_0_0_0_1_01.png
s0013_02979_0_0_1_0_0_01.png,val,1,s0013,0,0,0,0,01,data/raw/mrlEyes_2018_01/s0013/s0013_02979_0_0_1_0_0_01.png
s0026_00269_0_0_0_0_0_01.png,val,0,s0026,0,0,0,0,01,data/raw/mrlEyes_2018_01/s0026/s0026_00269_0_0_0_0_0_01.png
s0024_00481_0_1_1_0_0_01.png,train,1,s0024,0,1,0,0,01,data/raw/mrlEyes_2018_01/s0024/s0024_00481_0_1_1_0_0_01.png
s0012_00362_0_0_0_0_0_01.png,train,0,s0012,0,0,0,0,01,data/raw/mrlEyes_2018_01/s0012/s0012_00362_0_0_0_0_0_01.png
s0001_01844_0_0_1_0_0_01.png,val,1,s0001,0,0,0,0,01,data/raw/mrlEyes_2018_01/s0001/s0001_01844_0_0_1_0_0_01.png
s0013_03343_0_0_1_0_0_01.png,val,1,s0013,0,0,0,0,01,data/raw/mrlEyes_2018_01/s0013/s0013_03343_0_0_1_0_0_01.png
s0024_00257_0_0_1_0_0_01.png,train,1,s0024,0,0,0,0,01,data/raw/mrlEyes_2018_01/s0024/s0024_00257_0_0_1_0_0_01.png
s0021_00083_0_1_0_0_0_01.png,train,0,s0021,0,1,0,0,01,data/raw/mrlEyes_2018_01/s0021/s0021_00083_0_1_0_0_0_01.png
s0005_00010_0_0_0_0_0_01.png,val,0,s0005,0,0,0,0,01,data/raw/mrlEyes_2018_01/s0005/s0005_00010_0_0_0_0_0_01.png
s0019_04215_0_0_1_0_1_01.png,train,1,s0019,0,0,0,1,01,data/raw/mrlEyes_2018_01/s0019/s0019_04215_0_0_1_0_1_01.png
s0030_00727_0_0_1_0_0_01.png,val,1,s0030,0,0,0,0,01,data/raw/mrlEyes_2018_01/s0030/s0030_00727_0_0_1_0_0_01.png
s0018_00722_0_0_0_0_1_01.png,train,0,s0018,0,0,0,1,01,data/raw/mrlEyes_2018_01/s0018/s0018_00722_0_0_0_0_1_01.png
s0016_00626_1_0_0_0_1_01.png,test,0,s0016,1,0,0,1,01,data/raw/mrlEyes_2018_01/s0016/s0016_00626_1_0_0_0_1_01.png
s0024_00176_0_1_0_0_0_01.png,train,0,s0024,0,1,0,0,01,data/raw/mrlEyes_2018_01/s0024/s0024_00176_0_1_0_0_0_01.png
s0036_05435_1_1_1_0_0_01.png,train,1,s0036,1,1,0,0,01,data/raw/mrlEyes_2018_01/s0036/s0036_05435_1_1_1_0_0_01.png
s0025_01280_0_0_1_0_1_01.png,train,1,s0025,0,0,0,1,01,data/raw/mrlEyes_2018_01/s0025/s0025_01280_0_0_1_0_1_01.png
s0023_00196_0_0_1_0_1_01.png,train,1,s0023,0,0,0,1,01,data/raw/mrlEyes_2018_01/s0023/s0023_00196_0_0_1_0_1_01.png
s0036_02103_1_0_1_0_0_01.png,train,1,s0036,1,0,0,0,01,data/raw/mrlEyes_2018_01/s0036/s0036_02103_1_0_1_0_0_01.png
s0036_01640_1_1_0_2_0_01.png,train,0,s0036,1,1,2,0,01,data/raw/mrlEyes_2018_01/s0036/s0036_01640_1_1_0_2_0_01.png
s0016_01841_1_0_1_0_0_01.png,test,1,s0016,1,0,0,0,01,data/raw/mrlEyes_2018_01/s0016/s0016_01841_1_0_1_0_0_01.png
s0010_00365_0_0_1_0_0_01.png,train,1,s0010,0,0,0,0,01,data/raw/mrlEyes_2018_01/s0010/s0010_00365_0_0_1_0_0_01.png
s0011_01569_0_0_1_0_0_01.png,train,1,s0011,0,0,0,0,01,data/raw/mrlEyes_2018_01/s0011/s0011_01569_0_0_1_0_0_01.png
s0018_00436_0_0_0_0_1_01.png,train,0,s0018,0,0,0,1,01,data/raw/mrlEyes_2018_01/s0018/s0018_00436_0_0_0_0_1_01.png
s0014_05272_0_0_1_0_1_01.png,train,1,s0014,0,0,0,1,01,data/raw/mrlEyes_2018_01/s0014/s0014_05272_0_0_1_0_1_01.png
s0029_00105_0_0_0_0_1_01.png,train,0,s0029,0,0,0,1,01,data/raw/mrlEyes_2018_01/s0029/s0029_00105_0_0_0_0_1_01.png
s0003_00005_0_0_0_0_0_01.png,test,0,s0003,0,0,0,0,01,data/raw/mrlEyes_2018_01/s0003/s0003_00005_0_0_0_0_0_01.png
s0013_03143_0_0_1_0_0_01.png,val,1,s0013,0,0,0,0,01,data/raw/mrlEyes_2018_01/s0013/s0013_03143_0_0_1_0_0_01.png
s0029_01080_0_0_1_0_0_01.png,train,1,s0029,0,0,0,0,01,data/raw/mrlEyes_2018_01/s0029/s0029_01080_0_0_1_0_0_01.png
s0012_04919_0_0_1_2_1_03.png,train,1,s0012,0,0,2,1,03,data/raw/mrlEyes_2018_01/s0012/s0012_04919_0_0_1_2_1_03.png
s0016_01793_1_0_1_0_1_01.png,test,1,s0016,1,0,0,1,01,data/raw/mrlEyes_2018_01/s0016/s0016_01793_1_0_1_0_1_01.png
s0034_00075_0_0_0_0_0_02.png,train,0,s0034,0,0,0,0,02,data/raw/mrlEyes_2018_01/s0034/s0034_00075_0_0_0_0_0_02.png
s0002_00589_0_0_0_0_0_01.png,train,0,s0002,0,0,0,0,01,data/raw/mrlEyes_2018_01/s0002/s0002_00589_0_0_0_0_0_01.png
s0034_00017_0_0_0_0_0_02.png,train,0,s0034,0,0,0,0,02,data/raw/mrlEyes_2018_01/s0034/s0034_00017_0_0_0_0_0_02.png
s0009_00098_0_0_0_0_0_01.png,test,0,s0009,0,0,0,0,01,data/raw/mrlEyes_2018_01/s0009/s0009_00098_0_0_0_0_0_01.png
s0036_00204_1_0_0_0_1_01.png,train,0,s0036,1,0,0,1,01,data/raw/mrlEyes_2018_01/s0036/s0036_00204_1_0_0_0_1_01.png
s0009_00382_0_0_1_0_0_01.png,test,1,s0009,0,0,0,0,01,data/raw/mrlEyes_2018_01/s0009/s0009_00382_0_0_1_0_0_01.png
s0023_00029_0_0_0_0_1_01.png,train,0,s0023,0,0,0,1,01,data/raw/mrlEyes_2018_01/s0023/s0023_00029_0_0_0_0_1_01.png
s0033_00001_0_0_0_0_1_01.png,test,0,s0033,0,0,0,1,01,data/raw/mrlEyes_2018_01/s0033/s0033_00001_0_0_0_0_1_01.png
s0034_00552_0_0_1_0_0_02.png,train,1,s0034,0,0,0,0,02,data/raw/mrlEyes_2018_01/s0034/s0034_00552_0_0_1_0_0_02.png
s0005_00491_0_0_0_0_0_01.png,val,0,s0005,0,0,0,0,01,data/raw/mrlEyes_2018_01/s0005/s0005_00491_0_0_0_0_0_01.png
s0018_00342_0_0_0_0_1_01.png,train,0,s0018,0,0,0,1,01,data/raw/mrlEyes_2018_01/s0018/s0018_00342_0_0_0_0_1_01.png
s0013_03511_0_1_1_0_0_01.png,val,1,s0013,0,1,0,0,01,data/raw/mrlEyes_2018_01/s0013/s0013_03511_0_1_1_0_0_01.png
s0029_00730_0_0_1_0_1_01.png,train,1,s0029,0,0,0,1,01,data/raw/mrlEyes_2018_01/s0029/s0029_00730_0_0_1_0_1_01.png
s0014_08396_0_0_1_1_1_02.png,train,1,s0014,0,0,1,1,02,data/raw/mrlEyes_2018_01/s0014/s0014_08396_0_0_1_1_1_02.png
s0005_00564_0_0_0_0_0_01.png,val,0,s0005,0,0,0,0,01,data/raw/mrlEyes_2018_01/s0005/s0005_00564_0_0_0_0_0_01.png
s0011_01574_0_0_1_0_0_01.png,train,1,s0011,0,0,0,0,01,data/raw/mrlEyes_2018_01/s0011/s0011_01574_0_0_1_0_0_01.png
s0016_01440_1_0_0_0_1_01.png,test,0,s0016,1,0,0,1,01,data/raw/mrlEyes_2018_01/s0016/s0016_01440_1_0_0_0_1_01.png
s0015_00319_0_0_0_0_1_01.png,test,0,s0015,0,0,0,1,01,data/raw/mrlEyes_2018_01/s0015/s0015_00319_0_0_0_0_1_01.png
s0035_00293_0_1_1_1_0_02.png,train,1,s0035,0,1,1,0,02,data/raw/mrlEyes_2018_01/s0035/s0035_00293_0_1_1_1_0_02.png
s0020_00379_0_0_1_0_1_01.png,train,1,s0020,0,0,0,1,01,data/raw/mrlEyes_2018_01/s0020/s0020_00379_0_0_1_0_1_01.png
s0034_00028_0_0_0_0_0_02.png,train,0,s0034,0,0,0,0,02,data/raw/mrlEyes_2018_01/s0034/s0034_00028_0_0_0_0_0_02.png
s0027_00044_0_1_0_2_0_01.png,val,0,s0027,0,1,2,0,01,data/raw/mrlEyes_2018_01/s0027/s0027_00044_0_1_0_2_0_01.png
s0016_01882_1_0_1_0_0_01.png,test,1,s0016,1,0,0,0,01,data/raw/mrlEyes_2018_01/s0016/s0016_01882_1_0_1_0_0_01.png
s0029_00031_0_0_0_0_1_01.png,train,0,s0029,0,0,0,1,01,data/raw/mrlEyes_2018_01/s0029/s0029_00031_0_0_0_0_1_01.png
s0014_08345_0_0_1_1_0_02.png,train,1,s0014,0,0,1,0,02,data/raw/mrlEyes_2018_01/s0014/s0014_08345_0_0_1_1_0_02.png
s0027_00505_0_1_1_0_0_01.png,val,1,s0027,0,1,0,0,01,data/raw/mrlEyes_2018_01/s0027/s0027_00505_0_1_1_0_0_01.png
s0010_00363_0_0_1_0_0_01.png,train,1,s0010,0,0,0,0,01,data/raw/mrlEyes_2018_01/s0010/s0010_00363_0_0_1_0_0_01.png
s0024_00227_0_0_1_0_0_01.png,train,1,s0024,0,0,0,0,01,data/raw/mrlEyes_2018_01/s0024/s0024_00227_0_0_1_0_0_01.png
s0026_00853_0_0_1_0_0_01.png,val,1,s0026,0,0,0,0,01,data/raw/mrlEyes_2018_01/s0026/s0026_00853_0_0_1_0_0_01.png
s0003_00604_0_0_1_0_0_01.png,test,1,s0003,0,0,0,0,01,data/raw/mrlEyes_2018_01/s0003/s0003_00604_0_0_1_0_0_01.png
s0037_01204_1_0_0_0_1_01.png,train,0,s0037,1,0,0,1,01,data/raw/mrlEyes_2018_01/s0037/s0037_01204_1_0_0_0_1_01.png
s0006_00405_0_1_0_1_0_01.png,train,0,s0006,0,1,1,0,01,data/raw/mrlEyes_2018_01/s0006/s0006_00405_0_1_0_1_0_01.png
s0028_00007_0_0_0_0_0_01.png,train,0,s0028,0,0,0,0,01,data/raw/mrlEyes_2018_01/s0028/s0028_00007_0_0_0_0_0_01.png
s0011_00946_0_0_0_0_0_01.png,train,0,s0011,0,0,0,0,01,data/raw/mrlEyes_2018_01/s0011/s0011_00946_0_0_0_0_0_01.png
s0020_00548_0_0_1_0_0_01.png,train,1,s0020,0,0,0,0,01,data/raw/mrlEyes_2018_01/s0020/s0020_00548_0_0_1_0_0_01.png
s0011_01176_0_0_0_0_0_01.png,train,0,s0011,0,0,0,0,01,data/raw/mrlEyes_2018_01/s0011/s0011_01176_0_0_0_0_0_01.png
s0005_00162_0_0_0_0_0_01.png,val,0,s0005,0,0,0,0,01,data/raw/mrlEyes_2018_01/s0005/s0005_00162_0_0_0_0_0_01.png
s0036_01680_1_1_0_0_0_01.png,train,0,s0036,1,1,0,0,01,data/raw/mrlEyes_2018_01/s0036/s0036_01680_1_1_0_0_0_01.png
s0037_04360_1_1_0_0_0_01.png,train,0,s0037,1,1,0,0,01,data/raw/mrlEyes_2018_01/s0037/s0037_04360_1_1_0_0_0_01.png
s0009_00366_0_0_1_0_0_01.png,test,1,s0009,0,0,0,0,01,data/raw/mrlEyes_2018_01/s0009/s0009_00366_0_0_1_0_0_01.png
s0031_00094_1_0_0_0_1_02.png,train,0,s0031,1,0,0,1,02,data/raw/mrlEyes_2018_01/s0031/s0031_00094_1_0_0_0_1_02.png
s0003_00596_0_0_1_0_0_01.png,test,1,s0003,0,0,0,0,01,data/raw/mrlEyes_2018_01/s0003/s0003_00596_0_0_1_0_0_01.png
s0027_00429_0_1_1_2_0_01.png,val,1,s0027,0,1,2,0,01,data/raw/mrlEyes_2018_01/s0027/s0027_00429_0_1_1_2_0_01.png
s0025_00485_0_0_1_0_0_01.png,train,1,s0025,0,0,0,0,01,data/raw/mrlEyes_2018_01/s0025/s0025_00485_0_0_1_0_0_01.png
s0023_00197_0_0_1_0_1_01.png,train,1,s0023,0,0,0,1,01,data/raw/mrlEyes_2018_01/s0023/s0023_00197_0_0_1_0_1_01.png
s0001_00284_0_0_0_0_0_01.png,val,0,s0001,0,0,0,0,01,data/raw/mrlEyes_2018_01/s0001/s0001_00284_0_0_0_0_0_01.png
s0029_00071_0_0_0_0_1_01.png,train,0,s0029,0,0,0,1,01,data/raw/mrlEyes_2018_01/s0029/s0029_00071_0_0_0_0_1_01.png
s0013_02733_0_1_0_0_0_01.png,val,0,s0013,0,1,0,0,01,data/raw/mrlEyes_2018_01/s0013/s0013_02733_0_1_0_0_0_01.png
s0023_00066_0_0_1_1_1_01.png,train,1,s0023,0,0,1,1,01,data/raw/mrlEyes_2018_01/s0023/s0023_00066_0_0_1_1_1_01.png
s0037_07328_1_0_1_0_0_01.png,train,1,s0037,1,0,0,0,01,data/raw/mrlEyes_2018_01/s0037/s0037_07328_1_0_1_0_0_01.png
s0018_00978_0_0_0_0_0_01.png,train,0,s0018,0,0,0,0,01,data/raw/mrlEyes_2018_01/s0018/s0018_00978_0_0_0_0_0_01.png
s0013_02987_0_0_1_0_0_01.png,val,1,s0013,0,0,0,0,01,data/raw/mrlEyes_2018_01/s0013/s0013_02987_0_0_1_0_0_01.png
s0002_00605_0_0_0_0_0_01.png,train,0,s0002,0,0,0,0,01,data/raw/mrlEyes_2018_01/s0002/s0002_00605_0_0_0_0_0_01.png
s0016_00410_1_0_0_0_1_01.png,test,0,s0016,1,0,0,1,01,data/raw/mrlEyes_2018_01/s0016/s0016_00410_1_0_0_0_1_01.png
s0011_01567_0_0_1_0_0_01.png,train,1,s0011,0,0,0,0,01,data/raw/mrlEyes_2018_01/s0011/s0011_01567_0_0_1_0_0_01.png
s0003_00639_0_0_1_0_0_01.png,test,1,s0003,0,0,0,0,01,data/raw/mrlEyes_2018_01/s0003/s0003_00639_0_0_1_0_0_01.png
s0018_00178_0_0_0_0_1_01.png,train,0,s0018,0,0,0,1,01,data/raw/mrlEyes_2018_01/s0018/s0018_00178_0_0_0_0_1_01.png
s0014_04155_0_0_1_0_0_01.png,train,1,s0014,0,0,0,0,01,data/raw/mrlEyes_2018_01/s0014/s0014_04155_0_0_1_0_0_01.png
s0014_04642_0_0_1_1_1_03.png,train,1,s0014,0,0,1,1,03,data/raw/mrlEyes_2018_01/s0014/s0014_04642_0_0_1_1_1_03.png
s0035_00294_0_1_1_2_1_02.png,train,1,s0035,0,1,2,1,02,data/raw/mrlEyes_2018_01/s0035/s0035_00294_0_1_1_2_1_02.png
s0023_00006_0_0_0_0_1_01.png,train,0,s0023,0,0,0,1,01,data/raw/mrlEyes_2018_01/s0023/s0023_00006_0_0_0_0_1_01.png
s0018_03780_0_0_1_0_1_01.png,train,1,s0018,0,0,0,1,01,data/raw/mrlEyes_2018_01/s0018/s0018_03780_0_0_1_0_1_01.png
s0003_00677_0_0_1_0_0_01.png,test,1,s0003,0,0,0,0,01,data/raw/mrlEyes_2018_01/s0003/s0003_00677_0_0_1_0_0_01.png
s0037_04035_1_1_0_2_0_01.png,train,0,s0037,1,1,2,0,01,data/raw/mrlEyes_2018_01/s0037/s0037_04035_1_1_0_2_0_01.png
s0003_00678_0_0_1_0_0_01.png,test,1,s0003,0,0,0,0,01,data/raw/mrlEyes_2018_01/s0003/s0003_00678_0_0_1_0_0_01.png
s0027_00441_0_1_1_2_1_01.png,val,1,s0027,0,1,2,1,01,data/raw/mrlEyes_2018_01/s0027/s0027_00441_0_1_1_2_1_01.png
s0019_05793_0_0_1_0_0_01.png,train,1,s0019,0,0,0,0,01,data/raw/mrlEyes_2018_01/s0019/s0019_05793_0_0_1_0_0_01.png
s0011_00710_0_0_0_0_0_01.png,train,0,s0011,0,0,0,0,01,data/raw/mrlEyes_2018_01/s0011/s0011_00710_0_0_0_0_0_01.png
s0025_01215_0_0_1_0_0_01.png,train,1,s0025,0,0,0,0,01,data/raw/mrlEyes_2018_01/s0025/s0025_01215_0_0_1_0_0_01.png
s0014_02098_0_0_0_0_0_01.png,train,0,s0014,0,0,0,0,01,data/raw/mrlEyes_2018_01/s0014/s0014_02098_0_0_0_0_0_01.png
s0018_03900_0_0_1_1_1_01.png,train,1,s0018,0,0,1,1,01,data/raw/mrlEyes_2018_01/s0018/s0018_03900_0_0_1_1_1_01.png
s0015_00079_0_0_0_0_1_01.png,test,0,s0015,0,0,0,1,01,data/raw/mrlEyes_2018_01/s0015/s0015_00079_0_0_0_0_1_01.png
s0025_00008_0_0_0_0_1_01.png,train,0,s0025,0,0,0,1,01,data/raw/mrlEyes_2018_01/s0025/s0025_00008_0_0_0_0_1_01.png
s0017_01090_1_0_0_0_0_01.png,test,0,s0017,1,0,0,0,01,data/raw/mrlEyes_2018_01/s0017/s0017_01090_1_0_0_0_0_01.png
s0034_00079_0_0_0_0_0_02.png,train,0,s0034,0,0,0,0,02,data/raw/mrlEyes_2018_01/s0034/s0034_00079_0_0_0_0_0_02.png
s0006_00905_0_1_0_1_0_01.png,train,0,s0006,0,1,1,0,01,data/raw/mrlEyes_2018_01/s0006/s0006_00905_0_1_0_1_0_01.png
s0015_00955_0_0_1_0_1_01.png,test,1,s0015,0,0,0,1,01,data/raw/mrlEyes_2018_01/s0015/s0015_00955_0_0_1_0_1_01.png
s0028_00017_0_0_1_0_0_01.png,train,1,s0028,0,0,0,0,01,data/raw/mrlEyes_2018_01/s0028/s0028_00017_0_0_1_0_0_01.png
s0030_00945_0_0_1_0_0_01.png,val,1,s0030,0,0,0,0,01,data/raw/mrlEyes_2018_01/s0030/s0030_00945_0_0_1_0_0_01.png
s0033_00453_0_0_1_0_1_01.png,test,1,s0033,0,0,0,1,01,data/raw/mrlEyes_2018_01/s0033/s0033_00453_0_0_1_0_1_01.png
s0026_01232_0_0_1_0_0_01.png,val,1,s0026,0,0,0,0,01,data/raw/mrlEyes_2018_01/s0026/s0026_01232_0_0_1_0_0_01.png
s0016_00248_1_0_0_0_1_01.png,test,0,s0016,1,0,0,1,01,data/raw/mrlEyes_2018_01/s0016/s0016_00248_1_0_0_0_1_01.png
s0032_00095_0_0_0_2_1_02.png,test,0,s0032,0,0,2,1,02,data/raw/mrlEyes_2018_01/s0032/s0032_00095_0_0_0_2_1_02.png
s0029_00028_0_0_0_0_1_01.png,train,0,s0029,0,0,0,1,01,data/raw/mrlEyes_2018_01/s0029/s0029_00028_0_0_0_0_1_01.png
s0008_00291_0_1_0_0_0_01.png,train,0,s0008,0,1,0,0,01,data/raw/mrlEyes_2018_01/s0008/s0008_00291_0_1_0_0_0_01.png
s0033_00013_0_0_0_0_1_01.png,test,0,s0033,0,0,0,1,01,data/raw/mrlEyes_2018_01/s0033/s0033_00013_0_0_0_0_1_01.png
s0020_00641_0_0_1_0_0_01.png,train,1,s0020,0,0,0,0,01,data/raw/mrlEyes_2018_01/s0020/s0020_00641_0_0_1_0_0_01.png
s0024_00320_0_0_1_0_0_01.png,train,1,s0024,0,0,0,0,01,data/raw/mrlEyes_2018_01/s0024/s0024_00320_0_0_1_0_0_01.png
s0020_00308_0_0_1_0_1_01.png,train,1,s0020,0,0,0,1,01,data/raw/mrlEyes_2018_01/s0020/s0020_00308_0_0_1_0_1_01.png
s0031_01196_1_0_1_2_1_02.png,train,1,s0031,1,0,2,1,02,data/raw/mrlEyes_2018_01/s0031/s0031_01196_1_0_1_2_1_02.png
s0021_00685_0_1_1_2_0_01.png,train,1,s0021,0,1,2,0,01,data/raw/mrlEyes_2018_01/s0021/s0021_00685_0_1_1_2_0_01.png
s0030_01237_0_0_1_0_0_01.png,val,1,s0030,0,0,0,0,01,data/raw/mrlEyes_2018_01/s0030/s0030_01237_0_0_1_0_0_01.png
s0011_00261_0_0_0_0_0_01.png,train,0,s0011,0,0,0,0,01,data/raw/mrlEyes_2018_01/s0011/s0011_00261_0_0_0_0_0_01.png
s0008_00145_0_1_0_1_0_01.png,train,0,s0008,0,1,1,0,01,data/raw/mrlEyes_2018_01/s0008/s0008_00145_0_1_0_1_0_01.png
s0014_00579_0_0_0_0_0_01.png,train,0,s0014,0,0,0,0,01,data/raw/mrlEyes_2018_01/s0014/s0014_00579_0_0_0_0_0_01.png
s0022_00060_0_1_0_0_1_01.png,train,0,s0022,0,1,0,1,01,data/raw/mrlEyes_2018_01/s0022/s0022_00060_0_1_0_0_1_01.png
s0024_00259_0_0_1_0_0_01.png,train,1,s0024,0,0,0,0,01,data/raw/mrlEyes_2018_01/s0024/s0024_00259_0_0_1_0_0_01.png
s0024_00290_0_0_1_0_0_01.png,train,1,s0024,0,0,0,0,01,data/raw/mrlEyes_2018_01/s0024/s0024_00290_0_0_1_0_0_01.png
s0033_00491_0_0_1_0_1_01.png,test,1,s0033,0,0,0,1,01,data/raw/mrlEyes_2018_01/s0033/s0033_00491_0_0_1_0_1_01.png
s0036_01833_1_1_0_0_0_01.png,train,0,s0036,1,1,0,0,01,data/raw/mrlEyes_2018_01/s0036/s0036_01833_1_1_0_0_0_01.png
s0015_00837_0_0_1_0_1_01.png,test,1,s0015,0,0,0,1,01,data/raw/mrlEyes_2018_01/s0015/s0015_00837_0_0_1_0_1_01.png
s0030_00203_0_0_0_0_1_01.png,val,0,s0030,0,0,0,1,01,data/raw/mrlEyes_2018_01/s0030/s0030_00203_0_0_0_0_1_01.png
s0016_01749_1_0_1_0_1_01.png,test,1,s0016,1,0,0,1,01,data/raw/mrlEyes_2018_01/s0016/s0016_01749_1_0_1_0_1_01.png
s0005_00197_0_0_0_0_1_01.png,val,0,s0005,0,0,0,1,01,data/raw/mrlEyes_2018_01/s0005/s0005_00197_0_0_0_0_1_01.png
s0013_03553_0_1_1_0_0_01.png,val,1,s0013,0,1,0,0,01,data/raw/mrlEyes_2018_01/s0013/s0013_03553_0_1_1_0_0_01.png
s0029_00151_0_0_0_0_1_01.png,train,0,s0029,0,0,0,1,01,data/raw/mrlEyes_2018_01/s0029/s0029_00151_0_0_0_0_1_01.png
s0006_00008_0_1_0_1_0_01.png,train,0,s0006,0,1,1,0,01,data/raw/mrlEyes_2018_01/s0006/s0006_00008_0_1_0_1_0_01.png
s0012_05704_0_0_1_0_0_03.png,train,1,s0012,0,0,0,0,03,data/raw/mrlEyes_2018_01/s0012/s0012_05704_0_0_1_0_0_03.png
s0014_06831_0_1_1_2_0_01.png,train,1,s0014,0,1,2,0,01,data/raw/mrlEyes_2018_01/s0014/s0014_06831_0_1_1_2_0_01.png
s0032_00116_0_0_0_2_1_02.png,test,0,s0032,0,0,2,1,02,data/raw/mrlEyes_2018_01/s0032/s0032_00116_0_0_0_2_1_02.png
s0026_00330_0_0_0_0_0_01.png,val,0,s0026,0,0,0,0,01,data/raw/mrlEyes_2018_01/s0026/s0026_00330_0_0_0_0_0_01.png
s0027_00544_0_1_1_0_0_01.png,val,1,s0027,0,1,0,0,01,data/raw/mrlEyes_2018_01/s0027/s0027_00544_0_1_1_0_0_01.png
s0014_01258_0_0_0_0_0_01.png,train,0,s0014,0,0,0,0,01,data/raw/mrlEyes_2018_01/s0014/s0014_01258_0_0_0_0_0_01.png
s0011_00288_0_0_0_0_0_01.png,train,0,s0011,0,0,0,0,01,data/raw/mrlEyes_2018_01/s0011/s0011_00288_0_0_0_0_0_01.png
s0023_00036_0_0_0_0_1_01.png,train,0,s0023,0,0,0,1,01,data/raw/mrlEyes_2018_01/s0023/s0023_00036_0_0_0_0_1_01.png
s0021_00063_0_1_0_2_0_01.png,train,0,s0021,0,1,2,0,01,data/raw/mrlEyes_2018_01/s0021/s0021_00063_0_1_0_2_0_01.png
s0018_03768_0_0_1_0_1_01.png,train,1,s0018,0,0,0,1,01,data/raw/mrlEyes_2018_01/s0018/s0018_03768_0_0_1_0_1_01.png
s0002_01018_0_0_1_0_0_01.png,train,1,s0002,0,0,0,0,01,data/raw/mrlEyes_2018_01/s0002/s0002_01018_0_0_1_0_0_01.png
s0032_04578_0_0_1_2_1_02.png,test,1,s0032,0,0,2,1,02,data/raw/mrlEyes_2018_01/s0032/s0032_04578_0_0_1_2_1_02.png
s0011_01587_0_0_1_0_0_01.png,train,1,s0011,0,0,0,0,01,data/raw/mrlEyes_2018_01/s0011/s0011_01587_0_0_1_0_0_01.png
s0031_00143_1_0_0_2_1_02.png,train,0,s0031,1,0,2,1,02,data/raw/mrlEyes_2018_01/s0031/s0031_00143_1_0_0_2_1_02.png
s0010_00257_0_0_0_0_0_01.png,train,0,s0010,0,0,0,0,01,data/raw/mrlEyes_2018_01/s0010/s0010_00257_0_0_0_0_0_01.png
s0024_00142_0_1_0_0_0_01.png,train,0,s0024,0,1,0,0,01,data/raw/mrlEyes_2018_01/s0024/s0024_00142_0_1_0_0_0_01.png
s0010_00189_0_0_0_0_0_01.png,train,0,s0010,0,0,0,0,01,data/raw/mrlEyes_2018_01/s0010/s0010_00189_0_0_0_0_0_01.png
s0027_00067_0_1_0_2_0_01.png,val,0,s0027,0,1,2,0,01,data/raw/mrlEyes_2018_01/s0027/s0027_00067_0_1_0_2_0_01.png
s0034_00106_0_0_0_0_0_02.png,train,0,s0034,0,0,0,0,02,data/raw/mrlEyes_2018_01/s0034/s0034_00106_0_0_0_0_0_02.png
s0029_01087_0_0_1_0_1_01.png,train,1,s0029,0,0,0,1,01,data/raw/mrlEyes_2018_01/s0029/s0029_01087_0_0_1_0_1_01.png
s0031_00186_1_0_0_2_1_02.png,train,0,s0031,1,0,2,1,02,data/raw/mrlEyes_2018_01/s0031/s0031_00186_1_0_0_2_1_02.png
s0019_05214_0_0_1_0_0_01.png,train,1,s0019,0,0,0,0,01,data/raw/mrlEyes_2018_01/s0019/s0019_05214_0_0_1_0_0_01.png
s0018_04288_0_1_1_2_0_01.png,train,1,s0018,0,1,2,0,01,data/raw/mrlEyes_2018_01/s0018/s0018_04288_0_1_1_2_0_01.png
s0037_04166_1_1_0_2_0_01.png,train,0,s0037,1,1,2,0,01,data/raw/mrlEyes_2018_01/s0037/s0037_04166_1_1_0_2_0_01.png
s0019_00297_0_0_0_0_1_01.png,train,0,s0019,0,0,0,1,01,data/raw/mrlEyes_2018_01/s0019/s0019_00297_0_0_0_0_1_01.png
s0034_00113_0_0_0_0_0_02.png,train,0,s0034,0,0,0,0,02,data/raw/mrlEyes_2018_01/s0034/s0034_00113_0_0_0_0_0_02.png
s0016_01837_1_0_1_0_0_01.png,test,1,s0016,1,0,0,0,01,data/raw/mrlEyes_2018_01/s0016/s0016_01837_1_0_1_0_0_01.png
s0030_00405_0_0_1_0_1_01.png,val,1,s0030,0,0,0,1,01,data/raw/mrlEyes_2018_01/s0030/s0030_00405_0_0_1_0_1_01.png
s0018_03953_0_0_1_0_1_01.png,train,1,s0018,0,0,0,1,01,data/raw/mrlEyes_2018_01/s0018/s0018_03953_0_0_1_0_1_01.png
s0016_01817_1_0_1_0_0_01.png,test,1,s0016,1,0,0,0,01,data/raw/mrlEyes_2018_01/s0016/s0016_01817_1_0_1_0_0_01.png
s0021_00060_0_1_0_2_0_01.png,train,0,s0021,0,1,2,0,01,data/raw/mrlEyes_2018_01/s0021/s0021_00060_0_1_0_2_0_01.png
s0013_03300_0_0_1_0_0_01.png,val,1,s0013,0,0,0,0,01,data/raw/mrlEyes_2018_01/s0013/s0013_03300_0_0_1_0_0_01.png
s0019_00954_0_0_0_0_0_01.png,train,0,s0019,0,0,0,0,01,data/raw/mrlEyes_2018_01/s0019/s0019_00954_0_0_0_0_0_01.png
s0030_00107_0_0_0_0_1_01.png,val,0,s0030,0,0,0,1,01,data/raw/mrlEyes_2018_01/s0030/s0030_00107_0_0_0_0_1_01.png
s0012_00544_0_0_0_0_1_01.png,train,0,s0012,0,0,0,1,01,data/raw/mrlEyes_2018_01/s0012/s0012_00544_0_0_0_0_1_01.png
s0030_00520_0_0_1_0_1_01.png,val,1,s0030,0,0,0,1,01,data/raw/mrlEyes_2018_01/s0030/s0030_00520_0_0_1_0_1_01.png
s0033_00501_0_0_1_0_1_01.png,test,1,s0033,0,0,0,1,01,data/raw/mrlEyes_2018_01/s0033/s0033_00501_0_0_1_0_1_01.png
s0019_05511_0_0_1_0_0_01.png,train,1,s0019,0,0,0,0,01,data/raw/mrlEyes_2018_01/s0019/s0019_05511_0_0_1_0_0_01.png
s0020_00678_0_0_1_0_1_01.png,train,1,s0020,0,0,0,1,01,data/raw/mrlEyes_2018_01/s0020/s0020_00678_0_0_1_0_1_01.png
s0006_00374_0_1_0_1_0_01.png,train,0,s0006,0,1,1,0,01,data/raw/mrlEyes_2018_01/s0006/s0006_00374_0_1_0_1_0_01.png
s0024_00051_0_0_0_0_0_01.png,train,0,s0024,0,0,0,0,01,data/raw/mrlEyes_2018_01/s0024/s0024_00051_0_0_0_0_0_01.png
s0011_01064_0_0_0_0_0_01.png,train,0,s0011,0,0,0,0,01,data/raw/mrlEyes_2018_01/s0011/s0011_01064_0_0_0_0_0_01.png
s0014_02492_0_0_0_2_1_03.png,train,0,s0014,0,0,2,1,03,data/raw/mrlEyes_2018_01/s0014/s0014_02492_0_0_0_2_1_03.png
s0024_00432_0_0_1_0_0_01.png,train,1,s0024,0,0,0,0,01,data/raw/mrlEyes_2018_01/s0024/s0024_00432_0_0_1_0_0_01.png
s0016_00922_1_0_0_0_1_01.png,test,0,s0016,1,0,0,1,01,data/raw/mrlEyes_2018_01/s0016/s0016_00922_1_0_0_0_1_01.png
s0003_00230_0_0_0_0_0_01.png,test,0,s0003,0,0,0,0,01,data/raw/mrlEyes_2018_01/s0003/s0003_00230_0_0_0_0_0_01.png
s0019_06025_0_0_1_0_0_01.png,train,1,s0019,0,0,0,0,01,data/raw/mrlEyes_2018_01/s0019/s0019_06025_0_0_1_0_0_01.png
s0036_00542_1_0_0_0_0_01.png,train,0,s0036,1,0,0,0,01,data/raw/mrlEyes_2018_01/s0036/s0036_00542_1_0_0_0_0_01.png
s0029_00107_0_0_0_0_0_01.png,train,0,s0029,0,0,0,0,01,data/raw/mrlEyes_2018_01/s0029/s0029_00107_0_0_0_0_0_01.png
s0027_00002_0_0_0_0_1_01.png,val,0,s0027,0,0,0,1,01,data/raw/mrlEyes_2018_01/s0027/s0027_00002_0_0_0_0_1_01.png
s0019_04631_0_0_1_0_0_01.png,train,1,s0019,0,0,0,0,01,data/raw/mrlEyes_2018_01/s0019/s0019_04631_0_0_1_0_0_01.png
s0005_00506_0_0_0_0_1_01.png,val,0,s0005,0,0,0,1,01,data/raw/mrlEyes_2018_01/s0005/s0005_00506_0_0_0_0_1_01.png
s0030_00765_0_0_1_0_1_01.png,val,1,s0030,0,0,0,1,01,data/raw/mrlEyes_2018_01/s0030/s0030_00765_0_0_1_0_1_01.png
s0010_00352_0_0_1_0_0_01.png,train,1,s0010,0,0,0,0,01,data/raw/mrlEyes_2018_01/s0010/s0010_00352_0_0_1_0_0_01.png
s0027_00663_0_1_1_1_0_01.png,val,1,s0027,0,1,1,0,01,data/raw/mrlEyes_2018_01/s0027/s0027_00663_0_1_1_1_0_01.png
s0035_00017_0_1_0_0_0_02.png,train,0,s0035,0,1,0,0,02,data/raw/mrlEyes_2018_01/s0035/s0035_00017_0_1_0_0_0_02.png
s0033_00014_0_0_0_0_1_01.png,test,0,s0033,0,0,0,1,01,data/raw/mrlEyes_2018_01/s0033/s0033_00014_0_0_0_0_1_01.png
s0005_00245_0_0_0_0_0_01.png,val,0,s0005,0,0,0,0,01,data/raw/mrlEyes_2018_01/s0005/s0005_00245_0_0_0_0_0_01.png
s0019_00227_0_0_0_0_1_01.png,train,0,s0019,0,0,0,1,01,data/raw/mrlEyes_2018_01/s0019/s0019_00227_0_0_0_0_1_01.png
s0027_00216_0_0_1_0_1_01.png,val,1,s0027,0,0,0,1,01,data/raw/mrlEyes_2018_01/s0027/s0027_00216_0_0_1_0_1_01.png
s0010_00384_0_0_1_0_0_01.png,train,1,s0010,0,0,0,0,01,data/raw/mrlEyes_2018_01/s0010/s0010_00384_0_0_1_0_0_01.png
s0013_02270_0_1_0_0_0_01.png,val,0,s0013,0,1,0,0,01,data/raw/mrlEyes_2018_01/s0013/s0013_02270_0_1_0_0_0_01.png
s0032_00035_0_0_0_0_1_02.png,test,0,s0032,0,0,0,1,02,data/raw/mrlEyes_2018_01/s0032/s0032_00035_0_0_0_0_1_02.png
s0012_07595_0_1_1_2_0_01.png,train,1,s0012,0,1,2,0,01,data/raw/mrlEyes_2018_01/s0012/s0012_07595_0_1_1_2_0_01.png
s0014_03020_0_1_0_1_0_01.png,train,0,s0014,0,1,1,0,01,data/raw/mrlEyes_2018_01/s0014/s0014_03020_0_1_0_1_0_01.png
s0005_00728_0_0_1_0_0_01.png,val,1,s0005,0,0,0,0,01,data/raw/mrlEyes_2018_01/s0005/s0005_00728_0_0_1_0_0_01.png
s0003_00588_0_0_1_0_0_01.png,test,1,s0003,0,0,0,0,01,data/raw/mrlEyes_2018_01/s0003/s0003_00588_0_0_1_0_0_01.png
s0032_03392_0_0_1_0_1_02.png,test,1,s0032,0,0,0,1,02,data/raw/mrlEyes_2018_01/s0032/s0032_03392_0_0_1_0_1_02.png
s0035_00150_0_1_1_0_0_02.png,train,1,s0035,0,1,0,0,02,data/raw/mrlEyes_2018_01/s0035/s0035_00150_0_1_1_0_0_02.png
s0025_00972_0_0_1_0_1_01.png,train,1,s0025,0,0,0,1,01,data/raw/mrlEyes_2018_01/s0025/s0025_00972_0_0_1_0_1_01.png
s0027_00378_0_0_1_0_1_01.png,val,1,s0027,0,0,0,1,01,data/raw/mrlEyes_2018_01/s0027/s0027_00378_0_0_1_0_1_01.png
s0011_01593_0_0_1_0_0_01.png,train,1,s0011,0,0,0,0,01,data/raw/mrlEyes_2018_01/s0011/s0011_01593_0_0_1_0_0_01.png
s0019_01778_0_0_0_0_0_01.png,train,0,s0019,0,0,0,0,01,data/raw/mrlEyes_2018_01/s0019/s0019_01778_0_0_0_0_0_01.png
s0026_00964_0_0_1_0_1_01.png,val,1,s0026,0,0,0,1,01,data/raw/mrlEyes_2018_01/s0026/s0026_00964_0_0_1_0_1_01.png
s0002_00108_0_0_0_0_0_01.png,train,0,s0002,0,0,0,0,01,data/raw/mrlEyes_2018_01/s0002/s0002_00108_0_0_0_0_0_01.png
s0019_01719_0_0_0_0_1_01.png,train,0,s0019,0,0,0,1,01,data/raw/mrlEyes_2018_01/s0019/s0019_01719_0_0_0_0_1_01.png
s0033_00551_0_0_1_0_1_01.png,test,1,s0033,0,0,0,1,01,data/raw/mrlEyes_2018_01/s0033/s0033_00551_0_0_1_0_1_01.png
s0026_00304_0_0_0_0_1_01.png,val,0,s0026,0,0,0,1,01,data/raw/mrlEyes_2018_01/s0026/s0026_00304_0_0_0_0_1_01.png
s0028_00079_0_0_1_0_0_01.png,train,1,s0028,0,0,0,0,01,data/raw/mrlEyes_2018_01/s0028/s0028_00079_0_0_1_0_0_01.png
s0003_00667_0_0_1_0_0_01.png,test,1,s0003,0,0,0,0,01,data/raw/mrlEyes_2018_01/s0003/s0003_00667_0_0_1_0_0_01.png
s0012_04924_0_0_1_0_0_03.png,train,1,s0012,0,0,0,0,03,data/raw/mrlEyes_2018_01/s0012/s0012_04924_0_0_1_0_0_03.png
s0011_01641_0_0_1_0_0_01.png,train,1,s0011,0,0,0,0,01,data/raw/mrlEyes_2018_01/s0011/s0011_01641_0_0_1_0_0_01.png
s0027_00348_0_0_1_0_0_01.png,val,1,s0027,0,0,0,0,01,data/raw/mrlEyes_2018_01/s0027/s0027_00348_0_0_1_0_0_01.png
s0024_00171_0_1_0_0_0_01.png,train,0,s0024,0,1,0,0,01,data/raw/mrlEyes_2018_01/s0024/s0024_00171_0_1_0_0_0_01.png
s0037_06514_1_0_1_0_1_01.png,train,1,s0037,1,0,0,1,01,data/raw/mrlEyes_2018_01/s0037/s0037_06514_1_0_1_0_1_01.png
s0002_00583_0_0_0_0_0_01.png,train,0,s0002,0,0,0,0,01,data/raw/mrlEyes_2018_01/s0002/s0002_00583_0_0_0_0_0_01.png
s0001_01573_0_1_0_0_0_01.png,val,0,s0001,0,1,0,0,01,data/raw/mrlEyes_2018_01/s0001/s0001_01573_0_1_0_0_0_01.png
s0034_00092_0_0_0_0_0_02.png,train,0,s0034,0,0,0,0,02,data/raw/mrlEyes_2018_01/s0034/s0034_00092_0_0_0_0_0_02.png
s0003_00260_0_0_0_0_0_01.png,test,0,s0003,0,0,0,0,01,data/raw/mrlEyes_2018_01/s0003/s0003_00260_0_0_0_0_0_01.png
s0009_00377_0_0_1_0_0_01.png,test,1,s0009,0,0,0,0,01,data/raw/mrlEyes_2018_01/s0009/s0009_00377_0_0_1_0_0_01.png
s0025_00136_0_0_0_0_0_01.png,train,0,s0025,0,0,0,0,01,data/raw/mrlEyes_2018_01/s0025/s0025_00136_0_0_0_0_0_01.png
s0037_07375_1_0_1_0_0_01.png,train,1,s0037,1,0,0,0,01,data/raw/mrlEyes_2018_01/s0037/s0037_07375_1_0_1_0_0_01.png
s0016_01784_1_0_1_0_1_01.png,test,1,s0016,1,0,0,1,01,data/raw/mrlEyes_2018_01/s0016/s0016_01784_1_0_1_0_1_01.png
s0025_00059_0_0_0_0_0_01.png,train,0,s0025,0,0,0,0,01,data/raw/mrlEyes_2018_01/s0025/s0025_00059_0_0_0_0_0_01.png
s0037_00014_1_0_0_0_0_01.png,train,0,s0037,1,0,0,0,01,data/raw/mrlEyes_2018_01/s0037/s0037_00014_1_0_0_0_0_01.png
s0024_00356_0_0_1_0_0_01.png,train,1,s0024,0,0,0,0,01,data/raw/mrlEyes_2018_01/s0024/s0024_00356_0_0_1_0_0_01.png
s0033_00049_0_0_0_0_1_01.png,test,0,s0033,0,0,0,1,01,data/raw/mrlEyes_2018_01/s0033/s0033_00049_0_0_0_0_1_01.png
s0035_00629_0_1_1_0_1_02.png,train,1,s0035,0,1,0,1,02,data/raw/mrlEyes_2018_01/s0035/s0035_00629_0_1_1_0_1_02.png
s0029_00438_0_0_1_0_1_01.png,train,1,s0029,0,0,0,1,01,data/raw/mrlEyes_2018_01/s0029/s0029_00438_0_0_1_0_1_01.png
s0029_01169_0_0_1_0_1_01.png,train,1,s0029,0,0,0,1,01,data/raw/mrlEyes_2018_01/s0029/s0029_01169_0_0_1_0_1_01.png
s0036_05081_1_1_1_2_0_01.png,train,1,s0036,1,1,2,0,01,data/raw/mrlEyes_2018_01/s0036/s0036_05081_1_1_1_2_0_01.png
s0009_00053_0_0_0_0_0_01.png,test,0,s0009,0,0,0,0,01,data/raw/mrlEyes_2018_01/s0009/s0009_00053_0_0_0_0_0_01.png
s0007_00131_0_0_0_0_0_01.png,test,0,s0007,0,0,0,0,01,data/raw/mrlEyes_2018_01/s0007/s0007_00131_0_0_0_0_0_01.png
s0014_03789_0_0_1_0_0_01.png,train,1,s0014,0,0,0,0,01,data/raw/mrlEyes_2018_01/s0014/s0014_03789_0_0_1_0_0_01.png
s0029_00206_0_0_1_0_0_01.png,train,1,s0029,0,0,0,0,01,data/raw/mrlEyes_2018_01/s0029/s0029_00206_0_0_1_0_0_01.png
s0014_02109_0_0_0_0_0_01.png,train,0,s0014,0,0,0,0,01,data/raw/mrlEyes_2018_01/s0014/s0014_02109_0_0_0_0_0_01.png
s0001_03224_0_1_1_2_0_01.png,val,1,s0001,0,1,2,0,01,data/raw/mrlEyes_2018_01/s0001/s0001_03224_0_1_1_2_0_01.png
s0020_00003_0_0_0_0_1_01.png,train,0,s0020,0,0,0,1,01,data/raw/mrlEyes_2018_01/s0020/s0020_00003_0_0_0_0_1_01.png
s0033_00351_0_0_1_0_1_01.png,test,1,s0033,0,0,0,1,01,data/raw/mrlEyes_2018_01/s0033/s0033_00351_0_0_1_0_1_01.png
s0006_00220_0_1_0_1_0_01.png,train,0,s0006,0,1,1,0,01,data/raw/mrlEyes_2018_01/s0006/s0006_00220_0_1_0_1_0_01.png
s0030_00839_0_0_1_0_0_01.png,val,1,s0030,0,0,0,0,01,data/raw/mrlEyes_2018_01/s0030/s0030_00839_0_0_1_0_0_01.png
s0013_03537_0_1_1_0_0_01.png,val,1,s0013,0,1,0,0,01,data/raw/mrlEyes_2018_01/s0013/s0013_03537_0_1_1_0_0_01.png
s0007_00027_0_0_0_0_0_01.png,test,0,s0007,0,0,0,0,01,data/raw/mrlEyes_2018_01/s0007/s0007_00027_0_0_0_0_0_01.png
s0033_00082_0_0_0_0_1_01.png,test,0,s0033,0,0,0,1,01,data/raw/mrlEyes_2018_01/s0033/s0033_00082_0_0_0_0_1_01.png
s0016_00979_1_0_0_0_1_01.png,test,0,s0016,1,0,0,1,01,data/raw/mrlEyes_2018_01/s0016/s0016_00979_1_0_0_0_1_01.png
s0036_00605_1_0_0_0_0_01.png,train,0,s0036,1,0,0,0,01,data/raw/mrlEyes_2018_01/s0036/s0036_00605_1_0_0_0_0_01.png
s0025_00142_0_0_1_0_1_01.png,train,1,s0025,0,0,0,1,01,data/raw/mrlEyes_2018_01/s0025/s0025_00142_0_0_1_0_1_01.png
s0012_04141_0_1_0_0_0_01.png,train,0,s0012,0,1,0,0,01,data/raw/mrlEyes_2018_01/s0012/s0012_04141_0_1_0_0_0_01.png
s0002_01049_0_0_1_0_0_01.png,train,1,s0002,0,0,0,0,01,data/raw/mrlEyes_2018_01/s0002/s0002_01049_0_0_1_0_0_01.png
s0015_01080_0_0_1_0_0_01.png,test,1,s0015,0,0,0,0,01,data/raw/mrlEyes_2018_01/s0015/s0015_01080_0_0_1_0_0_01.png
s0015_00054_0_0_0_0_1_01.png,test,0,s0015,0,0,0,1,01,data/raw/mrlEyes_2018_01/s0015/s0015_00054_0_0_0_0_1_01.png
s0035_00612_0_1_1_2_1_02.png,train,1,s0035,0,1,2,1,02,data/raw/mrlEyes_2018_01/s0035/s0035_00612_0_1_1_2_1_02.png
s0030_00606_0_0_1_0_1_01.png,val,1,s0030,0,0,0,1,01,data/raw/mrlEyes_2018_01/s0030/s0030_00606_0_0_1_0_1_01.png
s0003_00629_0_0_1_0_0_01.png,test,1,s0003,0,0,0,0,01,data/raw/mrlEyes_2018_01/s0003/s0003_00629_0_0_1_0_0_01.png
s0024_00131_0_1_0_0_0_01.png,train,0,s0024,0,1,0,0,01,data/raw/mrlEyes_2018_01/s0024/s0024_00131_0_1_0_0_0_01.png
s0008_00718_0_1_0_0_0_01.png,train,0,s0008,0,1,0,0,01,data/raw/mrlEyes_2018_01/s0008/s0008_00718_0_1_0_0_0_01.png
s0003_00675_0_0_1_0_0_01.png,test,1,s0003,0,0,0,0,01,data/raw/mrlEyes_2018_01/s0003/s0003_00675_0_0_1_0_0_01.png
s0031_01155_1_0_1_2_1_02.png,train,1,s0031,1,0,2,1,02,data/raw/mrlEyes_2018_01/s0031/s0031_01155_1_0_1_2_1_02.png
s0031_00022_1_0_0_0_1_02.png,train,0,s0031,1,0,0,1,02,data/raw/mrlEyes_2018_01/s0031/s0031_00022_1_0_0_0_1_02.png
s0025_00632_0_0_1_0_0_01.png,train,1,s0025,0,0,0,0,01,data/raw/mrlEyes_2018_01/s0025/s0025_00632_0_0_1_0_0_01.png
s0023_00017_0_0_0_0_1_01.png,train,0,s0023,0,0,0,1,01,data/raw/mrlEyes_2018_01/s0023/s0023_00017_0_0_0_0_1_01.png
s0014_03332_0_1_0_0_0_01.png,train,0,s0014,0,1,0,0,01,data/raw/mrlEyes_2018_01/s0014/s0014_03332_0_1_0_0_0_01.png
s0001_02923_0_1_1_0_0_01.png,val,1,s0001,0,1,0,0,01,data/raw/mrlEyes_2018_01/s0001/s0001_02923_0_1_1_0_0_01.png
s0017_00598_1_0_0_0_0_01.png,test,0,s0017,1,0,0,0,01,data/raw/mrlEyes_2018_01/s0017/s0017_00598_1_0_0_0_0_01.png
s0017_00592_1_0_0_0_0_01.png,test,0,s0017,1,0,0,0,01,data/raw/mrlEyes_2018_01/s0017/s0017_00592_1_0_0_0_0_01.png
s0032_00004_0_1_0_2_1_02.png,test,0,s0032,0,1,2,1,02,data/raw/mrlEyes_2018_01/s0032/s0032_00004_0_1_0_2_1_02.png
s0023_00323_0_0_1_0_1_01.png,train,1,s0023,0,0,0,1,01,data/raw/mrlEyes_2018_01/s0023/s0023_00323_0_0_1_0_1_01.png
s0025_00135_0_0_0_0_1_01.png,train,0,s0025,0,0,0,1,01,data/raw/mrlEyes_2018_01/s0025/s0025_00135_0_0_0_0_1_01.png
s0003_00517_0_0_0_0_0_01.png,test,0,s0003,0,0,0,0,01,data/raw/mrlEyes_2018_01/s0003/s0003_00517_0_0_0_0_0_01.png
s0014_08579_0_0_1_0_0_01.png,train,1,s0014,0,0,0,0,01,data/raw/mrlEyes_2018_01/s0014/s0014_08579_0_0_1_0_0_01.png
s0002_00961_0_0_0_0_0_01.png,train,0,s0002,0,0,0,0,01,data/raw/mrlEyes_2018_01/s0002/s0002_00961_0_0_0_0_0_01.png
s0035_00601_0_1_1_0_0_02.png,train,1,s0035,0,1,0,0,02,data/raw/mrlEyes_2018_01/s0035/s0035_00601_0_1_1_0_0_02.png
s0030_00358_0_0_1_0_1_01.png,val,1,s0030,0,0,0,1,01,data/raw/mrlEyes_2018_01/s0030/s0030_00358_0_0_1_0_1_01.png
s0037_05384_1_1_0_2_0_01.png,train,0,s0037,1,1,2,0,01,data/raw/mrlEyes_2018_01/s0037/s0037_05384_1_1_0_2_0_01.png
s0022_00027_0_0_0_0_1_01.png,train,0,s0022,0,0,0,1,01,data/raw/mrlEyes_2018_01/s0022/s0022_00027_0_0_0_0_1_01.png
s0011_01510_0_0_1_0_0_01.png,train,1,s0011,0,0,0,0,01,data/raw/mrlEyes_2018_01/s0011/s0011_01510_0_0_1_0_0_01.png
s0034_00039_0_0_0_0_0_02.png,train,0,s0034,0,0,0,0,02,data/raw/mrlEyes_2018_01/s0034/s0034_00039_0_0_0_0_0_02.png
s0036_01488_1_1_0_0_0_01.png,train,0,s0036,1,1,0,0,01,data/raw/mrlEyes_2018_01/s0036/s0036_01488_1_1_0_0_0_01.png
s0021_00044_0_0_0_0_0_01.png,train,0,s0021,0,0,0,0,01,data/raw/mrlEyes_2018_01/s0021/s0021_00044_0_0_0_0_0_01.png
s0036_01314_1_1_0_0_0_01.png,train,0,s0036,1,1,0,0,01,data/raw/mrlEyes_2018_01/s0036/s0036_01314_1_1_0_0_0_01.png
s0009_00257_0_0_0_0_0_01.png,test,0,s0009,0,0,0,0,01,data/raw/mrlEyes_2018_01/s0009/s0009_00257_0_0_0_0_0_01.png
s0003_00572_0_0_1_0_0_01.png,test,1,s0003,0,0,0,0,01,data/raw/mrlEyes_2018_01/s0003/s0003_00572_0_0_1_0_0_01.png
s0014_04481_0_0_1_2_1_03.png,train,1,s0014,0,0,2,1,03,data/raw/mrlEyes_2018_01/s0014/s0014_04481_0_0_1_2_1_03.png
s0025_00630_0_0_1_0_0_01.png,train,1,s0025,0,0,0,0,01,data/raw/mrlEyes_2018_01/s0025/s0025_00630_0_0_1_0_0_01.png
s0031_01332_1_0_1_2_1_02.png,train,1,s0031,1,0,2,1,02,data/raw/mrlEyes_2018_01/s0031/s0031_01332_1_0_1_2_1_02.png
s0002_00316_0_0_0_0_0_01.png,train,0,s0002,0,0,0,0,01,data/raw/mrlEyes_2018_01/s0002/s0002_00316_0_0_0_0_0_01.png
s0015_01083_0_0_1_0_0_01.png,test,1,s0015,0,0,0,0,01,data/raw/mrlEyes_2018_01/s0015/s0015_01083_0_0_1_0_0_01.png
s0020_00622_0_0_1_0_0_01.png,train,1,s0020,0,0,0,0,01,data/raw/mrlEyes_2018_01/s0020/s0020_00622_0_0_1_0_0_01.png
s0002_01054_0_0_1_0_0_01.png,train,1,s0002,0,0,0,0,01,data/raw/mrlEyes_2018_01/s0002/s0002_01054_0_0_1_0_0_01.png
s0032_03295_0_0_1_1_1_02.png,test,1,s0032,0,0,1,1,02,data/raw/mrlEyes_2018_01/s0032/s0032_03295_0_0_1_1_1_02.png
s0005_00268_0_0_0_0_0_01.png,val,0,s0005,0,0,0,0,01,data/raw/mrlEyes_2018_01/s0005/s0005_00268_0_0_0_0_0_01.png
s0019_02792_0_0_0_0_1_01.png,train,0,s0019,0,0,0,1,01,data/raw/mrlEyes_2018_01/s0019/s0019_02792_0_0_0_0_1_01.png
s0014_02713_0_1_0_1_0_01.png,train,0,s0014,0,1,1,0,01,data/raw/mrlEyes_2018_01/s0014/s0014_02713_0_1_0_1_0_01.png
s0036_04636_1_0_1_0_0_01.png,train,1,s0036,1,0,0,0,01,data/raw/mrlEyes_2018_01/s0036/s0036_04636_1_0_1_0_0_01.png
s0019_05377_0_0_1_0_0_01.png,train,1,s0019,0,0,0,0,01,data/raw/mrlEyes_2018_01/s0019/s0019_05377_0_0_1_0_0_01.png
s0030_00968_0_0_1_1_1_01.png,val,1,s0030,0,0,1,1,01,data/raw/mrlEyes_2018_01/s0030/s0030_00968_0_0_1_1_1_01.png
s0027_00559_0_1_1_0_0_01.png,val,1,s0027,0,1,0,0,01,data/raw/mrlEyes_2018_01/s0027/s0027_00559_0_1_1_0_0_01.png
s0029_00154_0_0_0_0_1_01.png,train,0,s0029,0,0,0,1,01,data/raw/mrlEyes_2018_01/s0029/s0029_00154_0_0_0_0_1_01.png
s0001_01980_0_0_1_0_0_01.png,val,1,s0001,0,0,0,0,01,data/raw/mrlEyes_2018_01/s0001/s0001_01980_0_0_1_0_0_01.png
s0015_00870_0_0_1_0_1_01.png,test,1,s0015,0,0,0,1,01,data/raw/mrlEyes_2018_01/s0015/s0015_00870_0_0_1_0_1_01.png
s0003_00574_0_0_1_0_0_01.png,test,1,s0003,0,0,0,0,01,data/raw/mrlEyes_2018_01/s0003/s0003_00574_0_0_1_0_0_01.png
s0036_03329_1_0_1_0_0_01.png,train,1,s0036,1,0,0,0,01,data/raw/mrlEyes_2018_01/s0036/s0036_03329_1_0_1_0_0_01.png
s0002_00057_0_0_0_0_0_01.png,train,0,s0002,0,0,0,0,01,data/raw/mrlEyes_2018_01/s0002/s0002_00057_0_0_0_0_0_01.png
s0021_00023_0_0_0_0_0_01.png,train,0,s0021,0,0,0,0,01,data/raw/mrlEyes_2018_01/s0021/s0021_00023_0_0_0_0_0_01.png
s0008_00099_0_1_0_0_0_01.png,train,0,s0008,0,1,0,0,01,data/raw/mrlEyes_2018_01/s0008/s0008_00099_0_1_0_0_0_01.png
s0028_00473_0_1_1_0_0_01.png,train,1,s0028,0,1,0,0,01,data/raw/mrlEyes_2018_01/s0028/s0028_00473_0_1_1_0_0_01.png
s0023_00489_0_0_1_0_1_01.png,train,1,s0023,0,0,0,1,01,data/raw/mrlEyes_2018_01/s0023/s0023_00489_0_0_1_0_1_01.png
s0036_00887_1_1_0_0_0_01.png,train,0,s0036,1,1,0,0,01,data/raw/mrlEyes_2018_01/s0036/s0036_00887_1_1_0_0_0_01.png
s0035_00020_0_1_0_0_1_02.png,train,0,s0035,0,1,0,1,02,data/raw/mrlEyes_2018_01/s0035/s0035_00020_0_1_0_0_1_02.png
s0024_00633_0_1_1_0_0_01.png,train,1,s0024,0,1,0,0,01,data/raw/mrlEyes_2018_01/s0024/s0024_00633_0_1_1_0_0_01.png
s0001_02773_0_1_1_2_0_01.png,val,1,s0001,0,1,2,0,01,data/raw/mrlEyes_2018_01/s0001/s0001_02773_0_1_1_2_0_01.png
s0001_00843_0_0_0_0_0_01.png,val,0,s0001,0,0,0,0,01,data/raw/mrlEyes_2018_01/s0001/s0001_00843_0_0_0_0_0_01.png
s0008_00693_0_1_0_0_0_01.png,train,0,s0008,0,1,0,0,01,data/raw/mrlEyes_2018_01/s0008/s0008_00693_0_1_0_0_0_01.png
s0014_04912_0_0_1_1_1_03.png,train,1,s0014,0,0,1,1,03,data/raw/mrlEyes_2018_01/s0014/s0014_04912_0_0_1_1_1_03.png
s0021_00809_0_1_1_2_0_01.png,train,1,s0021,0,1,2,0,01,data/raw/mrlEyes_2018_01/s0021/s0021_00809_0_1_1_2_0_01.png
s0030_00326_0_0_0_0_1_01.png,val,0,s0030,0,0,0,1,01,data/raw/mrlEyes_2018_01/s0030/s0030_00326_0_0_0_0_1_01.png
s0036_02013_1_1_0_0_0_01.png,train,0,s0036,1,1,0,0,01,data/raw/mrlEyes_2018_01/s0036/s0036_02013_1_1_0_0_0_01.png
s0026_00633_0_0_1_0_0_01.png,val,1,s0026,0,0,0,0,01,data/raw/mrlEyes_2018_01/s0026/s0026_00633_0_0_1_0_0_01.png
s0030_00094_0_0_0_0_1_01.png,val,0,s0030,0,0,0,1,01,data/raw/mrlEyes_2018_01/s0030/s0030_00094_0_0_0_0_1_01.png
s0026_01154_0_0_1_0_0_01.png,val,1,s0026,0,0,0,0,01,data/raw/mrlEyes_2018_01/s0026/s0026_01154_0_0_1_0_0_01.png
s0016_00883_1_0_0_0_1_01.png,test,0,s0016,1,0,0,1,01,data/raw/mrlEyes_2018_01/s0016/s0016_00883_1_0_0_0_1_01.png
s0012_04818_0_0_1_2_1_03.png,train,1,s0012,0,0,2,1,03,data/raw/mrlEyes_2018_01/s0012/s0012_04818_0_0_1_2_1_03.png
s0027_00074_0_1_0_0_0_01.png,val,0,s0027,0,1,0,0,01,data/raw/mrlEyes_2018_01/s0027/s0027_00074_0_1_0_0_0_01.png
s0030_00894_0_0_1_0_0_01.png,val,1,s0030,0,0,0,0,01,data/raw/mrlEyes_2018_01/s0030/s0030_00894_0_0_1_0_0_01.png
s0016_01490_1_0_0_0_1_01.png,test,0,s0016,1,0,0,1,01,data/raw/mrlEyes_2018_01/s0016/s0016_01490_1_0_0_0_1_01.png
s0010_00267_0_0_0_0_0_01.png,train,0,s0010,0,0,0,0,01,data/raw/mrlEyes_2018_01/s0010/s0010_00267_0_0_0_0_0_01.png
s0002_00081_0_0_0_0_0_01.png,train,0,s0002,0,0,0,0,01,data/raw/mrlEyes_2018_01/s0002/s0002_00081_0_0_0_0_0_01.png
s0033_00564_0_0_1_0_1_01.png,test,1,s0033,0,0,0,1,01,data/raw/mrlEyes_2018_01/s0033/s0033_00564_0_0_1_0_1_01.png
s0030_00126_0_0_0_0_0_01.png,val,0,s0030,0,0,0,0,01,data/raw/mrlEyes_2018_01/s0030/s0030_00126_0_0_0_0_0_01.png
s0020_00460_0_0_1_0_1_01.png,train,1,s0020,0,0,0,1,01,data/raw/mrlEyes_2018_01/s0020/s0020_00460_0_0_1_0_1_01.png
s0024_00151_0_1_0_0_0_01.png,train,0,s0024,0,1,0,0,01,data/raw/mrlEyes_2018_01/s0024/s0024_00151_0_1_0_0_0_01.png
s0028_00099_0_0_1_0_0_01.png,train,1,s0028,0,0,0,0,01,data/raw/mrlEyes_2018_01/s0028/s0028_00099_0_0_1_0_0_01.png
s0010_00344_0_0_1_0_0_01.png,train,1,s0010,0,0,0,0,01,data/raw/mrlEyes_2018_01/s0010/s0010_00344_0_0_1_0_0_01.png
s0003_00088_0_0_0_0_0_01.png,test,0,s0003,0,0,0,0,01,data/raw/mrlEyes_2018_01/s0003/s0003_00088_0_0_0_0_0_01.png
s0019_01801_0_0_0_0_1_01.png,train,0,s0019,0,0,0,1,01,data/raw/mrlEyes_2018_01/s0019/s0019_01801_0_0_0_0_1_01.png
s0028_00493_0_1_1_0_0_01.png,train,1,s0028,0,1,0,0,01,data/raw/mrlEyes_2018_01/s0028/s0028_00493_0_1_1_0_0_01.png
s0014_07700_0_0_1_1_0_02.png,train,1,s0014,0,0,1,0,02,data/raw/mrlEyes_2018_01/s0014/s0014_07700_0_0_1_1_0_02.png
s0016_00285_1_0_0_1_1_01.png,test,0,s0016,1,0,1,1,01,data/raw/mrlEyes_2018_01/s0016/s0016_00285_1_0_0_1_1_01.png
s0027_00496_0_1_1_2_0_01.png,val,1,s0027,0,1,2,0,01,data/raw/mrlEyes_2018_01/s0027/s0027_00496_0_1_1_2_0_01.png
s0031_00042_1_0_0_0_1_02.png,train,0,s0031,1,0,0,1,02,data/raw/mrlEyes_2018_01/s0031/s0031_00042_1_0_0_0_1_02.png
s0021_00620_0_1_1_2_0_01.png,train,1,s0021,0,1,2,0,01,data/raw/mrlEyes_2018_01/s0021/s0021_00620_0_1_1_2_0_01.png
s0031_00088_1_0_0_0_1_02.png,train,0,s0031,1,0,0,1,02,data/raw/mrlEyes_2018_01/s0031/s0031_00088_1_0_0_0_1_02.png
s0025_00003_0_0_0_0_0_01.png,train,0,s0025,0,0,0,0,01,data/raw/mrlEyes_2018_01/s0025/s0025_00003_0_0_0_0_0_01.png
s0020_00337_0_0_1_0_0_01.png,train,1,s0020,0,0,0,0,01,data/raw/mrlEyes_2018_01/s0020/s0020_00337_0_0_1_0_0_01.png
s0014_04036_0_0_1_1_0_01.png,train,1,s0014,0,0,1,0,01,data/raw/mrlEyes_2018_01/s0014/s0014_04036_0_0_1_1_0_01.png
s0026_01102_0_0_1_0_1_01.png,val,1,s0026,0,0,0,1,01,data/raw/mrlEyes_2018_01/s0026/s0026_01102_0_0_1_0_1_01.png
s0028_00621_0_1_1_0_0_01.png,train,1,s0028,0,1,0,0,01,data/raw/mrlEyes_2018_01/s0028/s0028_00621_0_1_1_0_0_01.png
s0030_00284_0_0_0_0_1_01.png,val,0,s0030,0,0,0,1,01,data/raw/mrlEyes_2018_01/s0030/s0030_00284_0_0_0_0_1_01.png
s0023_00159_0_0_1_0_1_01.png,train,1,s0023,0,0,0,1,01,data/raw/mrlEyes_2018_01/s0023/s0023_00159_0_0_1_0_1_01.png
s0032_00034_0_0_0_0_1_02.png,test,0,s0032,0,0,0,1,02,data/raw/mrlEyes_2018_01/s0032/s0032_00034_0_0_0_0_1_02.png
s0001_03048_0_1_1_2_0_01.png,val,1,s0001,0,1,2,0,01,data/raw/mrlEyes_2018_01/s0001/s0001_03048_0_1_1_2_0_01.png
s0020_00553_0_0_1_0_1_01.png,train,1,s0020,0,0,0,1,01,data/raw/mrlEyes_2018_01/s0020/s0020_00553_0_0_1_0_1_01.png
s0017_01200_1_0_0_0_1_01.png,test,0,s0017,1,0,0,1,01,data/raw/mrlEyes_2018_01/s0017/s0017_01200_1_0_0_0_1_01.png
s0001_00178_0_0_0_0_0_01.png,val,0,s0001,0,0,0,0,01,data/raw/mrlEyes_2018_01/s0001/s0001_00178_0_0_0_0_0_01.png
s0023_00383_0_0_1_0_1_01.png,train,1,s0023,0,0,0,1,01,data/raw/mrlEyes_2018_01/s0023/s0023_00383_0_0_1_0_1_01.png
s0030_00269_0_0_0_0_0_01.png,val,0,s0030,0,0,0,0,01,data/raw/mrlEyes_2018_01/s0030/s0030_00269_0_0_0_0_0_01.png
s0022_00101_0_1_0_2_1_01.png,train,0,s0022,0,1,2,1,01,data/raw/mrlEyes_2018_01/s0022/s0022_00101_0_1_0_2_1_01.png
s0002_00240_0_0_0_0_0_01.png,train,0,s0002,0,0,0,0,01,data/raw/mrlEyes_2018_01/s0002/s0002_00240_0_0_0_0_0_01.png
s0032_03096_0_0_1_0_1_02.png,test,1,s0032,0,0,0,1,02,data/raw/mrlEyes_2018_01/s0032/s0032_03096_0_0_1_0_1_02.png
s0030_00048_0_0_0_0_1_01.png,val,0,s0030,0,0,0,1,01,data/raw/mrlEyes_2018_01/s0030/s0030_00048_0_0_0_0_1_01.png
s0011_01617_0_0_1_0_0_01.png,train,1,s0011,0,0,0,0,01,data/raw/mrlEyes_2018_01/s0011/s0011_01617_0_0_1_0_0_01.png
s0017_00257_1_0_0_0_1_01.png,test,0,s0017,1,0,0,1,01,data/raw/mrlEyes_2018_01/s0017/s0017_00257_1_0_0_0_1_01.png
s0034_00389_0_0_1_0_0_02.png,train,1,s0034,0,0,0,0,02,data/raw/mrlEyes_2018_01/s0034/s0034_00389_0_0_1_0_0_02.png
s0018_04196_0_1_1_2_0_01.png,train,1,s0018,0,1,2,0,01,data/raw/mrlEyes_2018_01/s0018/s0018_04196_0_1_1_2_0_01.png
s0036_01907_1_1_0_0_0_01.png,train,0,s0036,1,1,0,0,01,data/raw/mrlEyes_2018_01/s0036/s0036_01907_1_1_0_0_0_01.png
s0011_00073_0_0_0_0_1_01.png,train,0,s0011,0,0,0,1,01,data/raw/mrlEyes_2018_01/s0011/s0011_00073_0_0_0_0_1_01.png
s0028_00657_0_1_1_0_0_01.png,train,1,s0028,0,1,0,0,01,data/raw/mrlEyes_2018_01/s0028/s0028_00657_0_1_1_0_0_01.png
s0031_00077_1_0_0_0_1_02.png,train,0,s0031,1,0,0,1,02,data/raw/mrlEyes_2018_01/s0031/s0031_00077_1_0_0_0_1_02.png
s0012_00064_0_0_0_0_1_01.png,train,0,s0012,0,0,0,1,01,data/raw/mrlEyes_2018_01/s0012/s0012_00064_0_0_0_0_1_01.png
s0021_00056_0_0_0_0_0_01.png,train,0,s0021,0,0,0,0,01,data/raw/mrlEyes_2018_01/s0021/s0021_00056_0_0_0_0_0_01.png
s0015_00827_0_0_1_0_1_01.png,test,1,s0015,0,0,0,1,01,data/raw/mrlEyes_2018_01/s0015/s0015_00827_0_0_1_0_1_01.png
s0027_00353_0_0_1_0_1_01.png,val,1,s0027,0,0,0,1,01,data/raw/mrlEyes_2018_01/s0027/s0027_00353_0_0_1_0_1_01.png
s0018_03765_0_0_1_0_1_01.png,train,1,s0018,0,0,0,1,01,data/raw/mrlEyes_2018_01/s0018/s0018_03765_0_0_1_0_1_01.png
s0023_00002_0_0_0_0_1_01.png,train,0,s0023,0,0,0,1,01,data/raw/mrlEyes_2018_01/s0023/s0023_00002_0_0_0_0_1_01.png
s0018_00870_0_0_0_0_1_01.png,train,0,s0018,0,0,0,1,01,data/raw/mrlEyes_2018_01/s0018/s0018_00870_0_0_0_0_1_01.png
s0034_00250_0_0_1_0_0_02.png,train,1,s0034,0,0,0,0,02,data/raw/mrlEyes_2018_01/s0034/s0034_00250_0_0_1_0_0_02.png
s0020_00273_0_0_1_0_1_01.png,train,1,s0020,0,0,0,1,01,data/raw/mrlEyes_2018_01/s0020/s0020_00273_0_0_1_0_1_01.png
s0012_07203_0_0_1_0_1_01.png,train,1,s0012,0,0,0,1,01,data/raw/mrlEyes_2018_01/s0012/s0012_07203_0_0_1_0_1_01.png
s0032_03834_0_0_1_0_1_02.png,test,1,s0032,0,0,0,1,02,data/raw/mrlEyes_2018_01/s0032/s0032_03834_0_0_1_0_1_02.png
s0006_00119_0_1_0_1_0_01.png,train,0,s0006,0,1,1,0,01,data/raw/mrlEyes_2018_01/s0006/s0006_00119_0_1_0_1_0_01.png
s0026_00467_0_0_1_0_0_01.png,val,1,s0026,0,0,0,0,01,data/raw/mrlEyes_2018_01/s0026/s0026_00467_0_0_1_0_0_01.png
s0033_00088_0_0_0_0_1_01.png,test,0,s0033,0,0,0,1,01,data/raw/mrlEyes_2018_01/s0033/s0033_00088_0_0_0_0_1_01.png
s0030_00130_0_0_0_0_0_01.png,val,0,s0030,0,0,0,0,01,data/raw/mrlEyes_2018_01/s0030/s0030_00130_0_0_0_0_0_01.png
s0032_04014_0_0_1_1_1_02.png,test,1,s0032,0,0,1,1,02,data/raw/mrlEyes_2018_01/s0032/s0032_04014_0_0_1_1_1_02.png
s0011_01439_0_0_0_0_0_01.png,train,0,s0011,0,0,0,0,01,data/raw/mrlEyes_2018_01/s0011/s0011_01439_0_0_0_0_0_01.png
s0012_07229_0_0_1_0_1_01.png,train,1,s0012,0,0,0,1,01,data/raw/mrlEyes_2018_01/s0012/s0012_07229_0_0_1_0_1_01.png
s0033_00526_0_0_1_0_1_01.png,test,1,s0033,0,0,0,1,01,data/raw/mrlEyes_2018_01/s0033/s0033_00526_0_0_1_0_1_01.png
s0020_00023_0_0_0_0_0_01.png,train,0,s0020,0,0,0,0,01,data/raw/mrlEyes_2018_01/s0020/s0020_00023_0_0_0_0_0_01.png
s0015_00326_0_0_0_0_1_01.png,test,0,s0015,0,0,0,1,01,data/raw/mrlEyes_2018_01/s0015/s0015_00326_0_0_0_0_1_01.png
s0009_00068_0_0_0_0_0_01.png,test,0,s0009,0,0,0,0,01,data/raw/mrlEyes_2018_01/s0009/s0009_00068_0_0_0_0_0_01.png
s0023_00020_0_0_0_0_1_01.png,train,0,s0023,0,0,0,1,01,data/raw/mrlEyes_2018_01/s0023/s0023_00020_0_0_0_0_1_01.png
s0018_01581_0_0_0_0_0_01.png,train,0,s0018,0,0,0,0,01,data/raw/mrlEyes_2018_01/s0018/s0018_01581_0_0_0_0_0_01.png
s0027_00569_0_1_1_0_0_01.png,val,1,s0027,0,1,0,0,01,data/raw/mrlEyes_2018_01/s0027/s0027_00569_0_1_1_0_0_01.png
s0034_00015_0_0_0_0_0_02.png,train,0,s0034,0,0,0,0,02,data/raw/mrlEyes_2018_01/s0034/s0034_00015_0_0_0_0_0_02.png
s0037_00758_1_0_0_0_0_01.png,train,0,s0037,1,0,0,0,01,data/raw/mrlEyes_2018_01/s0037/s0037_00758_1_0_0_0_0_01.png
s0036_01623_1_1_0_2_0_01.png,train,0,s0036,1,1,2,0,01,data/raw/mrlEyes_2018_01/s0036/s0036_01623_1_1_0_2_0_01.png
s0019_05774_0_0_1_0_0_01.png,train,1,s0019,0,0,0,0,01,data/raw/mrlEyes_2018_01/s0019/s0019_05774_0_0_1_0_0_01.png
s0030_00315_0_0_0_0_1_01.png,val,0,s0030,0,0,0,1,01,data/raw/mrlEyes_2018_01/s0030/s0030_00315_0_0_0_0_1_01.png
s0029_01022_0_0_1_0_1_01.png,train,1,s0029,0,0,0,1,01,data/raw/mrlEyes_2018_01/s0029/s0029_01022_0_0_1_0_1_01.png
s0016_01805_1_0_1_0_0_01.png,test,1,s0016,1,0,0,0,01,data/raw/mrlEyes_2018_01/s0016/s0016_01805_1_0_1_0_0_01.png
s0009_00097_0_0_0_0_0_01.png,test,0,s0009,0,0,0,0,01,data/raw/mrlEyes_2018_01/s0009/s0009_00097_0_0_0_0_0_01.png
s0009_00164_0_0_0_0_0_01.png,test,0,s0009,0,0,0,0,01,data/raw/mrlEyes_2018_01/s0009/s0009_00164_0_0_0_0_0_01.png
s0032_00090_0_0_0_2_1_02.png,test,0,s0032,0,0,2,1,02,data/raw/mrlEyes_2018_01/s0032/s0032_00090_0_0_0_2_1_02.png
s0013_03248_0_0_1_0_0_01.png,val,1,s0013,0,0,0,0,01,data/raw/mrlEyes_2018_01/s0013/s0013_03248_0_0_1_0_0_01.png
s0020_00428_0_0_1_0_1_01.png,train,1,s0020,0,0,0,1,01,data/raw/mrlEyes_2018_01/s0020/s0020_00428_0_0_1_0_1_01.png
s0001_01149_0_1_0_2_0_01.png,val,0,s0001,0,1,2,0,01,data/raw/mrlEyes_2018_01/s0001/s0001_01149_0_1_0_2_0_01.png
s0003_00348_0_0_0_0_0_01.png,test,0,s0003,0,0,0,0,01,data/raw/mrlEyes_2018_01/s0003/s0003_00348_0_0_0_0_0_01.png
s0033_00107_0_0_0_0_1_01.png,test,0,s0033,0,0,0,1,01,data/raw/mrlEyes_2018_01/s0033/s0033_00107_0_0_0_0_1_01.png
s0015_00435_0_0_0_0_1_01.png,test,0,s0015,0,0,0,1,01,data/raw/mrlEyes_2018_01/s0015/s0015_00435_0_0_0_0_1_01.png
s0025_00107_0_0_0_0_0_01.png,train,0,s0025,0,0,0,0,01,data/raw/mrlEyes_2018_01/s0025/s0025_00107_0_0_0_0_0_01.png
s0012_02836_0_1_0_2_1_01.png,train,0,s0012,0,1,2,1,01,data/raw/mrlEyes_2018_01/s0012/s0012_02836_0_1_0_2_1_01.png
s0019_04722_0_0_1_0_0_01.png,train,1,s0019,0,0,0,0,01,data/raw/mrlEyes_2018_01/s0019/s0019_04722_0_0_1_0_0_01.png
s0009_00365_0_0_1_0_0_01.png,test,1,s0009,0,0,0,0,01,data/raw/mrlEyes_2018_01/s0009/s0009_00365_0_0_1_0_0_01.png
s0034_00658_0_0_1_0_0_02.png,train,1,s0034,0,0,0,0,02,data/raw/mrlEyes_2018_01/s0034/s0034_00658_0_0_1_0_0_02.png
s0008_00027_0_1_0_0_0_01.png,train,0,s0008,0,1,0,0,01,data/raw/mrlEyes_2018_01/s0008/s0008_00027_0_1_0_0_0_01.png
s0017_01359_1_0_1_0_0_01.png,test,1,s0017,1,0,0,0,01,data/raw/mrlEyes_2018_01/s0017/s0017_01359_1_0_1_0_0_01.png
s0026_00291_0_0_0_0_0_01.png,val,0,s0026,0,0,0,0,01,data/raw/mrlEyes_2018_01/s0026/s0026_00291_0_0_0_0_0_01.png
s0035_00428_0_1_1_0_1_02.png,train,1,s0035,0,1,0,1,02,data/raw/mrlEyes_2018_01/s0035/s0035_00428_0_1_1_0_1_02.png
s0037_09456_1_1_1_0_0_01.png,train,1,s0037,1,1,0,0,01,data/raw/mrlEyes_2018_01/s0037/s0037_09456_1_1_1_0_0_01.png
s0017_00744_1_0_0_0_0_01.png,test,0,s0017,1,0,0,0,01,data/raw/mrlEyes_2018_01/s0017/s0017_00744_1_0_0_0_0_01.png
s0023_00515_0_0_1_0_1_01.png,train,1,s0023,0,0,0,1,01,data/raw/mrlEyes_2018_01/s0023/s0023_00515_0_0_1_0_1_01.png
s0015_01109_0_0_1_0_0_01.png,test,1,s0015,0,0,0,0,01,data/raw/mrlEyes_2018_01/s0015/s0015_01109_0_0_1_0_0_01.png
s0014_07607_0_0_1_2_1_02.png,train,1,s0014,0,0,2,1,02,data/raw/mrlEyes_2018_01/s0014/s0014_07607_0_0_1_2_1_02.png
s0021_00053_0_0_0_0_0_01.png,train,0,s0021,0,0,0,0,01,data/raw/mrlEyes_2018_01/s0021/s0021_00053_0_0_0_0_0_01.png
s0017_01335_1_0_1_0_0_01.png,test,1,s0017,1,0,0,0,01,data/raw/mrlEyes_2018_01/s0017/s0017_01335_1_0_1_0_0_01.png
s0021_00007_0_0_0_0_1_01.png,train,0,s0021,0,0,0,1,01,data/raw/mrlEyes_2018_01/s0021/s0021_00007_0_0_0_0_1_01.png
s0012_06085_0_0_1_2_1_03.png,train,1,s0012,0,0,2,1,03,data/raw/mrlEyes_2018_01/s0012/s0012_06085_0_0_1_2_1_03.png
s0026_01163_0_0_1_0_0_01.png,val,1,s0026,0,0,0,0,01,data/raw/mrlEyes_2018_01/s0026/s0026_01163_0_0_1_0_0_01.png
s0029_00937_0_0_1_0_1_01.png,train,1,s0029,0,0,0,1,01,data/raw/mrlEyes_2018_01/s0029/s0029_00937_0_0_1_0_1_01.png
s0027_00345_0_0_1_0_0_01.png,val,1,s0027,0,0,0,0,01,data/raw/mrlEyes_2018_01/s0027/s0027_00345_0_0_1_0_0_01.png
s0036_05078_1_1_1_0_0_01.png,train,1,s0036,1,1,0,0,01,data/raw/mrlEyes_2018_01/s0036/s0036_05078_1_1_1_0_0_01.png
s0001_03181_0_1_1_2_0_01.png,val,1,s0001,0,1,2,0,01,data/raw/mrlEyes_2018_01/s0001/s0001_03181_0_1_1_2_0_01.png
s0023_00003_0_0_0_0_1_01.png,train,0,s0023,0,0,0,1,01,data/raw/mrlEyes_2018_01/s0023/s0023_00003_0_0_0_0_1_01.png
s0011_01058_0_0_0_0_0_01.png,train,0,s0011,0,0,0,0,01,data/raw/mrlEyes_2018_01/s0011/s0011_01058_0_0_0_0_0_01.png
s0028_00536_0_1_1_0_0_01.png,train,1,s0028,0,1,0,0,01,data/raw/mrlEyes_2018_01/s0028/s0028_00536_0_1_1_0_0_01.png
s0031_00177_1_0_0_2_1_02.png,train,0,s0031,1,0,2,1,02,data/raw/mrlEyes_2018_01/s0031/s0031_00177_1_0_0_2_1_02.png
s0003_00666_0_0_1_0_0_01.png,test,1,s0003,0,0,0,0,01,data/raw/mrlEyes_2018_01/s0003/s0003_00666_0_0_1_0_0_01.png
s0004_00213_0_0_0_0_0_01.png,val,0,s0004,0,0,0,0,01,data/raw/mrlEyes_2018_01/s0004/s0004_00213_0_0_0_0_0_01.png
s0027_00049_0_1_0_2_0_01.png,val,0,s0027,0,1,2,0,01,data/raw/mrlEyes_2018_01/s0027/s0027_00049_0_1_0_2_0_01.png
s0022_00226_0_0_1_0_1_01.png,train,1,s0022,0,0,0,1,01,data/raw/mrlEyes_2018_01/s0022/s0022_00226_0_0_1_0_1_01.png
s0037_03985_1_1_0_0_0_01.png,train,0,s0037,1,1,0,0,01,data/raw/mrlEyes_2018_01/s0037/s0037_03985_1_1_0_0_0_01.png
s0021_00075_0_1_0_0_0_01.png,train,0,s0021,0,1,0,0,01,data/raw/mrlEyes_2018_01/s0021/s0021_00075_0_1_0_0_0_01.png
s0029_01153_0_0_1_0_1_01.png,train,1,s0029,0,0,0,1,01,data/raw/mrlEyes_2018_01/s0029/s0029_01153_0_0_1_0_1_01.png
s0016_01758_1_0_1_0_1_01.png,test,1,s0016,1,0,0,1,01,data/raw/mrlEyes_2018_01/s0016/s0016_01758_1_0_1_0_1_01.png
s0020_00013_0_0_0_0_1_01.png,train,0,s0020,0,0,0,1,01,data/raw/mrlEyes_2018_01/s0020/s0020_00013_0_0_0_0_1_01.png
s0024_00696_0_1_1_0_0_01.png,train,1,s0024,0,1,0,0,01,data/raw/mrlEyes_2018_01/s0024/s0024_00696_0_1_1_0_0_01.png
s0002_00413_0_0_0_0_1_01.png,train,0,s0002,0,0,0,1,01,data/raw/mrlEyes_2018_01/s0002/s0002_00413_0_0_0_0_1_01.png
s0002_01076_0_0_1_0_0_01.png,train,1,s0002,0,0,0,0,01,data/raw/mrlEyes_2018_01/s0002/s0002_01076_0_0_1_0_0_01.png
s0036_04241_1_0_1_0_0_01.png,train,1,s0036,1,0,0,0,01,data/raw/mrlEyes_2018_01/s0036/s0036_04241_1_0_1_0_0_01.png
s0024_00107_0_1_0_2_0_01.png,train,0,s0024,0,1,2,0,01,data/raw/mrlEyes_2018_01/s0024/s0024_00107_0_1_0_2_0_01.png
s0031_00398_1_0_1_1_1_02.png,train,1,s0031,1,0,1,1,02,data/raw/mrlEyes_2018_01/s0031/s0031_00398_1_0_1_1_1_02.png
s0026_00070_0_0_0_0_0_01.png,val,0,s0026,0,0,0,0,01,data/raw/mrlEyes_2018_01/s0026/s0026_00070_0_0_0_0_0_01.png
s0036_00840_1_1_0_0_0_01.png,train,0,s0036,1,1,0,0,01,data/raw/mrlEyes_2018_01/s0036/s0036_00840_1_1_0_0_0_01.png
s0020_00169_0_0_1_0_1_01.png,train,1,s0020,0,0,0,1,01,data/raw/mrlEyes_2018_01/s0020/s0020_00169_0_0_1_0_1_01.png
s0013_03254_0_0_1_0_0_01.png,val,1,s0013,0,0,0,0,01,data/raw/mrlEyes_2018_01/s0013/s0013_03254_0_0_1_0_0_01.png
s0036_01238_1_1_0_0_0_01.png,train,0,s0036,1,1,0,0,01,data/raw/mrlEyes_2018_01/s0036/s0036_01238_1_1_0_0_0_01.png
s0008_00023_0_1_0_0_0_01.png,train,0,s0008,0,1,0,0,01,data/raw/mrlEyes_2018_01/s0008/s0008_00023_0_1_0_0_0_01.png
s0007_00056_0_0_0_0_0_01.png,test,0,s0007,0,0,0,0,01,data/raw/mrlEyes_2018_01/s0007/s0007_00056_0_0_0_0_0_01.png
s0029_00759_0_0_1_0_1_01.png,train,1,s0029,0,0,0,1,01,data/raw/mrlEyes_2018_01/s0029/s0029_00759_0_0_1_0_1_01.png
s0026_00014_0_0_0_0_1_01.png,val,0,s0026,0,0,0,1,01,data/raw/mrlEyes_2018_01/s0026/s0026_00014_0_0_0_0_1_01.png
s0011_01648_0_0_1_0_0_01.png,train,1,s0011,0,0,0,0,01,data/raw/mrlEyes_2018_01/s0011/s0011_01648_0_0_1_0_0_01.png
s0010_00360_0_0_1_0_0_01.png,train,1,s0010,0,0,0,0,01,data/raw/mrlEyes_2018_01/s0010/s0010_00360_0_0_1_0_0_01.png
s0011_01267_0_0_0_0_0_01.png,train,0,s0011,0,0,0,0,01,data/raw/mrlEyes_2018_01/s0011/s0011_01267_0_0_0_0_0_01.png
s0020_00611_0_0_1_0_1_01.png,train,1,s0020,0,0,0,1,01,data/raw/mrlEyes_2018_01/s0020/s0020_00611_0_0_1_0_1_01.png
s0002_00076_0_0_0_0_0_01.png,train,0,s0002,0,0,0,0,01,data/raw/mrlEyes_2018_01/s0002/s0002_00076_0_0_0_0_0_01.png
s0032_00129_0_0_0_0_1_02.png,test,0,s0032,0,0,0,1,02,data/raw/mrlEyes_2018_01/s0032/s0032_00129_0_0_0_0_1_02.png
s0011_01631_0_0_1_0_0_01.png,train,1,s0011,0,0,0,0,01,data/raw/mrlEyes_2018_01/s0011/s0011_01631_0_0_1_0_0_01.png
s0033_00334_0_0_1_0_0_01.png,test,1,s0033,0,0,0,0,01,data/raw/mrlEyes_2018_01/s0033/s0033_00334_0_0_1_0_0_01.png
s0017_01450_1_0_1_0_1_01.png,test,1,s0017,1,0,0,1,01,data/raw/mrlEyes_2018_01/s0017/s0017_01450_1_0_1_0_1_01.png
s0015_01019_0_0_1_0_1_01.png,test,1,s0015,0,0,0,1,01,data/raw/mrlEyes_2018_01/s0015/s0015_01019_0_0_1_0_1_01.png
s0009_00384_0_0_1_0_0_01.png,test,1,s0009,0,0,0,0,01,data/raw/mrlEyes_2018_01/s0009/s0009_00384_0_0_1_0_0_01.png
s0033_00416_0_0_1_0_1_01.png,test,1,s0033,0,0,0,1,01,data/raw/mrlEyes_2018_01/s0033/s0033_00416_0_0_1_0_1_01.png
s0013_01539_0_0_0_0_0_01.png,val,0,s0013,0,0,0,0,01,data/raw/mrlEyes_2018_01/s0013/s0013_01539_0_0_0_0_0_01.png
s0007_00600_0_0_0_0_0_01.png,test,0,s0007,0,0,0,0,01,data/raw/mrlEyes_2018_01/s0007/s0007_00600_0_0_0_0_0_01.png
s0032_00028_0_0_0_0_1_02.png,test,0,s0032,0,0,0,1,02,data/raw/mrlEyes_2018_01/s0032/s0032_00028_0_0_0_0_1_02.png
s0001_03197_0_1_1_2_0_01.png,val,1,s0001,0,1,2,0,01,data/raw/mrlEyes_2018_01/s0001/s0001_03197_0_1_1_2_0_01.png
s0020_00160_0_0_1_0_1_01.png,train,1,s0020,0,0,0,1,01,data/raw/mrlEyes_2018_01/s0020/s0020_00160_0_0_1_0_1_01.png
s0009_00317_0_0_0_0_0_01.png,test,0,s0009,0,0,0,0,01,data/raw/mrlEyes_2018_01/s0009/s0009_00317_0_0_0_0_0_01.png
s0012_07474_0_0_1_0_1_01.png,train,1,s0012,0,0,0,1,01,data/raw/mrlEyes_2018_01/s0012/s0012_07474_0_0_1_0_1_01.png
s0019_03989_0_0_1_0_0_01.png,train,1,s0019,0,0,0,0,01,data/raw/mrlEyes_2018_01/s0019/s0019_03989_0_0_1_0_0_01.png
s0021_00558_0_1_1_2_0_01.png,train,1,s0021,0,1,2,0,01,data/raw/mrlEyes_2018_01/s0021/s0021_00558_0_1_1_2_0_01.png
s0014_01334_0_0_0_0_1_01.png,train,0,s0014,0,0,0,1,01,data/raw/mrlEyes_2018_01/s0014/s0014_01334_0_0_0_0_1_01.png
s0031_01455_1_0_1_2_1_02.png,train,1,s0031,1,0,2,1,02,data/raw/mrlEyes_2018_01/s0031/s0031_01455_1_0_1_2_1_02.png
s0025_00121_0_0_0_0_0_01.png,train,0,s0025,0,0,0,0,01,data/raw/mrlEyes_2018_01/s0025/s0025_00121_0_0_0_0_0_01.png
s0022_00110_0_1_0_2_1_01.png,train,0,s0022,0,1,2,1,01,data/raw/mrlEyes_2018_01/s0022/s0022_00110_0_1_0_2_1_01.png
s0034_00077_0_0_0_0_0_02.png,train,0,s0034,0,0,0,0,02,data/raw/mrlEyes_2018_01/s0034/s0034_00077_0_0_0_0_0_02.png
s0028_00639_0_1_1_0_0_01.png,train,1,s0028,0,1,0,0,01,data/raw/mrlEyes_2018_01/s0028/s0028_00639_0_1_1_0_0_01.png
s0016_01829_1_0_1_0_0_01.png,test,1,s0016,1,0,0,0,01,data/raw/mrlEyes_2018_01/s0016/s0016_01829_1_0_1_0_0_01.png
s0022_00256_0_0_1_0_1_01.png,train,1,s0022,0,0,0,1,01,data/raw/mrlEyes_2018_01/s0022/s0022_00256_0_0_1_0_1_01.png
s0031_00168_1_0_0_1_1_02.png,train,0,s0031,1,0,1,1,02,data/raw/mrlEyes_2018_01/s0031/s0031_00168_1_0_0_1_1_02.png
s0019_03550_0_0_1_0_0_01.png,train,1,s0019,0,0,0,0,01,data/raw/mrlEyes_2018_01/s0019/s0019_03550_0_0_1_0_0_01.png
s0012_00834_0_0_0_0_1_01.png,train,0,s0012,0,0,0,1,01,data/raw/mrlEyes_2018_01/s0012/s0012_00834_0_0_0_0_1_01.png
s0019_02684_0_0_0_0_0_01.png,train,0,s0019,0,0,0,0,01,data/raw/mrlEyes_2018_01/s0019/s0019_02684_0_0_0_0_0_01.png
s0002_01080_0_0_1_0_0_01.png,train,1,s0002,0,0,0,0,01,data/raw/mrlEyes_2018_01/s0002/s0002_01080_0_0_1_0_0_01.png
s0012_01259_0_0_0_0_1_01.png,train,0,s0012,0,0,0,1,01,data/raw/mrlEyes_2018_01/s0012/s0012_01259_0_0_0_0_1_01.png
s0012_02107_0_1_0_1_0_01.png,train,0,s0012,0,1,1,0,01,data/raw/mrlEyes_2018_01/s0012/s0012_02107_0_1_0_1_0_01.png
s0009_00178_0_0_0_0_0_01.png,test,0,s0009,0,0,0,0,01,data/raw/mrlEyes_2018_01/s0009/s0009_00178_0_0_0_0_0_01.png
s0027_00061_0_1_0_2_0_01.png,val,0,s0027,0,1,2,0,01,data/raw/mrlEyes_2018_01/s0027/s0027_00061_0_1_0_2_0_01.png
s0020_00454_0_0_1_0_0_01.png,train,1,s0020,0,0,0,0,01,data/raw/mrlEyes_2018_01/s0020/s0020_00454_0_0_1_0_0_01.png
s0002_01043_0_0_1_0_0_01.png,train,1,s0002,0,0,0,0,01,data/raw/mrlEyes_2018_01/s0002/s0002_01043_0_0_1_0_0_01.png
s0034_00065_0_0_0_0_0_02.png,train,0,s0034,0,0,0,0,02,data/raw/mrlEyes_2018_01/s0034/s0034_00065_0_0_0_0_0_02.png
s0013_03513_0_1_1_1_0_01.png,val,1,s0013,0,1,1,0,01,data/raw/mrlEyes_2018_01/s0013/s0013_03513_0_1_1_1_0_01.png
s0026_00174_0_0_0_0_0_01.png,val,0,s0026,0,0,0,0,01,data/raw/mrlEyes_2018_01/s0026/s0026_00174_0_0_0_0_0_01.png
s0018_00429_0_0_0_0_1_01.png,train,0,s0018,0,0,0,1,01,data/raw/mrlEyes_2018_01/s0018/s0018_00429_0_0_0_0_1_01.png
s0010_00385_0_0_1_0_0_01.png,train,1,s0010,0,0,0,0,01,data/raw/mrlEyes_2018_01/s0010/s0010_00385_0_0_1_0_0_01.png
s0006_00777_0_1_0_1_0_01.png,train,0,s0006,0,1,1,0,01,data/raw/mrlEyes_2018_01/s0006/s0006_00777_0_1_0_1_0_01.png
s0029_00098_0_0_0_0_0_01.png,train,0,s0029,0,0,0,0,01,data/raw/mrlEyes_2018_01/s0029/s0029_00098_0_0_0_0_0_01.png
s0015_00297_0_0_0_0_1_01.png,test,0,s0015,0,0,0,1,01,data/raw/mrlEyes_2018_01/s0015/s0015_00297_0_0_0_0_1_01.png
s0027_00249_0_0_1_0_0_01.png,val,1,s0027,0,0,0,0,01,data/raw/mrlEyes_2018_01/s0027/s0027_00249_0_0_1_0_0_01.png
s0027_00555_0_1_1_2_0_01.png,val,1,s0027,0,1,2,0,01,data/raw/mrlEyes_2018_01/s0027/s0027_00555_0_1_1_2_0_01.png
s0030_00694_0_0_1_0_1_01.png,val,1,s0030,0,0,0,1,01,data/raw/mrlEyes_2018_01/s0030/s0030_00694_0_0_1_0_1_01.png
s0031_00133_1_0_0_2_1_02.png,train,0,s0031,1,0,2,1,02,data/raw/mrlEyes_2018_01/s0031/s0031_00133_1_0_0_2_1_02.png
s0022_00324_0_1_1_2_1_01.png,train,1,s0022,0,1,2,1,01,data/raw/mrlEyes_2018_01/s0022/s0022_00324_0_1_1_2_1_01.png
s0019_05987_0_0_1_0_0_01.png,train,1,s0019,0,0,0,0,01,data/raw/mrlEyes_2018_01/s0019/s0019_05987_0_0_1_0_0_01.png
s0003_00564_0_0_1_0_0_01.png,test,1,s0003,0,0,0,0,01,data/raw/mrlEyes_2018_01/s0003/s0003_00564_0_0_1_0_0_01.png
s0032_00947_0_1_1_2_1_02.png,test,1,s0032,0,1,2,1,02,data/raw/mrlEyes_2018_01/s0032/s0032_00947_0_1_1_2_1_02.png
s0003_00387_0_0_0_0_0_01.png,test,0,s0003,0,0,0,0,01,data/raw/mrlEyes_2018_01/s0003/s0003_00387_0_0_0_0_0_01.png
s0023_00429_0_0_1_0_1_01.png,train,1,s0023,0,0,0,1,01,data/raw/mrlEyes_2018_01/s0023/s0023_00429_0_0_1_0_1_01.png
s0021_00874_0_1_1_2_0_01.png,train,1,s0021,0,1,2,0,01,data/raw/mrlEyes_2018_01/s0021/s0021_00874_0_1_1_2_0_01.png
s0020_00238_0_0_1_0_1_01.png,train,1,s0020,0,0,0,1,01,data/raw/mrlEyes_2018_01/s0020/s0020_00238_0_0_1_0_1_01.png
s0012_03081_0_1_0_0_0_01.png,train,0,s0012,0,1,0,0,01,data/raw/mrlEyes_2018_01/s0012/s0012_03081_0_1_0_0_0_01.png
s0026_00548_0_0_1_0_1_01.png,val,1,s0026,0,0,0,1,01,data/raw/mrlEyes_2018_01/s0026/s0026_00548_0_0_1_0_1_01.png
s0030_00634_0_0_1_0_1_01.png,val,1,s0030,0,0,0,1,01,data/raw/mrlEyes_2018_01/s0030/s0030_00634_0_0_1_0_1_01.png
s0031_00486_1_0_1_1_1_02.png,train,1,s0031,1,0,1,1,02,data/raw/mrlEyes_2018_01/s0031/s0031_00486_1_0_1_1_1_02.png
s0015_01038_0_0_1_0_1_01.png,test,1,s0015,0,0,0,1,01,data/raw/mrlEyes_2018_01/s0015/s0015_01038_0_0_1_0_1_01.png
s0019_00213_0_0_0_0_0_01.png,train,0,s0019,0,0,0,0,01,data/raw/mrlEyes_2018_01/s0019/s0019_00213_0_0_0_0_0_01.png
s0018_03964_0_0_1_0_1_01.png,train,1,s0018,0,0,0,1,01,data/raw/mrlEyes_2018_01/s0018/s0018_03964_0_0_1_0_1_01.png
s0005_00734_0_0_1_0_0_01.png,val,1,s0005,0,0,0,0,01,data/raw/mrlEyes_2018_01/s0005/s0005_00734_0_0_1_0_0_01.png
s0024_00453_0_0_1_0_0_01.png,train,1,s0024,0,0,0,0,01,data/raw/mrlEyes_2018_01/s0024/s0024_00453_0_0_1_0_0_01.png
s0008_00141_0_1_0_2_0_01.png,train,0,s0008,0,1,2,0,01,data/raw/mrlEyes_2018_01/s0008/s0008_00141_0_1_0_2_0_01.png
s0008_00466_0_1_0_0_0_01.png,train,0,s0008,0,1,0,0,01,data/raw/mrlEyes_2018_01/s0008/s0008_00466_0_1_0_0_0_01.png
s0017_00351_1_0_0_0_1_01.png,test,0,s0017,1,0,0,1,01,data/raw/mrlEyes_2018_01/s0017/s0017_00351_1_0_0_0_1_01.png
s0027_00191_0_0_1_0_0_01.png,val,1,s0027,0,0,0,0,01,data/raw/mrlEyes_2018_01/s0027/s0027_00191_0_0_1_0_0_01.png
s0003_00601_0_0_1_0_0_01.png,test,1,s0003,0,0,0,0,01,data/raw/mrlEyes_2018_01/s0003/s0003_00601_0_0_1_0_0_01.png
s0021_00310_0_0_1_0_0_01.png,train,1,s0021,0,0,0,0,01,data/raw/mrlEyes_2018_01/s0021/s0021_00310_0_0_1_0_0_01.png
s0014_00624_0_0_0_0_0_01.png,train,0,s0014,0,0,0,0,01,data/raw/mrlEyes_2018_01/s0014/s0014_00624_0_0_0_0_0_01.png
s0020_00279_0_0_1_0_1_01.png,train,1,s0020,0,0,0,1,01,data/raw/mrlEyes_2018_01/s0020/s0020_00279_0_0_1_0_1_01.png
s0018_00679_0_0_0_0_1_01.png,train,0,s0018,0,0,0,1,01,data/raw/mrlEyes_2018_01/s0018/s0018_00679_0_0_0_0_1_01.png
s0021_00615_0_1_1_2_0_01.png,train,1,s0021,0,1,2,0,01,data/raw/mrlEyes_2018_01/s0021/s0021_00615_0_1_1_2_0_01.png
s0036_04908_1_0_1_0_0_01.png,train,1,s0036,1,0,0,0,01,data/raw/mrlEyes_2018_01/s0036/s0036_04908_1_0_1_0_0_01.png
s0012_00956_0_0_0_0_1_01.png,train,0,s0012,0,0,0,1,01,data/raw/mrlEyes_2018_01/s0012/s0012_00956_0_0_0_0_1_01.png
s0025_00551_0_0_1_0_0_01.png,train,1,s0025,0,0,0,0,01,data/raw/mrlEyes_2018_01/s0025/s0025_00551_0_0_1_0_0_01.png
s0005_00712_0_0_1_0_0_01.png,val,1,s0005,0,0,0,0,01,data/raw/mrlEyes_2018_01/s0005/s0005_00712_0_0_1_0_0_01.png
s0009_00263_0_0_0_0_0_01.png,test,0,s0009,0,0,0,0,01,data/raw/mrlEyes_2018_01/s0009/s0009_00263_0_0_0_0_0_01.png
s0004_00734_0_0_0_0_0_01.png,val,0,s0004,0,0,0,0,01,data/raw/mrlEyes_2018_01/s0004/s0004_00734_0_0_0_0_0_01.png
s0033_00427_0_0_1_0_1_01.png,test,1,s0033,0,0,0,1,01,data/raw/mrlEyes_2018_01/s0033/s0033_00427_0_0_1_0_1_01.png
s0029_00142_0_0_0_0_1_01.png,train,0,s0029,0,0,0,1,01,data/raw/mrlEyes_2018_01/s0029/s0029_00142_0_0_0_0_1_01.png
s0022_00264_0_0_1_0_1_01.png,train,1,s0022,0,0,0,1,01,data/raw/mrlEyes_2018_01/s0022/s0022_00264_0_0_1_0_1_01.png
s0034_00064_0_0_0_0_0_02.png,train,0,s0034,0,0,0,0,02,data/raw/mrlEyes_2018_01/s0034/s0034_00064_0_0_0_0_0_02.png
s0013_00485_0_0_0_0_0_01.png,val,0,s0013,0,0,0,0,01,data/raw/mrlEyes_2018_01/s0013/s0013_00485_0_0_0_0_0_01.png
s0007_00155_0_0_0_0_1_01.png,test,0,s0007,0,0,0,1,01,data/raw/mrlEyes_2018_01/s0007/s0007_00155_0_0_0_0_1_01.png
s0037_07908_1_0_1_0_0_01.png,train,1,s0037,1,0,0,0,01,data/raw/mrlEyes_2018_01/s0037/s0037_07908_1_0_1_0_0_01.png
s0013_03316_0_0_1_0_0_01.png,val,1,s0013,0,0,0,0,01,data/raw/mrlEyes_2018_01/s0013/s0013_03316_0_0_1_0_0_01.png
s0012_02022_0_1_0_0_0_01.png,train,0,s0012,0,1,0,0,01,data/raw/mrlEyes_2018_01/s0012/s0012_02022_0_1_0_0_0_01.png
s0009_00360_0_0_0_0_0_01.png,test,0,s0009,0,0,0,0,01,data/raw/mrlEyes_2018_01/s0009/s0009_00360_0_0_0_0_0_01.png
s0019_03603_0_0_1_0_0_01.png,train,1,s0019,0,0,0,0,01,data/raw/mrlEyes_2018_01/s0019/s0019_03603_0_0_1_0_0_01.png
s0017_00647_1_0_0_0_0_01.png,test,0,s0017,1,0,0,0,01,data/raw/mrlEyes_2018_01/s0017/s0017_00647_1_0_0_0_0_01.png
s0012_05213_0_0_1_0_0_03.png,train,1,s0012,0,0,0,0,03,data/raw/mrlEyes_2018_01/s0012/s0012_05213_0_0_1_0_0_03.png
s0002_01074_0_0_1_0_0_01.png,train,1,s0002,0,0,0,0,01,data/raw/mrlEyes_2018_01/s0002/s0002_01074_0_0_1_0_0_01.png
s0020_00657_0_0_1_0_0_01.png,train,1,s0020,0,0,0,0,01,data/raw/mrlEyes_2018_01/s0020/s0020_00657_0_0_1_0_0_01.png
s0024_00378_0_0_1_0_0_01.png,train,1,s0024,0,0,0,0,01,data/raw/mrlEyes_2018_01/s0024/s0024_00378_0_0_1_0_0_01.png
s0013_03424_0_0_1_0_0_01.png,val,1,s0013,0,0,0,0,01,data/raw/mrlEyes_2018_01/s0013/s0013_03424_0_0_1_0_0_01.png
s0037_07684_1_0_1_0_0_01.png,train,1,s0037,1,0,0,0,01,data/raw/mrlEyes_2018_01/s0037/s0037_07684_1_0_1_0_0_01.png
s0006_00441_0_1_0_1_0_01.png,train,0,s0006,0,1,1,0,01,data/raw/mrlEyes_2018_01/s0006/s0006_00441_0_1_0_1_0_01.png
s0024_00128_0_1_0_0_0_01.png,train,0,s0024,0,1,0,0,01,data/raw/mrlEyes_2018_01/s0024/s0024_00128_0_1_0_0_0_01.png
s0017_01395_1_0_1_0_0_01.png,test,1,s0017,1,0,0,0,01,data/raw/mrlEyes_2018_01/s0017/s0017_01395_1_0_1_0_0_01.png
s0023_00027_0_0_0_0_1_01.png,train,0,s0023,0,0,0,1,01,data/raw/mrlEyes_2018_01/s0023/s0023_00027_0_0_0_0_1_01.png
s0034_00632_0_0_1_0_0_02.png,train,1,s0034,0,0,0,0,02,data/raw/mrlEyes_2018_01/s0034/s0034_00632_0_0_1_0_0_02.png
s0002_00464_0_0_0_0_0_01.png,train,0,s0002,0,0,0,0,01,data/raw/mrlEyes_2018_01/s0002/s0002_00464_0_0_0_0_0_01.png
s0028_00013_0_1_0_0_0_01.png,train,0,s0028,0,1,0,0,01,data/raw/mrlEyes_2018_01/s0028/s0028_00013_0_1_0_0_0_01.png
s0003_00642_0_0_1_0_0_01.png,test,1,s0003,0,0,0,0,01,data/raw/mrlEyes_2018_01/s0003/s0003_00642_0_0_1_0_0_01.png
s0030_00831_0_0_1_0_1_01.png,val,1,s0030,0,0,0,1,01,data/raw/mrlEyes_2018_01/s0030/s0030_00831_0_0_1_0_1_01.png
s0014_03692_0_0_0_0_0_01.png,train,0,s0014,0,0,0,0,01,data/raw/mrlEyes_2018_01/s0014/s0014_03692_0_0_0_0_0_01.png
s0034_00025_0_0_0_0_0_02.png,train,0,s0034,0,0,0,0,02,data/raw/mrlEyes_2018_01/s0034/s0034_00025_0_0_0_0_0_02.png
s0023_00462_0_0_1_0_1_01.png,train,1,s0023,0,0,0,1,01,data/raw/mrlEyes_2018_01/s0023/s0023_00462_0_0_1_0_1_01.png
s0012_02474_0_1_0_0_0_01.png,train,0,s0012,0,1,0,0,01,data/raw/mrlEyes_2018_01/s0012/s0012_02474_0_1_0_0_0_01.png
s0032_03173_0_0_1_1_0_02.png,test,1,s0032,0,0,1,0,02,data/raw/mrlEyes_2018_01/s0032/s0032_03173_0_0_1_1_0_02.png
s0031_00100_1_0_0_0_1_02.png,train,0,s0031,1,0,0,1,02,data/raw/mrlEyes_2018_01/s0031/s0031_00100_1_0_0_0_1_02.png
s0008_00038_0_1_0_0_0_01.png,train,0,s0008,0,1,0,0,01,data/raw/mrlEyes_2018_01/s0008/s0008_00038_0_1_0_0_0_01.png
s0033_00074_0_0_0_0_0_01.png,test,0,s0033,0,0,0,0,01,data/raw/mrlEyes_2018_01/s0033/s0033_00074_0_0_0_0_0_01.png
s0027_00330_0_0_1_0_0_01.png,val,1,s0027,0,0,0,0,01,data/raw/mrlEyes_2018_01/s0027/s0027_00330_0_0_1_0_0_01.png
s0016_01242_1_0_0_0_1_01.png,test,0,s0016,1,0,0,1,01,data/raw/mrlEyes_2018_01/s0016/s0016_01242_1_0_0_0_1_01.png
s0036_04046_1_0_1_0_0_01.png,train,1,s0036,1,0,0,0,01,data/raw/mrlEyes_2018_01/s0036/s0036_04046_1_0_1_0_0_01.png
s0003_00072_0_0_0_0_0_01.png,test,0,s0003,0,0,0,0,01,data/raw/mrlEyes_2018_01/s0003/s0003_00072_0_0_0_0_0_01.png
s0015_00587_0_0_0_0_1_01.png,test,0,s0015,0,0,0,1,01,data/raw/mrlEyes_2018_01/s0015/s0015_00587_0_0_0_0_1_01.png
s0034_00095_0_0_0_0_0_02.png,train,0,s0034,0,0,0,0,02,data/raw/mrlEyes_2018_01/s0034/s0034_00095_0_0_0_0_0_02.png
s0021_00062_0_1_0_0_0_01.png,train,0,s0021,0,1,0,0,01,data/raw/mrlEyes_2018_01/s0021/s0021_00062_0_1_0_0_0_01.png
s0034_00367_0_0_1_0_0_02.png,train,1,s0034,0,0,0,0,02,data/raw/mrlEyes_2018_01/s0034/s0034_00367_0_0_1_0_0_02.png
s0021_00670_0_1_1_2_0_01.png,train,1,s0021,0,1,2,0,01,data/raw/mrlEyes_2018_01/s0021/s0021_00670_0_1_1_2_0_01.png
s0015_01044_0_0_1_0_1_01.png,test,1,s0015,0,0,0,1,01,data/raw/mrlEyes_2018_01/s0015/s0015_01044_0_0_1_0_1_01.png
s0036_00904_1_1_0_0_0_01.png,train,0,s0036,1,1,0,0,01,data/raw/mrlEyes_2018_01/s0036/s0036_00904_1_1_0_0_0_01.png
s0013_01802_0_1_0_0_0_01.png,val,0,s0013,0,1,0,0,01,data/raw/mrlEyes_2018_01/s0013/s0013_01802_0_1_0_0_0_01.png
s0024_00003_0_0_0_0_0_01.png,train,0,s0024,0,0,0,0,01,data/raw/mrlEyes_2018_01/s0024/s0024_00003_0_0_0_0_0_01.png
s0022_00266_0_0_1_0_1_01.png,train,1,s0022,0,0,0,1,01,data/raw/mrlEyes_2018_01/s0022/s0022_00266_0_0_1_0_1_01.png
s0035_00523_0_1_1_0_0_02.png,train,1,s0035,0,1,0,0,02,data/raw/mrlEyes_2018_01/s0035/s0035_00523_0_1_1_0_0_02.png
s0028_00073_0_0_1_0_0_01.png,train,1,s0028,0,0,0,0,01,data/raw/mrlEyes_2018_01/s0028/s0028_00073_0_0_1_0_0_01.png
s0015_00194_0_0_0_0_1_01.png,test,0,s0015,0,0,0,1,01,data/raw/mrlEyes_2018_01/s0015/s0015_00194_0_0_0_0_1_01.png
s0034_00224_0_0_1_0_0_02.png,train,1,s0034,0,0,0,0,02,data/raw/mrlEyes_2018_01/s0034/s0034_00224_0_0_1_0_0_02.png
s0010_00315_0_0_0_0_0_01.png,train,0,s0010,0,0,0,0,01,data/raw/mrlEyes_2018_01/s0010/s0010_00315_0_0_0_0_0_01.png
s0036_05671_1_1_1_2_0_01.png,train,1,s0036,1,1,2,0,01,data/raw/mrlEyes_2018_01/s0036/s0036_05671_1_1_1_2_0_01.png
s0018_02972_0_1_0_0_0_01.png,train,0,s0018,0,1,0,0,01,data/raw/mrlEyes_2018_01/s0018/s0018_02972_0_1_0_0_0_01.png
s0013_00389_0_0_0_0_0_01.png,val,0,s0013,0,0,0,0,01,data/raw/mrlEyes_2018_01/s0013/s0013_00389_0_0_0_0_0_01.png
s0014_03505_0_1_0_0_0_01.png,train,0,s0014,0,1,0,0,01,data/raw/mrlEyes_2018_01/s0014/s0014_03505_0_1_0_0_0_01.png
s0023_00161_0_0_1_0_1_01.png,train,1,s0023,0,0,0,1,01,data/raw/mrlEyes_2018_01/s0023/s0023_00161_0_0_1_0_1_01.png
s0018_03799_0_0_1_0_1_01.png,train,1,s0018,0,0,0,1,01,data/raw/mrlEyes_2018_01/s0018/s0018_03799_0_0_1_0_1_01.png
s0030_00226_0_0_0_0_1_01.png,val,0,s0030,0,0,0,1,01,data/raw/mrlEyes_2018_01/s0030/s0030_00226_0_0_0_0_1_01.png
s0002_01022_0_0_1_0_0_01.png,train,1,s0002,0,0,0,0,01,data/raw/mrlEyes_2018_01/s0002/s0002_01022_0_0_1_0_0_01.png
s0018_00514_0_0_0_0_1_01.png,train,0,s0018,0,0,0,1,01,data/raw/mrlEyes_2018_01/s0018/s0018_00514_0_0_0_0_1_01.png
s0011_01589_0_0_1_0_0_01.png,train,1,s0011,0,0,0,0,01,data/raw/mrlEyes_2018_01/s0011/s0011_01589_0_0_1_0_0_01.png
s0027_00033_0_1_0_2_0_01.png,val,0,s0027,0,1,2,0,01,data/raw/mrlEyes_2018_01/s0027/s0027_00033_0_1_0_2_0_01.png
s0019_01027_0_0_0_0_0_01.png,train,0,s0019,0,0,0,0,01,data/raw/mrlEyes_2018_01/s0019/s0019_01027_0_0_0_0_0_01.png
s0013_03494_0_1_1_0_0_01.png,val,1,s0013,0,1,0,0,01,data/raw/mrlEyes_2018_01/s0013/s0013_03494_0_1_1_0_0_01.png
s0028_00204_0_0_1_0_0_01.png,train,1,s0028,0,0,0,0,01,data/raw/mrlEyes_2018_01/s0028/s0028_00204_0_0_1_0_0_01.png
s0022_00291_0_1_1_2_1_01.png,train,1,s0022,0,1,2,1,01,data/raw/mrlEyes_2018_01/s0022/s0022_00291_0_1_1_2_1_01.png
s0007_00104_0_0_0_0_1_01.png,test,0,s0007,0,0,0,1,01,data/raw/mrlEyes_2018_01/s0007/s0007_00104_0_0_0_0_1_01.png
s0001_02639_0_1_1_2_0_01.png,val,1,s0001,0,1,2,0,01,data/raw/mrlEyes_2018_01/s0001/s0001_02639_0_1_1_2_0_01.png
s0033_00044_0_0_0_0_1_01.png,test,0,s0033,0,0,0,1,01,data/raw/mrlEyes_2018_01/s0033/s0033_00044_0_0_0_0_1_01.png
s0018_03934_0_0_1_0_1_01.png,train,1,s0018,0,0,0,1,01,data/raw/mrlEyes_2018_01/s0018/s0018_03934_0_0_1_0_1_01.png
s0015_00134_0_0_0_0_1_01.png,test,0,s0015,0,0,0,1,01,data/raw/mrlEyes_2018_01/s0015/s0015_00134_0_0_0_0_1_01.png
s0016_01839_1_0_1_0_0_01.png,test,1,s0016,1,0,0,0,01,data/raw/mrlEyes_2018_01/s0016/s0016_01839_1_0_1_0_0_01.png
s0036_01020_1_1_0_0_0_01.png,train,0,s0036,1,1,0,0,01,data/raw/mrlEyes_2018_01/s0036/s0036_01020_1_1_0_0_0_01.png
s0032_00060_0_0_0_0_1_02.png,test,0,s0032,0,0,0,1,02,data/raw/mrlEyes_2018_01/s0032/s0032_00060_0_0_0_0_1_02.png
s0017_01561_1_0_1_0_0_01.png,test,1,s0017,1,0,0,0,01,data/raw/mrlEyes_2018_01/s0017/s0017_01561_1_0_1_0_0_01.png
s0031_01211_1_0_1_2_1_02.png,train,1,s0031,1,0,2,1,02,data/raw/mrlEyes_2018_01/s0031/s0031_01211_1_0_1_2_1_02.png
s0011_00864_0_0_0_0_0_01.png,train,0,s0011,0,0,0,0,01,data/raw/mrlEyes_2018_01/s0011/s0011_00864_0_0_0_0_0_01.png
s0005_00606_0_0_0_0_0_01.png,val,0,s0005,0,0,0,0,01,data/raw/mrlEyes_2018_01/s0005/s0005_00606_0_0_0_0_0_01.png
s0029_00892_0_0_1_0_1_01.png,train,1,s0029,0,0,0,1,01,data/raw/mrlEyes_2018_01/s0029/s0029_00892_0_0_1_0_1_01.png
s0014_03327_0_1_0_0_0_01.png,train,0,s0014,0,1,0,0,01,data/raw/mrlEyes_2018_01/s0014/s0014_03327_0_1_0_0_0_01.png
s0005_00724_0_0_1_0_0_01.png,val,1,s0005,0,0,0,0,01,data/raw/mrlEyes_2018_01/s0005/s0005_00724_0_0_1_0_0_01.png
s0001_01689_0_1_0_0_0_01.png,val,0,s0001,0,1,0,0,01,data/raw/mrlEyes_2018_01/s0001/s0001_01689_0_1_0_0_0_01.png
s0010_00337_0_0_1_0_0_01.png,train,1,s0010,0,0,0,0,01,data/raw/mrlEyes_2018_01/s0010/s0010_00337_0_0_1_0_0_01.png
s0019_01902_0_0_0_0_1_01.png,train,0,s0019,0,0,0,1,01,data/raw/mrlEyes_2018_01/s0019/s0019_01902_0_0_0_0_1_01.png
s0033_00458_0_0_1_0_1_01.png,test,1,s0033,0,0,0,1,01,data/raw/mrlEyes_2018_01/s0033/s0033_00458_0_0_1_0_1_01.png
s0006_00902_0_1_0_1_0_01.png,train,0,s0006,0,1,1,0,01,data/raw/mrlEyes_2018_01/s0006/s0006_00902_0_1_0_1_0_01.png
s0013_03272_0_0_1_0_0_01.png,val,1,s0013,0,0,0,0,01,data/raw/mrlEyes_2018_01/s0013/s0013_03272_0_0_1_0_0_01.png
s0034_00213_0_0_1_0_0_02.png,train,1,s0034,0,0,0,0,02,data/raw/mrlEyes_2018_01/s0034/s0034_00213_0_0_1_0_0_02.png
s0004_00980_0_0_0_0_1_01.png,val,0,s0004,0,0,0,1,01,data/raw/mrlEyes_2018_01/s0004/s0004_00980_0_0_0_0_1_01.png
s0008_00029_0_1_0_0_0_01.png,train,0,s0008,0,1,0,0,01,data/raw/mrlEyes_2018_01/s0008/s0008_00029_0_1_0_0_0_01.png
s0006_00512_0_1_0_1_0_01.png,train,0,s0006,0,1,1,0,01,data/raw/mrlEyes_2018_01/s0006/s0006_00512_0_1_0_1_0_01.png
s0026_00011_0_0_0_0_1_01.png,val,0,s0026,0,0,0,1,01,data/raw/mrlEyes_2018_01/s0026/s0026_00011_0_0_0_0_1_01.png
s0010_00131_0_0_0_0_0_01.png,train,0,s0010,0,0,0,0,01,data/raw/mrlEyes_2018_01/s0010/s0010_00131_0_0_0_0_0_01.png
s0001_02594_0_1_1_0_0_01.png,val,1,s0001,0,1,0,0,01,data/raw/mrlEyes_2018_01/s0001/s0001_02594_0_1_1_0_0_01.png
s0001_01955_0_0_1_0_0_01.png,val,1,s0001,0,0,0,0,01,data/raw/mrlEyes_2018_01/s0001/s0001_01955_0_0_1_0_0_01.png
s0004_00675_0_0_0_0_0_01.png,val,0,s0004,0,0,0,0,01,data/raw/mrlEyes_2018_01/s0004/s0004_00675_0_0_0_0_0_01.png
s0007_00210_0_0_0_0_0_01.png,test,0,s0007,0,0,0,0,01,data/raw/mrlEyes_2018_01/s0007/s0007_00210_0_0_0_0_0_01.png
s0021_00072_0_1_0_0_0_01.png,train,0,s0021,0,1,0,0,01,data/raw/mrlEyes_2018_01/s0021/s0021_00072_0_1_0_0_0_01.png
s0036_00554_1_0_0_0_0_01.png,train,0,s0036,1,0,0,0,01,data/raw/mrlEyes_2018_01/s0036/s0036_00554_1_0_0_0_0_01.png
s0031_00119_1_0_0_2_1_02.png,train,0,s0031,1,0,2,1,02,data/raw/mrlEyes_2018_01/s0031/s0031_00119_1_0_0_2_1_02.png
s0006_00509_0_1_0_0_0_01.png,train,0,s0006,0,1,0,0,01,data/raw/mrlEyes_2018_01/s0006/s0006_00509_0_1_0_0_0_01.png
s0033_00499_0_0_1_0_1_01.png,test,1,s0033,0,0,0,1,01,data/raw/mrlEyes_2018_01/s0033/s0033_00499_0_0_1_0_1_01.png
s0036_04627_1_0_1_0_0_01.png,train,1,s0036,1,0,0,0,01,data/raw/mrlEyes_2018_01/s0036/s0036_04627_1_0_1_0_0_01.png
s0021_00348_0_0_1_0_0_01.png,train,1,s0021,0,0,0,0,01,data/raw/mrlEyes_2018_01/s0021/s0021_00348_0_0_1_0_0_01.png
s0017_01559_1_0_1_0_1_01.png,test,1,s0017,1,0,0,1,01,data/raw/mrlEyes_2018_01/s0017/s0017_01559_1_0_1_0_1_01.png
s0018_03890_0_0_1_0_0_01.png,train,1,s0018,0,0,0,0,01,data/raw/mrlEyes_2018_01/s0018/s0018_03890_0_0_1_0_0_01.png
s0010_00218_0_0_0_0_0_01.png,train,0,s0010,0,0,0,0,01,data/raw/mrlEyes_2018_01/s0010/s0010_00218_0_0_0_0_0_01.png
s0024_00323_0_0_1_0_0_01.png,train,1,s0024,0,0,0,0,01,data/raw/mrlEyes_2018_01/s0024/s0024_00323_0_0_1_0_0_01.png
s0029_00103_0_0_0_0_1_01.png,train,0,s0029,0,0,0,1,01,data/raw/mrlEyes_2018_01/s0029/s0029_00103_0_0_0_0_1_01.png
s0031_00342_1_0_1_0_0_02.png,train,1,s0031,1,0,0,0,02,data/raw/mrlEyes_2018_01/s0031/s0031_00342_1_0_1_0_0_02.png
s0014_06450_0_1_1_0_0_01.png,train,1,s0014,0,1,0,0,01,data/raw/mrlEyes_2018_01/s0014/s0014_06450_0_1_1_0_0_01.png
s0037_09598_1_1_1_0_0_01.png,train,1,s0037,1,1,0,0,01,data/raw/mrlEyes_2018_01/s0037/s0037_09598_1_1_1_0_0_01.png
s0009_00251_0_0_0_0_0_01.png,test,0,s0009,0,0,0,0,01,data/raw/mrlEyes_2018_01/s0009/s0009_00251_0_0_0_0_0_01.png
s0030_00297_0_0_0_0_1_01.png,val,0,s0030,0,0,0,1,01,data/raw/mrlEyes_2018_01/s0030/s0030_00297_0_0_0_0_1_01.png
s0001_02551_0_1_1_0_0_01.png,val,1,s0001,0,1,0,0,01,data/raw/mrlEyes_2018_01/s0001/s0001_02551_0_1_1_0_0_01.png
s0013_03056_0_0_1_0_0_01.png,val,1,s0013,0,0,0,0,01,data/raw/mrlEyes_2018_01/s0013/s0013_03056_0_0_1_0_0_01.png
s0016_01825_1_0_1_0_0_01.png,test,1,s0016,1,0,0,0,01,data/raw/mrlEyes_2018_01/s0016/s0016_01825_1_0_1_0_0_01.png
s0025_00131_0_0_0_0_0_01.png,train,0,s0025,0,0,0,0,01,data/raw/mrlEyes_2018_01/s0025/s0025_00131_0_0_0_0_0_01.png
s0037_08737_1_1_1_0_0_01.png,train,1,s0037,1,1,0,0,01,data/raw/mrlEyes_2018_01/s0037/s0037_08737_1_1_1_0_0_01.png
s0022_00032_0_0_0_0_1_01.png,train,0,s0022,0,0,0,1,01,data/raw/mrlEyes_2018_01/s0022/s0022_00032_0_0_0_0_1_01.png
s0001_01068_0_1_0_2_0_01.png,val,0,s0001,0,1,2,0,01,data/raw/mrlEyes_2018_01/s0001/s0001_01068_0_1_0_2_0_01.png
s0001_02351_0_0_1_0_0_01.png,val,1,s0001,0,0,0,0,01,data/raw/mrlEyes_2018_01/s0001/s0001_02351_0_0_1_0_0_01.png
s0026_00838_0_0_1_0_0_01.png,val,1,s0026,0,0,0,0,01,data/raw/mrlEyes_2018_01/s0026/s0026_00838_0_0_1_0_0_01.png
s0010_00164_0_0_0_0_0_01.png,train,0,s0010,0,0,0,0,01,data/raw/mrlEyes_2018_01/s0010/s0010_00164_0_0_0_0_0_01.png
s0011_00371_0_0_0_0_0_01.png,train,0,s0011,0,0,0,0,01,data/raw/mrlEyes_2018_01/s0011/s0011_00371_0_0_0_0_0_01.png
s0007_00347_0_0_0_0_0_01.png,test,0,s0007,0,0,0,0,01,data/raw/mrlEyes_2018_01/s0007/s0007_00347_0_0_0_0_0_01.png
s0032_00072_0_0_0_0_1_02.png,test,0,s0032,0,0,0,1,02,data/raw/mrlEyes_2018_01/s0032/s0032_00072_0_0_0_0_1_02.png
s0010_00333_0_0_1_0_0_01.png,train,1,s0010,0,0,0,0,01,data/raw/mrlEyes_2018_01/s0010/s0010_00333_0_0_1_0_0_01.png
s0002_01095_0_0_1_0_0_01.png,train,1,s0002,0,0,0,0,01,data/raw/mrlEyes_2018_01/s0002/s0002_01095_0_0_1_0_0_01.png
s0032_02134_0_1_1_2_1_02.png,test,1,s0032,0,1,2,1,02,data/raw/mrlEyes_2018_01/s0032/s0032_02134_0_1_1_2_1_02.png
s0037_05396_1_1_0_2_0_01.png,train,0,s0037,1,1,2,0,01,data/raw/mrlEyes_2018_01/s0037/s0037_05396_1_1_0_2_0_01.png
s0027_00268_0_0_1_0_0_01.png,val,1,s0027,0,0,0,0,01,data/raw/mrlEyes_2018_01/s0027/s0027_00268_0_0_1_0_0_01.png
s0026_00950_0_0_1_0_0_01.png,val,1,s0026,0,0,0,0,01,data/raw/mrlEyes_2018_01/s0026/s0026_00950_0_0_1_0_0_01.png
s0016_01736_1_0_1_0_1_01.png,test,1,s0016,1,0,0,1,01,data/raw/mrlEyes_2018_01/s0016/s0016_01736_1_0_1_0_1_01.png
s0029_00834_0_0_1_0_1_01.png,train,1,s0029,0,0,0,1,01,data/raw/mrlEyes_2018_01/s0029/s0029_00834_0_0_1_0_1_01.png
s0014_01942_0_0_0_0_0_01.png,train,0,s0014,0,0,0,0,01,data/raw/mrlEyes_2018_01/s0014/s0014_01942_0_0_0_0_0_01.png
s0007_00467_0_0_0_0_0_01.png,test,0,s0007,0,0,0,0,01,data/raw/mrlEyes_2018_01/s0007/s0007_00467_0_0_0_0_0_01.png
s0017_01536_1_0_1_0_0_01.png,test,1,s0017,1,0,0,0,01,data/raw/mrlEyes_2018_01/s0017/s0017_01536_1_0_1_0_0_01.png
s0019_01737_0_0_0_0_1_01.png,train,0,s0019,0,0,0,1,01,data/raw/mrlEyes_2018_01/s0019/s0019_01737_0_0_0_0_1_01.png
s0031_00182_1_0_0_2_1_02.png,train,0,s0031,1,0,2,1,02,data/raw/mrlEyes_2018_01/s0031/s0031_00182_1_0_0_2_1_02.png
s0018_03334_0_1_0_0_0_01.png,train,0,s0018,0,1,0,0,01,data/raw/mrlEyes_2018_01/s0018/s0018_03334_0_1_0_0_0_01.png
s0036_02465_1_0_1_0_0_01.png,train,1,s0036,1,0,0,0,01,data/raw/mrlEyes_2018_01/s0036/s0036_02465_1_0_1_0_0_01.png
s0010_00177_0_0_0_0_0_01.png,train,0,s0010,0,0,0,0,01,data/raw/mrlEyes_2018_01/s0010/s0010_00177_0_0_0_0_0_01.png
s0032_00006_0_1_0_2_1_02.png,test,0,s0032,0,1,2,1,02,data/raw/mrlEyes_2018_01/s0032/s0032_00006_0_1_0_2_1_02.png
s0036_00982_1_1_0_2_0_01.png,train,0,s0036,1,1,2,0,01,data/raw/mrlEyes_2018_01/s0036/s0036_00982_1_1_0_2_0_01.png
s0023_00054_0_0_0_0_1_01.png,train,0,s0023,0,0,0,1,01,data/raw/mrlEyes_2018_01/s0023/s0023_00054_0_0_0_0_1_01.png
s0011_00697_0_0_0_0_0_01.png,train,0,s0011,0,0,0,0,01,data/raw/mrlEyes_2018_01/s0011/s0011_00697_0_0_0_0_0_01.png
s0020_00535_0_0_1_0_1_01.png,train,1,s0020,0,0,0,1,01,data/raw/mrlEyes_2018_01/s0020/s0020_00535_0_0_1_0_1_01.png
s0006_01000_0_1_0_1_0_01.png,train,0,s0006,0,1,1,0,01,data/raw/mrlEyes_2018_01/s0006/s0006_01000_0_1_0_1_0_01.png
s0030_00408_0_0_1_0_0_01.png,val,1,s0030,0,0,0,0,01,data/raw/mrlEyes_2018_01/s0030/s0030_00408_0_0_1_0_0_01.png
s0008_00054_0_1_0_1_0_01.png,train,0,s0008,0,1,1,0,01,data/raw/mrlEyes_2018_01/s0008/s0008_00054_0_1_0_1_0_01.png
s0021_00048_0_0_0_0_0_01.png,train,0,s0021,0,0,0,0,01,data/raw/mrlEyes_2018_01/s0021/s0021_00048_0_0_0_0_0_01.png
s0026_00765_0_0_1_0_0_01.png,val,1,s0026,0,0,0,0,01,data/raw/mrlEyes_2018_01/s0026/s0026_00765_0_0_1_0_0_01.png
s0021_00087_0_1_0_0_0_01.png,train,0,s0021,0,1,0,0,01,data/raw/mrlEyes_2018_01/s0021/s0021_00087_0_1_0_0_0_01.png
s0013_03259_0_0_1_0_0_01.png,val,1,s0013,0,0,0,0,01,data/raw/mrlEyes_2018_01/s0013/s0013_03259_0_0_1_0_0_01.png
s0036_02397_1_0_1_0_0_01.png,train,1,s0036,1,0,0,0,01,data/raw/mrlEyes_2018_01/s0036/s0036_02397_1_0_1_0_0_01.png
s0032_00543_0_1_1_2_1_02.png,test,1,s0032,0,1,2,1,02,data/raw/mrlEyes_2018_01/s0032/s0032_00543_0_1_1_2_1_02.png
s0029_00150_0_0_0_0_1_01.png,train,0,s0029,0,0,0,1,01,data/raw/mrlEyes_2018_01/s0029/s0029_00150_0_0_0_0_1_01.png
s0021_00144_0_0_1_0_0_01.png,train,1,s0021,0,0,0,0,01,data/raw/mrlEyes_2018_01/s0021/s0021_00144_0_0_1_0_0_01.png
s0010_00167_0_0_0_0_0_01.png,train,0,s0010,0,0,0,0,01,data/raw/mrlEyes_2018_01/s0010/s0010_00167_0_0_0_0_0_01.png
s0022_00059_0_0_0_0_1_01.png,train,0,s0022,0,0,0,1,01,data/raw/mrlEyes_2018_01/s0022/s0022_00059_0_0_0_0_1_01.png
s0033_00504_0_0_1_0_1_01.png,test,1,s0033,0,0,0,1,01,data/raw/mrlEyes_2018_01/s0033/s0033_00504_0_0_1_0_1_01.png
s0029_00083_0_0_0_0_1_01.png,train,0,s0029,0,0,0,1,01,data/raw/mrlEyes_2018_01/s0029/s0029_00083_0_0_0_0_1_01.png
s0034_00204_0_0_1_0_0_02.png,train,1,s0034,0,0,0,0,02,data/raw/mrlEyes_2018_01/s0034/s0034_00204_0_0_1_0_0_02.png
s0035_00014_0_1_0_2_1_02.png,train,0,s0035,0,1,2,1,02,data/raw/mrlEyes_2018_01/s0035/s0035_00014_0_1_0_2_1_02.png
s0025_00054_0_0_0_0_0_01.png,train,0,s0025,0,0,0,0,01,data/raw/mrlEyes_2018_01/s0025/s0025_00054_0_0_0_0_0_01.png
s0035_00085_0_1_1_0_1_02.png,train,1,s0035,0,1,0,1,02,data/raw/mrlEyes_2018_01/s0035/s0035_00085_0_1_1_0_1_02.png
s0025_00068_0_0_0_0_0_01.png,train,0,s0025,0,0,0,0,01,data/raw/mrlEyes_2018_01/s0025/s0025_00068_0_0_0_0_0_01.png
s0017_01433_1_0_1_0_1_01.png,test,1,s0017,1,0,0,1,01,data/raw/mrlEyes_2018_01/s0017/s0017_01433_1_0_1_0_1_01.png
s0020_00604_0_0_1_0_0_01.png,train,1,s0020,0,0,0,0,01,data/raw/mrlEyes_2018_01/s0020/s0020_00604_0_0_1_0_0_01.png
s0008_00495_0_1_0_0_0_01.png,train,0,s0008,0,1,0,0,01,data/raw/mrlEyes_2018_01/s0008/s0008_00495_0_1_0_0_0_01.png
s0003_00384_0_0_0_0_0_01.png,test,0,s0003,0,0,0,0,01,data/raw/mrlEyes_2018_01/s0003/s0003_00384_0_0_0_0_0_01.png
s0036_04229_1_0_1_0_0_01.png,train,1,s0036,1,0,0,0,01,data/raw/mrlEyes_2018_01/s0036/s0036_04229_1_0_1_0_0_01.png
s0015_00895_0_0_1_0_1_01.png,test,1,s0015,0,0,0,1,01,data/raw/mrlEyes_2018_01/s0015/s0015_00895_0_0_1_0_1_01.png
s0025_00052_0_0_0_0_0_01.png,train,0,s0025,0,0,0,0,01,data/raw/mrlEyes_2018_01/s0025/s0025_00052_0_0_0_0_0_01.png
s0016_01727_1_0_1_0_1_01.png,test,1,s0016,1,0,0,1,01,data/raw/mrlEyes_2018_01/s0016/s0016_01727_1_0_1_0_1_01.png
s0028_00601_0_1_1_0_0_01.png,train,1,s0028,0,1,0,0,01,data/raw/mrlEyes_2018_01/s0028/s0028_00601_0_1_1_0_0_01.png
s0029_01327_0_0_1_0_0_01.png,train,1,s0029,0,0,0,0,01,data/raw/mrlEyes_2018_01/s0029/s0029_01327_0_0_1_0_0_01.png
s0022_00111_0_1_0_2_1_01.png,train,0,s0022,0,1,2,1,01,data/raw/mrlEyes_2018_01/s0022/s0022_00111_0_1_0_2_1_01.png
s0010_00338_0_0_1_0_0_01.png,train,1,s0010,0,0,0,0,01,data/raw/mrlEyes_2018_01/s0010/s0010_00338_0_0_1_0_0_01.png
s0030_00481_0_0_1_0_1_01.png,val,1,s0030,0,0,0,1,01,data/raw/mrlEyes_2018_01/s0030/s0030_00481_0_0_1_0_1_01.png
s0025_00048_0_0_0_0_0_01.png,train,0,s0025,0,0,0,0,01,data/raw/mrlEyes_2018_01/s0025/s0025_00048_0_0_0_0_0_01.png
s0025_00264_0_0_1_0_1_01.png,train,1,s0025,0,0,0,1,01,data/raw/mrlEyes_2018_01/s0025/s0025_00264_0_0_1_0_1_01.png
s0017_00472_1_0_0_0_1_01.png,test,0,s0017,1,0,0,1,01,data/raw/mrlEyes_2018_01/s0017/s0017_00472_1_0_0_0_1_01.png
s0036_00033_1_0_0_0_0_01.png,train,0,s0036,1,0,0,0,01,data/raw/mrlEyes_2018_01/s0036/s0036_00033_1_0_0_0_0_01.png
s0017_00326_1_0_0_0_1_01.png,test,0,s0017,1,0,0,1,01,data/raw/mrlEyes_2018_01/s0017/s0017_00326_1_0_0_0_1_01.png
s0027_00245_0_0_1_0_0_01.png,val,1,s0027,0,0,0,0,01,data/raw/mrlEyes_2018_01/s0027/s0027_00245_0_0_1_0_0_01.png
s0036_05420_1_1_1_0_0_01.png,train,1,s0036,1,1,0,0,01,data/raw/mrlEyes_2018_01/s0036/s0036_05420_1_1_1_0_0_01.png
s0017_01514_1_0_1_0_1_01.png,test,1,s0017,1,0,0,1,01,data/raw/mrlEyes_2018_01/s0017/s0017_01514_1_0_1_0_1_01.png
s0027_00273_0_0_1_0_0_01.png,val,1,s0027,0,0,0,0,01,data/raw/mrlEyes_2018_01/s0027/s0027_00273_0_0_1_0_0_01.png
s0021_00740_0_1_1_1_0_01.png,train,1,s0021,0,1,1,0,01,data/raw/mrlEyes_2018_01/s0021/s0021_00740_0_1_1_1_0_01.png
s0011_01263_0_0_0_0_0_01.png,train,0,s0011,0,0,0,0,01,data/raw/mrlEyes_2018_01/s0011/s0011_01263_0_0_0_0_0_01.png
s0034_00122_0_0_1_0_0_02.png,train,1,s0034,0,0,0,0,02,data/raw/mrlEyes_2018_01/s0034/s0034_00122_0_0_1_0_0_02.png
s0017_01638_1_0_1_0_0_01.png,test,1,s0017,1,0,0,0,01,data/raw/mrlEyes_2018_01/s0017/s0017_01638_1_0_1_0_0_01.png
s0034_00061_0_0_0_0_0_02.png,train,0,s0034,0,0,0,0,02,data/raw/mrlEyes_2018_01/s0034/s0034_00061_0_0_0_0_0_02.png
s0012_07102_0_0_1_0_1_01.png,train,1,s0012,0,0,0,1,01,data/raw/mrlEyes_2018_01/s0012/s0012_07102_0_0_1_0_1_01.png
s0011_01623_0_0_1_0_0_01.png,train,1,s0011,0,0,0,0,01,data/raw/mrlEyes_2018_01/s0011/s0011_01623_0_0_1_0_0_01.png
s0030_00312_0_0_0_0_0_01.png,val,0,s0030,0,0,0,0,01,data/raw/mrlEyes_2018_01/s0030/s0030_00312_0_0_0_0_0_01.png
s0010_00376_0_0_1_0_0_01.png,train,1,s0010,0,0,0,0,01,data/raw/mrlEyes_2018_01/s0010/s0010_00376_0_0_1_0_0_01.png
s0019_00719_0_0_0_0_0_01.png,train,0,s0019,0,0,0,0,01,data/raw/mrlEyes_2018_01/s0019/s0019_00719_0_0_0_0_0_01.png
s0022_00199_0_0_1_0_1_01.png,train,1,s0022,0,0,0,1,01,data/raw/mrlEyes_2018_01/s0022/s0022_00199_0_0_1_0_1_01.png
s0017_01447_1_0_1_0_1_01.png,test,1,s0017,1,0,0,1,01,data/raw/mrlEyes_2018_01/s0017/s0017_01447_1_0_1_0_1_01.png
s0037_05324_1_1_0_0_0_01.png,train,0,s0037,1,1,0,0,01,data/raw/mrlEyes_2018_01/s0037/s0037_05324_1_1_0_0_0_01.png
s0021_00093_0_1_0_0_0_01.png,train,0,s0021,0,1,0,0,01,data/raw/mrlEyes_2018_01/s0021/s0021_00093_0_1_0_0_0_01.png
s0001_01526_0_1_0_0_0_01.png,val,0,s0001,0,1,0,0,01,data/raw/mrlEyes_2018_01/s0001/s0001_01526_0_1_0_0_0_01.png
s0033_00012_0_0_0_0_1_01.png,test,0,s0033,0,0,0,1,01,data/raw/mrlEyes_2018_01/s0033/s0033_00012_0_0_0_0_1_01.png
s0027_00037_0_1_0_2_0_01.png,val,0,s0027,0,1,2,0,01,data/raw/mrlEyes_2018_01/s0027/s0027_00037_0_1_0_2_0_01.png
s0001_00202_0_0_0_0_0_01.png,val,0,s0001,0,0,0,0,01,data/raw/mrlEyes_2018_01/s0001/s0001_00202_0_0_0_0_0_01.png
s0005_00493_0_0_0_0_0_01.png,val,0,s0005,0,0,0,0,01,data/raw/mrlEyes_2018_01/s0005/s0005_00493_0_0_0_0_0_01.png
s0029_00046_0_0_0_0_1_01.png,train,0,s0029,0,0,0,1,01,data/raw/mrlEyes_2018_01/s0029/s0029_00046_0_0_0_0_1_01.png
s0007_00194_0_0_0_0_0_01.png,test,0,s0007,0,0,0,0,01,data/raw/mrlEyes_2018_01/s0007/s0007_00194_0_0_0_0_0_01.png
s0030_00060_0_0_0_0_1_01.png,val,0,s0030,0,0,0,1,01,data/raw/mrlEyes_2018_01/s0030/s0030_00060_0_0_0_0_1_01.png
s0015_00406_0_0_0_0_1_01.png,test,0,s0015,0,0,0,1,01,data/raw/mrlEyes_2018_01/s0015/s0015_00406_0_0_0_0_1_01.png
s0024_00255_0_0_1_0_0_01.png,train,1,s0024,0,0,0,0,01,data/raw/mrlEyes_2018_01/s0024/s0024_00255_0_0_1_0_0_01.png
s0025_01197_0_0_1_0_0_01.png,train,1,s0025,0,0,0,0,01,data/raw/mrlEyes_2018_01/s0025/s0025_01197_0_0_1_0_0_01.png
s0013_02548_0_1_0_0_0_01.png,val,0,s0013,0,1,0,0,01,data/raw/mrlEyes_2018_01/s0013/s0013_02548_0_1_0_0_0_01.png
s0019_00174_0_0_0_0_0_01.png,train,0,s0019,0,0,0,0,01,data/raw/mrlEyes_2018_01/s0019/s0019_00174_0_0_0_0_0_01.png
s0030_01172_0_0_1_0_0_01.png,val,1,s0030,0,0,0,0,01,data/raw/mrlEyes_2018_01/s0030/s0030_01172_0_0_1_0_0_01.png
s0018_02337_0_1_0_0_0_01.png,train,0,s0018,0,1,0,0,01,data/raw/mrlEyes_2018_01/s0018/s0018_02337_0_1_0_0_0_01.png
s0023_00031_0_0_0_0_1_01.png,train,0,s0023,0,0,0,1,01,data/raw/mrlEyes_2018_01/s0023/s0023_00031_0_0_0_0_1_01.png
s0035_00281_0_1_1_0_0_02.png,train,1,s0035,0,1,0,0,02,data/raw/mrlEyes_2018_01/s0035/s0035_00281_0_1_1_0_0_02.png
s0023_00279_0_0_1_0_1_01.png,train,1,s0023,0,0,0,1,01,data/raw/mrlEyes_2018_01/s0023/s0023_00279_0_0_1_0_1_01.png
s0008_00602_0_1_0_0_0_01.png,train,0,s0008,0,1,0,0,01,data/raw/mrlEyes_2018_01/s0008/s0008_00602_0_1_0_0_0_01.png
s0032_00014_0_1_0_2_1_02.png,test,0,s0032,0,1,2,1,02,data/raw/mrlEyes_2018_01/s0032/s0032_00014_0_1_0_2_1_02.png
s0015_01035_0_0_1_0_1_01.png,test,1,s0015,0,0,0,1,01,data/raw/mrlEyes_2018_01/s0015/s0015_01035_0_0_1_0_1_01.png
s0018_03998_0_0_1_0_1_01.png,train,1,s0018,0,0,0,1,01,data/raw/mrlEyes_2018_01/s0018/s0018_03998_0_0_1_0_1_01.png
s0024_00141_0_1_0_0_0_01.png,train,0,s0024,0,1,0,0,01,data/raw/mrlEyes_2018_01/s0024/s0024_00141_0_1_0_0_0_01.png
s0026_00562_0_0_1_0_0_01.png,val,1,s0026,0,0,0,0,01,data/raw/mrlEyes_2018_01/s0026/s0026_00562_0_0_1_0_0_01.png
s0006_00783_0_1_0_1_0_01.png,train,0,s0006,0,1,1,0,01,data/raw/mrlEyes_2018_01/s0006/s0006_00783_0_1_0_1_0_01.png
s0005_00374_0_0_0_0_0_01.png,val,0,s0005,0,0,0,0,01,data/raw/mrlEyes_2018_01/s0005/s0005_00374_0_0_0_0_0_01.png
s0031_00815_1_0_1_0_1_02.png,train,1,s0031,1,0,0,1,02,data/raw/mrlEyes_2018_01/s0031/s0031_00815_1_0_1_0_1_02.png
s0009_00364_0_0_1_0_0_01.png,test,1,s0009,0,0,0,0,01,data/raw/mrlEyes_2018_01/s0009/s0009_00364_0_0_1_0_0_01.png
s0006_00911_0_1_0_1_0_01.png,train,0,s0006,0,1,1,0,01,data/raw/mrlEyes_2018_01/s0006/s0006_00911_0_1_0_1_0_01.png
s0011_00670_0_0_0_0_0_01.png,train,0,s0011,0,0,0,0,01,data/raw/mrlEyes_2018_01/s0011/s0011_00670_0_0_0_0_0_01.png
s0006_00660_0_1_0_1_0_01.png,train,0,s0006,0,1,1,0,01,data/raw/mrlEyes_2018_01/s0006/s0006_00660_0_1_0_1_0_01.png
s0036_04195_1_0_1_0_1_01.png,train,1,s0036,1,0,0,1,01,data/raw/mrlEyes_2018_01/s0036/s0036_04195_1_0_1_0_1_01.png
s0025_00117_0_0_0_0_0_01.png,train,0,s0025,0,0,0,0,01,data/raw/mrlEyes_2018_01/s0025/s0025_00117_0_0_0_0_0_01.png
s0030_00207_0_0_0_0_1_01.png,val,0,s0030,0,0,0,1,01,data/raw/mrlEyes_2018_01/s0030/s0030_00207_0_0_0_0_1_01.png
s0036_03255_1_0_1_0_0_01.png,train,1,s0036,1,0,0,0,01,data/raw/mrlEyes_2018_01/s0036/s0036_03255_1_0_1_0_0_01.png
s0034_00107_0_0_0_0_0_02.png,train,0,s0034,0,0,0,0,02,data/raw/mrlEyes_2018_01/s0034/s0034_00107_0_0_0_0_0_02.png
s0029_00306_0_0_1_0_1_01.png,train,1,s0029,0,0,0,1,01,data/raw/mrlEyes_2018_01/s0029/s0029_00306_0_0_1_0_1_01.png
s0013_00671_0_0_0_0_0_01.png,val,0,s0013,0,0,0,0,01,data/raw/mrlEyes_2018_01/s0013/s0013_00671_0_0_0_0_0_01.png
s0001_02325_0_0_1_0_0_01.png,val,1,s0001,0,0,0,0,01,data/raw/mrlEyes_2018_01/s0001/s0001_02325_0_0_1_0_0_01.png
s0018_00253_0_0_0_0_1_01.png,train,0,s0018,0,0,0,1,01,data/raw/mrlEyes_2018_01/s0018/s0018_00253_0_0_0_0_1_01.png
s0022_00119_0_1_0_2_1_01.png,train,0,s0022,0,1,2,1,01,data/raw/mrlEyes_2018_01/s0022/s0022_00119_0_1_0_2_1_01.png
s0019_03256_0_0_1_0_0_01.png,train,1,s0019,0,0,0,0,01,data/raw/mrlEyes_2018_01/s0019/s0019_03256_0_0_1_0_0_01.png
s0019_00157_0_0_0_0_0_01.png,train,0,s0019,0,0,0,0,01,data/raw/mrlEyes_2018_01/s0019/s0019_00157_0_0_0_0_0_01.png
s0019_00124_0_0_0_0_0_01.png,train,0,s0019,0,0,0,0,01,data/raw/mrlEyes_2018_01/s0019/s0019_00124_0_0_0_0_0_01.png
s0017_01382_1_0_1_0_1_01.png,test,1,s0017,1,0,0,1,01,data/raw/mrlEyes_2018_01/s0017/s0017_01382_1_0_1_0_1_01.png
s0030_00310_0_0_0_0_0_01.png,val,0,s0030,0,0,0,0,01,data/raw/mrlEyes_2018_01/s0030/s0030_00310_0_0_0_0_0_01.png
s0025_00764_0_0_1_0_0_01.png,train,1,s0025,0,0,0,0,01,data/raw/mrlEyes_2018_01/s0025/s0025_00764_0_0_1_0_0_01.png
s0005_00713_0_0_1_0_0_01.png,val,1,s0005,0,0,0,0,01,data/raw/mrlEyes_2018_01/s0005/s0005_00713_0_0_1_0_0_01.png
s0003_00187_0_0_0_0_0_01.png,test,0,s0003,0,0,0,0,01,data/raw/mrlEyes_2018_01/s0003/s0003_00187_0_0_0_0_0_01.png
s0012_03357_0_1_0_0_0_01.png,train,0,s0012,0,1,0,0,01,data/raw/mrlEyes_2018_01/s0012/s0012_03357_0_1_0_0_0_01.png
s0018_03831_0_0_1_0_0_01.png,train,1,s0018,0,0,0,0,01,data/raw/mrlEyes_2018_01/s0018/s0018_03831_0_0_1_0_0_01.png
s0017_00313_1_0_0_0_1_01.png,test,0,s0017,1,0,0,1,01,data/raw/mrlEyes_2018_01/s0017/s0017_00313_1_0_0_0_1_01.png
s0027_00012_0_0_0_0_0_01.png,val,0,s0027,0,0,0,0,01,data/raw/mrlEyes_2018_01/s0027/s0027_00012_0_0_0_0_0_01.png
s0027_00243_0_0_1_0_0_01.png,val,1,s0027,0,0,0,0,01,data/raw/mrlEyes_2018_01/s0027/s0027_00243_0_0_1_0_0_01.png
s0015_00487_0_0_0_0_1_01.png,test,0,s0015,0,0,0,1,01,data/raw/mrlEyes_2018_01/s0015/s0015_00487_0_0_0_0_1_01.png
s0024_00294_0_0_1_0_0_01.png,train,1,s0024,0,0,0,0,01,data/raw/mrlEyes_2018_01/s0024/s0024_00294_0_0_1_0_0_01.png
s0011_00376_0_0_0_0_0_01.png,train,0,s0011,0,0,0,0,01,data/raw/mrlEyes_2018_01/s0011/s0011_00376_0_0_0_0_0_01.png
s0004_00654_0_0_0_0_0_01.png,val,0,s0004,0,0,0,0,01,data/raw/mrlEyes_2018_01/s0004/s0004_00654_0_0_0_0_0_01.png
s0033_00590_0_0_1_0_1_01.png,test,1,s0033,0,0,0,1,01,data/raw/mrlEyes_2018_01/s0033/s0033_00590_0_0_1_0_1_01.png
s0002_00826_0_0_0_0_0_01.png,train,0,s0002,0,0,0,0,01,data/raw/mrlEyes_2018_01/s0002/s0002_00826_0_0_0_0_0_01.png
s0031_00221_1_0_0_0_1_02.png,train,0,s0031,1,0,0,1,02,data/raw/mrlEyes_2018_01/s0031/s0031_00221_1_0_0_0_1_02.png
s0004_00516_0_0_0_0_1_01.png,val,0,s0004,0,0,0,1,01,data/raw/mrlEyes_2018_01/s0004/s0004_00516_0_0_0_0_1_01.png
s0029_00724_0_0_1_0_1_01.png,train,1,s0029,0,0,0,1,01,data/raw/mrlEyes_2018_01/s0029/s0029_00724_0_0_1_0_1_01.png
s0023_00021_0_0_0_0_1_01.png,train,0,s0023,0,0,0,1,01,data/raw/mrlEyes_2018_01/s0023/s0023_00021_0_0_0_0_1_01.png
s0012_06044_0_0_1_0_0_03.png,train,1,s0012,0,0,0,0,03,data/raw/mrlEyes_2018_01/s0012/s0012_06044_0_0_1_0_0_03.png
s0006_00365_0_1_0_0_0_01.png,train,0,s0006,0,1,0,0,01,data/raw/mrlEyes_2018_01/s0006/s0006_00365_0_1_0_0_0_01.png
s0029_00084_0_0_0_0_1_01.png,train,0,s0029,0,0,0,1,01,data/raw/mrlEyes_2018_01/s0029/s0029_00084_0_0_0_0_1_01.png
s0034_00083_0_0_0_0_0_02.png,train,0,s0034,0,0,0,0,02,data/raw/mrlEyes_2018_01/s0034/s0034_00083_0_0_0_0_0_02.png
s0026_01024_0_0_1_0_1_01.png,val,1,s0026,0,0,0,1,01,data/raw/mrlEyes_2018_01/s0026/s0026_01024_0_0_1_0_1_01.png
s0012_04453_0_1_0_0_0_01.png,train,0,s0012,0,1,0,0,01,data/raw/mrlEyes_2018_01/s0012/s0012_04453_0_1_0_0_0_01.png
s0033_00592_0_0_1_0_1_01.png,test,1,s0033,0,0,0,1,01,data/raw/mrlEyes_2018_01/s0033/s0033_00592_0_0_1_0_1_01.png
s0001_01563_0_1_0_0_0_01.png,val,0,s0001,0,1,0,0,01,data/raw/mrlEyes_2018_01/s0001/s0001_01563_0_1_0_0_0_01.png
s0037_08139_1_0_1_0_1_01.png,train,1,s0037,1,0,0,1,01,data/raw/mrlEyes_2018_01/s0037/s0037_08139_1_0_1_0_1_01.png
s0024_00156_0_1_0_0_0_01.png,train,0,s0024,0,1,0,0,01,data/raw/mrlEyes_2018_01/s0024/s0024_00156_0_1_0_0_0_01.png
s0025_00080_0_0_0_0_0_01.png,train,0,s0025,0,0,0,0,01,data/raw/mrlEyes_2018_01/s0025/s0025_00080_0_0_0_0_0_01.png
s0033_00176_0_0_1_0_1_01.png,test,1,s0033,0,0,0,1,01,data/raw/mrlEyes_2018_01/s0033/s0033_00176_0_0_1_0_1_01.png
s0034_00078_0_0_0_0_0_02.png,train,0,s0034,0,0,0,0,02,data/raw/mrlEyes_2018_01/s0034/s0034_00078_0_0_0_0_0_02.png
s0031_01486_1_0_1_2_1_02.png,train,1,s0031,1,0,2,1,02,data/raw/mrlEyes_2018_01/s0031/s0031_01486_1_0_1_2_1_02.png
s0021_00844_0_1_1_2_0_01.png,train,1,s0021,0,1,2,0,01,data/raw/mrlEyes_2018_01/s0021/s0021_00844_0_1_1_2_0_01.png
s0037_07840_1_0_1_0_0_01.png,train,1,s0037,1,0,0,0,01,data/raw/mrlEyes_2018_01/s0037/s0037_07840_1_0_1_0_0_01.png
s0030_00753_0_0_1_0_1_01.png,val,1,s0030,0,0,0,1,01,data/raw/mrlEyes_2018_01/s0030/s0030_00753_0_0_1_0_1_01.png
s0011_00800_0_0_0_0_0_01.png,train,0,s0011,0,0,0,0,01,data/raw/mrlEyes_2018_01/s0011/s0011_00800_0_0_0_0_0_01.png
s0036_01120_1_1_0_2_0_01.png,train,0,s0036,1,1,2,0,01,data/raw/mrlEyes_2018_01/s0036/s0036_01120_1_1_0_2_0_01.png
s0027_00017_0_0_0_0_1_01.png,val,0,s0027,0,0,0,1,01,data/raw/mrlEyes_2018_01/s0027/s0027_00017_0_0_0_0_1_01.png
s0031_00218_1_0_0_1_1_02.png,train,0,s0031,1,0,1,1,02,data/raw/mrlEyes_2018_01/s0031/s0031_00218_1_0_0_1_1_02.png
s0015_01076_0_0_1_0_0_01.png,test,1,s0015,0,0,0,0,01,data/raw/mrlEyes_2018_01/s0015/s0015_01076_0_0_1_0_0_01.png
s0027_00086_0_1_0_0_0_01.png,val,0,s0027,0,1,0,0,01,data/raw/mrlEyes_2018_01/s0027/s0027_00086_0_1_0_0_0_01.png
s0037_06404_1_0_1_0_0_01.png,train,1,s0037,1,0,0,0,01,data/raw/mrlEyes_2018_01/s0037/s0037_06404_1_0_1_0_0_01.png
s0037_03763_1_1_0_0_0_01.png,train,0,s0037,1,1,0,0,01,data/raw/mrlEyes_2018_01/s0037/s0037_03763_1_1_0_0_0_01.png
s0031_00610_1_0_1_1_1_02.png,train,1,s0031,1,0,1,1,02,data/raw/mrlEyes_2018_01/s0031/s0031_00610_1_0_1_1_1_02.png
s0022_00009_0_0_0_0_1_01.png,train,0,s0022,0,0,0,1,01,data/raw/mrlEyes_2018_01/s0022/s0022_00009_0_0_0_0_1_01.png
s0029_00044_0_0_0_0_1_01.png,train,0,s0029,0,0,0,1,01,data/raw/mrlEyes_2018_01/s0029/s0029_00044_0_0_0_0_1_01.png
s0025_00092_0_0_0_0_0_01.png,train,0,s0025,0,0,0,0,01,data/raw/mrlEyes_2018_01/s0025/s0025_00092_0_0_0_0_0_01.png
s0022_00078_0_1_0_2_1_01.png,train,0,s0022,0,1,2,1,01,data/raw/mrlEyes_2018_01/s0022/s0022_00078_0_1_0_2_1_01.png
s0010_00161_0_0_0_0_0_01.png,train,0,s0010,0,0,0,0,01,data/raw/mrlEyes_2018_01/s0010/s0010_00161_0_0_0_0_0_01.png
s0031_00008_1_0_0_0_1_02.png,train,0,s0031,1,0,0,1,02,data/raw/mrlEyes_2018_01/s0031/s0031_00008_1_0_0_0_1_02.png
s0020_00014_0_0_0_0_0_01.png,train,0,s0020,0,0,0,0,01,data/raw/mrlEyes_2018_01/s0020/s0020_00014_0_0_0_0_0_01.png
s0037_00020_1_0_0_0_0_01.png,train,0,s0037,1,0,0,0,01,data/raw/mrlEyes_2018_01/s0037/s0037_00020_1_0_0_0_0_01.png
s0032_00041_0_0_0_0_1_02.png,test,0,s0032,0,0,0,1,02,data/raw/mrlEyes_2018_01/s0032/s0032_00041_0_0_0_0_1_02.png
s0027_00566_0_1_1_2_0_01.png,val,1,s0027,0,1,2,0,01,data/raw/mrlEyes_2018_01/s0027/s0027_00566_0_1_1_2_0_01.png
s0005_00417_0_0_0_0_0_01.png,val,0,s0005,0,0,0,0,01,data/raw/mrlEyes_2018_01/s0005/s0005_00417_0_0_0_0_0_01.png
s0001_03136_0_1_1_2_0_01.png,val,1,s0001,0,1,2,0,01,data/raw/mrlEyes_2018_01/s0001/s0001_03136_0_1_1_2_0_01.png
s0007_00149_0_0_0_0_0_01.png,test,0,s0007,0,0,0,0,01,data/raw/mrlEyes_2018_01/s0007/s0007_00149_0_0_0_0_0_01.png
s0002_01040_0_0_1_0_0_01.png,train,1,s0002,0,0,0,0,01,data/raw/mrlEyes_2018_01/s0002/s0002_01040_0_0_1_0_0_01.png
s0015_00857_0_0_1_0_1_01.png,test,1,s0015,0,0,0,1,01,data/raw/mrlEyes_2018_01/s0015/s0015_00857_0_0_1_0_1_01.png
s0023_00244_0_0_1_0_1_01.png,train,1,s0023,0,0,0,1,01,data/raw/mrlEyes_2018_01/s0023/s0023_00244_0_0_1_0_1_01.png
s0021_00012_0_0_0_0_1_01.png,train,0,s0021,0,0,0,1,01,data/raw/mrlEyes_2018_01/s0021/s0021_00012_0_0_0_0_1_01.png
s0004_00879_0_0_0_0_0_01.png,val,0,s0004,0,0,0,0,01,data/raw/mrlEyes_2018_01/s0004/s0004_00879_0_0_0_0_0_01.png
s0029_00153_0_0_0_0_1_01.png,train,0,s0029,0,0,0,1,01,data/raw/mrlEyes_2018_01/s0029/s0029_00153_0_0_0_0_1_01.png
s0033_00093_0_0_0_0_1_01.png,test,0,s0033,0,0,0,1,01,data/raw/mrlEyes_2018_01/s0033/s0033_00093_0_0_0_0_1_01.png
s0013_03441_0_1_1_0_0_01.png,val,1,s0013,0,1,0,0,01,data/raw/mrlEyes_2018_01/s0013/s0013_03441_0_1_1_0_0_01.png
s0001_02801_0_1_1_2_0_01.png,val,1,s0001,0,1,2,0,01,data/raw/mrlEyes_2018_01/s0001/s0001_02801_0_1_1_2_0_01.png
s0015_00396_0_0_0_0_1_01.png,test,0,s0015,0,0,0,1,01,data/raw/mrlEyes_2018_01/s0015/s0015_00396_0_0_0_0_1_01.png
s0026_00344_0_0_0_0_0_01.png,val,0,s0026,0,0,0,0,01,data/raw/mrlEyes_2018_01/s0026/s0026_00344_0_0_0_0_0_01.png
s0029_00183_0_0_1_0_0_01.png,train,1,s0029,0,0,0,0,01,data/raw/mrlEyes_2018_01/s0029/s0029_00183_0_0_1_0_0_01.png
s0012_03285_0_1_0_2_0_01.png,train,0,s0012,0,1,2,0,01,data/raw/mrlEyes_2018_01/s0012/s0012_03285_0_1_0_2_0_01.png
s0004_00420_0_0_0_0_0_01.png,val,0,s0004,0,0,0,0,01,data/raw/mrlEyes_2018_01/s0004/s0004_00420_0_0_0_0_0_01.png
s0006_00759_0_1_0_1_0_01.png,train,0,s0006,0,1,1,0,01,data/raw/mrlEyes_2018_01/s0006/s0006_00759_0_1_0_1_0_01.png
s0027_00415_0_1_1_2_0_01.png,val,1,s0027,0,1,2,0,01,data/raw/mrlEyes_2018_01/s0027/s0027_00415_0_1_1_2_0_01.png
s0016_01838_1_0_1_0_0_01.png,test,1,s0016,1,0,0,0,01,data/raw/mrlEyes_2018_01/s0016/s0016_01838_1_0_1_0_0_01.png
s0003_00578_0_0_1_0_0_01.png,test,1,s0003,0,0,0,0,01,data/raw/mrlEyes_2018_01/s0003/s0003_00578_0_0_1_0_0_01.png
s0009_00202_0_0_0_0_0_01.png,test,0,s0009,0,0,0,0,01,data/raw/mrlEyes_2018_01/s0009/s0009_00202_0_0_0_0_0_01.png
s0027_00115_0_0_1_0_1_01.png,val,1,s0027,0,0,0,1,01,data/raw/mrlEyes_2018_01/s0027/s0027_00115_0_0_1_0_1_01.png
s0035_00450_0_1_1_0_1_02.png,train,1,s0035,0,1,0,1,02,data/raw/mrlEyes_2018_01/s0035/s0035_00450_0_1_1_0_1_02.png
s0032_04276_0_0_1_0_1_02.png,test,1,s0032,0,0,0,1,02,data/raw/mrlEyes_2018_01/s0032/s0032_04276_0_0_1_0_1_02.png
s0029_00908_0_0_1_0_1_01.png,train,1,s0029,0,0,0,1,01,data/raw/mrlEyes_2018_01/s0029/s0029_00908_0_0_1_0_1_01.png
s0015_00927_0_0_1_0_1_01.png,test,1,s0015,0,0,0,1,01,data/raw/mrlEyes_2018_01/s0015/s0015_00927_0_0_1_0_1_01.png
s0011_00773_0_0_0_0_0_01.png,train,0,s0011,0,0,0,0,01,data/raw/mrlEyes_2018_01/s0011/s0011_00773_0_0_0_0_0_01.png
s0022_00215_0_0_1_0_1_01.png,train,1,s0022,0,0,0,1,01,data/raw/mrlEyes_2018_01/s0022/s0022_00215_0_0_1_0_1_01.png
s0010_00251_0_0_0_0_0_01.png,train,0,s0010,0,0,0,0,01,data/raw/mrlEyes_2018_01/s0010/s0010_00251_0_0_0_0_0_01.png
s0027_00060_0_1_0_0_0_01.png,val,0,s0027,0,1,0,0,01,data/raw/mrlEyes_2018_01/s0027/s0027_00060_0_1_0_0_0_01.png
s0024_00185_0_1_0_0_0_01.png,train,0,s0024,0,1,0,0,01,data/raw/mrlEyes_2018_01/s0024/s0024_00185_0_1_0_0_0_01.png
s0012_05116_0_0_1_2_1_03.png,train,1,s0012,0,0,2,1,03,data/raw/mrlEyes_2018_01/s0012/s0012_05116_0_0_1_2_1_03.png
s0023_00216_0_0_1_0_1_01.png,train,1,s0023,0,0,0,1,01,data/raw/mrlEyes_2018_01/s0023/s0023_00216_0_0_1_0_1_01.png
s0029_00504_0_0_1_0_1_01.png,train,1,s0029,0,0,0,1,01,data/raw/mrlEyes_2018_01/s0029/s0029_00504_0_0_1_0_1_01.png
s0029_00500_0_0_1_0_1_01.png,train,1,s0029,0,0,0,1,01,data/raw/mrlEyes_2018_01/s0029/s0029_00500_0_0_1_0_1_01.png
s0021_00095_0_1_0_0_0_01.png,train,0,s0021,0,1,0,0,01,data/raw/mrlEyes_2018_01/s0021/s0021_00095_0_1_0_0_0_01.png
s0022_00242_0_0_1_0_1_01.png,train,1,s0022,0,0,0,1,01,data/raw/mrlEyes_2018_01/s0022/s0022_00242_0_0_1_0_1_01.png
s0009_00069_0_0_0_0_0_01.png,test,0,s0009,0,0,0,0,01,data/raw/mrlEyes_2018_01/s0009/s0009_00069_0_0_0_0_0_01.png
s0008_00021_0_1_0_1_0_01.png,train,0,s0008,0,1,1,0,01,data/raw/mrlEyes_2018_01/s0008/s0008_00021_0_1_0_1_0_01.png
s0016_01536_1_0_0_0_0_01.png,test,0,s0016,1,0,0,0,01,data/raw/mrlEyes_2018_01/s0016/s0016_01536_1_0_0_0_0_01.png
s0036_04642_1_0_1_0_1_01.png,train,1,s0036,1,0,0,1,01,data/raw/mrlEyes_2018_01/s0036/s0036_04642_1_0_1_0_1_01.png
s0002_01037_0_0_1_0_0_01.png,train,1,s0002,0,0,0,0,01,data/raw/mrlEyes_2018_01/s0002/s0002_01037_0_0_1_0_0_01.png
s0024_00053_0_0_0_0_1_01.png,train,0,s0024,0,0,0,1,01,data/raw/mrlEyes_2018_01/s0024/s0024_00053_0_0_0_0_1_01.png
s0018_03451_0_1_0_0_0_01.png,train,0,s0018,0,1,0,0,01,data/raw/mrlEyes_2018_01/s0018/s0018_03451_0_1_0_0_0_01.png
s0013_03117_0_0_1_0_0_01.png,val,1,s0013,0,0,0,0,01,data/raw/mrlEyes_2018_01/s0013/s0013_03117_0_0_1_0_0_01.png
s0003_00292_0_0_0_0_0_01.png,test,0,s0003,0,0,0,0,01,data/raw/mrlEyes_2018_01/s0003/s0003_00292_0_0_0_0_0_01.png
s0015_00876_0_0_1_0_1_01.png,test,1,s0015,0,0,0,1,01,data/raw/mrlEyes_2018_01/s0015/s0015_00876_0_0_1_0_1_01.png
s0020_00159_0_0_1_0_1_01.png,train,1,s0020,0,0,0,1,01,data/raw/mrlEyes_2018_01/s0020/s0020_00159_0_0_1_0_1_01.png
s0002_00604_0_0_0_0_0_01.png,train,0,s0002,0,0,0,0,01,data/raw/mrlEyes_2018_01/s0002/s0002_00604_0_0_0_0_0_01.png
s0025_00210_0_0_1_0_0_01.png,train,1,s0025,0,0,0,0,01,data/raw/mrlEyes_2018_01/s0025/s0025_00210_0_0_1_0_0_01.png
s0001_00401_0_0_0_0_0_01.png,val,0,s0001,0,0,0,0,01,data/raw/mrlEyes_2018_01/s0001/s0001_00401_0_0_0_0_0_01.png
s0034_00330_0_0_1_0_0_02.png,train,1,s0034,0,0,0,0,02,data/raw/mrlEyes_2018_01/s0034/s0034_00330_0_0_1_0_0_02.png
s0037_02075_1_0_0_0_0_01.png,train,0,s0037,1,0,0,0,01,data/raw/mrlEyes_2018_01/s0037/s0037_02075_1_0_0_0_0_01.png
s0023_00273_0_0_1_0_1_01.png,train,1,s0023,0,0,0,1,01,data/raw/mrlEyes_2018_01/s0023/s0023_00273_0_0_1_0_1_01.png
s0032_02693_0_1_1_2_1_02.png,test,1,s0032,0,1,2,1,02,data/raw/mrlEyes_2018_01/s0032/s0032_02693_0_1_1_2_1_02.png
s0016_01507_1_0_0_0_1_01.png,test,0,s0016,1,0,0,1,01,data/raw/mrlEyes_2018_01/s0016/s0016_01507_1_0_0_0_1_01.png
s0022_00001_0_0_0_0_1_01.png,train,0,s0022,0,0,0,1,01,data/raw/mrlEyes_2018_01/s0022/s0022_00001_0_0_0_0_1_01.png
s0019_05428_0_0_1_0_0_01.png,train,1,s0019,0,0,0,0,01,data/raw/mrlEyes_2018_01/s0019/s0019_05428_0_0_1_0_0_01.png
s0012_06529_0_0_1_0_1_01.png,train,1,s0012,0,0,0,1,01,data/raw/mrlEyes_2018_01/s0012/s0012_06529_0_0_1_0_1_01.png
s0030_00058_0_0_0_0_1_01.png,val,0,s0030,0,0,0,1,01,data/raw/mrlEyes_2018_01/s0030/s0030_00058_0_0_0_0_1_01.png
s0014_06995_0_0_1_2_1_02.png,train,1,s0014,0,0,2,1,02,data/raw/mrlEyes_2018_01/s0014/s0014_06995_0_0_1_2_1_02.png
s0013_03365_0_0_1_0_0_01.png,val,1,s0013,0,0,0,0,01,data/raw/mrlEyes_2018_01/s0013/s0013_03365_0_0_1_0_0_01.png
s0012_01413_0_0_0_0_1_01.png,train,0,s0012,0,0,0,1,01,data/raw/mrlEyes_2018_01/s0012/s0012_01413_0_0_0_0_1_01.png
s0014_08338_0_0_1_1_1_02.png,train,1,s0014,0,0,1,1,02,data/raw/mrlEyes_2018_01/s0014/s0014_08338_0_0_1_1_1_02.png
s0016_01753_1_0_1_0_1_01.png,test,1,s0016,1,0,0,1,01,data/raw/mrlEyes_2018_01/s0016/s0016_01753_1_0_1_0_1_01.png
s0034_00650_0_0_1_0_0_02.png,train,1,s0034,0,0,0,0,02,data/raw/mrlEyes_2018_01/s0034/s0034_00650_0_0_1_0_0_02.png
s0020_00086_0_0_1_0_0_01.png,train,1,s0020,0,0,0,0,01,data/raw/mrlEyes_2018_01/s0020/s0020_00086_0_0_1_0_0_01.png
s0013_03149_0_0_1_0_0_01.png,val,1,s0013,0,0,0,0,01,data/raw/mrlEyes_2018_01/s0013/s0013_03149_0_0_1_0_0_01.png
s0002_00878_0_0_0_0_0_01.png,train,0,s0002,0,0,0,0,01,data/raw/mrlEyes_2018_01/s0002/s0002_00878_0_0_0_0_0_01.png
s0029_01384_0_0_1_0_0_01.png,train,1,s0029,0,0,0,0,01,data/raw/mrlEyes_2018_01/s0029/s0029_01384_0_0_1_0_0_01.png
s0005_00437_0_0_0_0_0_01.png,val,0,s0005,0,0,0,0,01,data/raw/mrlEyes_2018_01/s0005/s0005_00437_0_0_0_0_0_01.png
s0025_00102_0_0_0_0_0_01.png,train,0,s0025,0,0,0,0,01,data/raw/mrlEyes_2018_01/s0025/s0025_00102_0_0_0_0_0_01.png
s0021_00005_0_0_0_0_1_01.png,train,0,s0021,0,0,0,1,01,data/raw/mrlEyes_2018_01/s0021/s0021_00005_0_0_0_0_1_01.png
s0011_01625_0_0_1_0_0_01.png,train,1,s0011,0,0,0,0,01,data/raw/mrlEyes_2018_01/s0011/s0011_01625_0_0_1_0_0_01.png
s0037_05427_1_1_0_1_0_01.png,train,0,s0037,1,1,1,0,01,data/raw/mrlEyes_2018_01/s0037/s0037_05427_1_1_0_1_0_01.png
s0032_03269_0_0_1_0_1_02.png,test,1,s0032,0,0,0,1,02,data/raw/mrlEyes_2018_01/s0032/s0032_03269_0_0_1_0_1_02.png
s0001_02607_0_1_1_2_0_01.png,val,1,s0001,0,1,2,0,01,data/raw/mrlEyes_2018_01/s0001/s0001_02607_0_1_1_2_0_01.png
s0018_03004_0_1_0_0_0_01.png,train,0,s0018,0,1,0,0,01,data/raw/mrlEyes_2018_01/s0018/s0018_03004_0_1_0_0_0_01.png
s0029_00006_0_0_0_0_1_01.png,train,0,s0029,0,0,0,1,01,data/raw/mrlEyes_2018_01/s0029/s0029_00006_0_0_0_0_1_01.png
s0001_00593_0_0_0_0_1_01.png,val,0,s0001,0,0,0,1,01,data/raw/mrlEyes_2018_01/s0001/s0001_00593_0_0_0_0_1_01.png
s0006_00714_0_1_0_1_0_01.png,train,0,s0006,0,1,1,0,01,data/raw/mrlEyes_2018_01/s0006/s0006_00714_0_1_0_1_0_01.png
s0015_00944_0_0_1_0_1_01.png,test,1,s0015,0,0,0,1,01,data/raw/mrlEyes_2018_01/s0015/s0015_00944_0_0_1_0_1_01.png
s0032_03760_0_0_1_0_1_02.png,test,1,s0032,0,0,0,1,02,data/raw/mrlEyes_2018_01/s0032/s0032_03760_0_0_1_0_1_02.png
s0024_00671_0_1_1_0_0_01.png,train,1,s0024,0,1,0,0,01,data/raw/mrlEyes_2018_01/s0024/s0024_00671_0_1_1_0_0_01.png
s0025_00037_0_0_0_0_0_01.png,train,0,s0025,0,0,0,0,01,data/raw/mrlEyes_2018_01/s0025/s0025_00037_0_0_0_0_0_01.png
s0017_01585_1_0_1_0_0_01.png,test,1,s0017,1,0,0,0,01,data/raw/mrlEyes_2018_01/s0017/s0017_01585_1_0_1_0_0_01.png
s0014_02397_0_0_0_2_1_03.png,train,0,s0014,0,0,2,1,03,data/raw/mrlEyes_2018_01/s0014/s0014_02397_0_0_0_2_1_03.png
s0010_00015_0_0_0_0_0_01.png,train,0,s0010,0,0,0,0,01,data/raw/mrlEyes_2018_01/s0010/s0010_00015_0_0_0_0_0_01.png
s0027_00347_0_0_1_0_0_01.png,val,1,s0027,0,0,0,0,01,data/raw/mrlEyes_2018_01/s0027/s0027_00347_0_0_1_0_0_01.png
s0024_00062_0_0_0_0_0_01.png,train,0,s0024,0,0,0,0,01,data/raw/mrlEyes_2018_01/s0024/s0024_00062_0_0_0_0_0_01.png
s0005_00715_0_0_1_0_0_01.png,val,1,s0005,0,0,0,0,01,data/raw/mrlEyes_2018_01/s0005/s0005_00715_0_0_1_0_0_01.png
s0019_03131_0_0_1_0_0_01.png,train,1,s0019,0,0,0,0,01,data/raw/mrlEyes_2018_01/s0019/s0019_03131_0_0_1_0_0_01.png
s0032_03559_0_0_1_1_0_02.png,test,1,s0032,0,0,1,0,02,data/raw/mrlEyes_2018_01/s0032/s0032_03559_0_0_1_1_0_02.png
s0035_00464_0_1_1_2_1_02.png,train,1,s0035,0,1,2,1,02,data/raw/mrlEyes_2018_01/s0035/s0035_00464_0_1_1_2_1_02.png
s0006_00566_0_1_0_1_0_01.png,train,0,s0006,0,1,1,0,01,data/raw/mrlEyes_2018_01/s0006/s0006_00566_0_1_0_1_0_01.png
s0001_00817_0_0_0_0_0_01.png,val,0,s0001,0,0,0,0,01,data/raw/mrlEyes_2018_01/s0001/s0001_00817_0_0_0_0_0_01.png
s0023_00118_0_0_1_0_1_01.png,train,1,s0023,0,0,0,1,01,data/raw/mrlEyes_2018_01/s0023/s0023_00118_0_0_1_0_1_01.png
s0030_01113_0_0_1_0_0_01.png,val,1,s0030,0,0,0,0,01,data/raw/mrlEyes_2018_01/s0030/s0030_01113_0_0_1_0_0_01.png
s0036_03887_1_0_1_0_1_01.png,train,1,s0036,1,0,0,1,01,data/raw/mrlEyes_2018_01/s0036/s0036_03887_1_0_1_0_1_01.png
s0037_06928_1_0_1_0_0_01.png,train,1,s0037,1,0,0,0,01,data/raw/mrlEyes_2018_01/s0037/s0037_06928_1_0_1_0_0_01.png
s0012_02547_0_1_0_0_1_01.png,train,0,s0012,0,1,0,1,01,data/raw/mrlEyes_2018_01/s0012/s0012_02547_0_1_0_0_1_01.png
s0024_00608_0_1_1_0_0_01.png,train,1,s0024,0,1,0,0,01,data/raw/mrlEyes_2018_01/s0024/s0024_00608_0_1_1_0_0_01.png
s0012_02684_0_1_0_0_0_01.png,train,0,s0012,0,1,0,0,01,data/raw/mrlEyes_2018_01/s0012/s0012_02684_0_1_0_0_0_01.png
s0034_00277_0_0_1_0_0_02.png,train,1,s0034,0,0,0,0,02,data/raw/mrlEyes_2018_01/s0034/s0034_00277_0_0_1_0_0_02.png
s0027_00637_0_1_1_2_0_01.png,val,1,s0027,0,1,2,0,01,data/raw/mrlEyes_2018_01/s0027/s0027_00637_0_1_1_2_0_01.png
s0017_01562_1_0_1_0_1_01.png,test,1,s0017,1,0,0,1,01,data/raw/mrlEyes_2018_01/s0017/s0017_01562_1_0_1_0_1_01.png
s0037_02749_1_0_0_0_0_01.png,train,0,s0037,1,0,0,0,01,data/raw/mrlEyes_2018_01/s0037/s0037_02749_1_0_0_0_0_01.png
s0036_01781_1_1_0_0_0_01.png,train,0,s0036,1,1,0,0,01,data/raw/mrlEyes_2018_01/s0036/s0036_01781_1_1_0_0_0_01.png
s0023_00090_0_0_1_0_1_01.png,train,1,s0023,0,0,0,1,01,data/raw/mrlEyes_2018_01/s0023/s0023_00090_0_0_1_0_1_01.png
s0024_00688_0_1_1_0_0_01.png,train,1,s0024,0,1,0,0,01,data/raw/mrlEyes_2018_01/s0024/s0024_00688_0_1_1_0_0_01.png
s0030_00201_0_0_0_0_1_01.png,val,0,s0030,0,0,0,1,01,data/raw/mrlEyes_2018_01/s0030/s0030_00201_0_0_0_0_1_01.png
s0037_04056_1_1_0_2_0_01.png,train,0,s0037,1,1,2,0,01,data/raw/mrlEyes_2018_01/s0037/s0037_04056_1_1_0_2_0_01.png
s0003_00635_0_0_1_0_0_01.png,test,1,s0003,0,0,0,0,01,data/raw/mrlEyes_2018_01/s0003/s0003_00635_0_0_1_0_0_01.png
s0029_00052_0_0_0_0_0_01.png,train,0,s0029,0,0,0,0,01,data/raw/mrlEyes_2018_01/s0029/s0029_00052_0_0_0_0_0_01.png
s0027_00055_0_1_0_1_0_01.png,val,0,s0027,0,1,1,0,01,data/raw/mrlEyes_2018_01/s0027/s0027_00055_0_1_0_1_0_01.png
s0023_00034_0_0_0_0_1_01.png,train,0,s0023,0,0,0,1,01,data/raw/mrlEyes_2018_01/s0023/s0023_00034_0_0_0_0_1_01.png
s0028_00177_0_0_1_0_0_01.png,train,1,s0028,0,0,0,0,01,data/raw/mrlEyes_2018_01/s0028/s0028_00177_0_0_1_0_0_01.png
s0027_00088_0_1_0_0_0_01.png,val,0,s0027,0,1,0,0,01,data/raw/mrlEyes_2018_01/s0027/s0027_00088_0_1_0_0_0_01.png
s0001_03025_0_1_1_2_0_01.png,val,1,s0001,0,1,2,0,01,data/raw/mrlEyes_2018_01/s0001/s0001_03025_0_1_1_2_0_01.png
s0030_00403_0_0_1_0_1_01.png,val,1,s0030,0,0,0,1,01,data/raw/mrlEyes_2018_01/s0030/s0030_00403_0_0_1_0_1_01.png
s0014_08667_0_0_1_0_0_01.png,train,1,s0014,0,0,0,0,01,data/raw/mrlEyes_2018_01/s0014/s0014_08667_0_0_1_0_0_01.png
s0002_01016_0_0_1_0_0_01.png,train,1,s0002,0,0,0,0,01,data/raw/mrlEyes_2018_01/s0002/s0002_01016_0_0_1_0_0_01.png
s0013_03010_0_0_1_0_0_01.png,val,1,s0013,0,0,0,0,01,data/raw/mrlEyes_2018_01/s0013/s0013_03010_0_0_1_0_0_01.png
s0027_00614_0_1_1_2_0_01.png,val,1,s0027,0,1,2,0,01,data/raw/mrlEyes_2018_01/s0027/s0027_00614_0_1_1_2_0_01.png
s0016_01821_1_0_1_0_0_01.png,test,1,s0016,1,0,0,0,01,data/raw/mrlEyes_2018_01/s0016/s0016_01821_1_0_1_0_0_01.png
s0026_00157_0_0_0_0_0_01.png,val,0,s0026,0,0,0,0,01,data/raw/mrlEyes_2018_01/s0026/s0026_00157_0_0_0_0_0_01.png
s0027_00027_0_1_0_2_0_01.png,val,0,s0027,0,1,2,0,01,data/raw/mrlEyes_2018_01/s0027/s0027_00027_0_1_0_2_0_01.png
s0014_03464_0_1_0_0_0_01.png,train,0,s0014,0,1,0,0,01,data/raw/mrlEyes_2018_01/s0014/s0014_03464_0_1_0_0_0_01.png
s0005_00042_0_0_0_0_0_01.png,val,0,s0005,0,0,0,0,01,data/raw/mrlEyes_2018_01/s0005/s0005_00042_0_0_0_0_0_01.png
s0029_00426_0_0_1_0_1_01.png,train,1,s0029,0,0,0,1,01,data/raw/mrlEyes_2018_01/s0029/s0029_00426_0_0_1_0_1_01.png
s0016_00258_1_0_0_0_1_01.png,test,0,s0016,1,0,0,1,01,data/raw/mrlEyes_2018_01/s0016/s0016_00258_1_0_0_0_1_01.png
s0016_00600_1_0_0_0_1_01.png,test,0,s0016,1,0,0,1,01,data/raw/mrlEyes_2018_01/s0016/s0016_00600_1_0_0_0_1_01.png
s0015_00146_0_0_0_0_1_01.png,test,0,s0015,0,0,0,1,01,data/raw/mrlEyes_2018_01/s0015/s0015_00146_0_0_0_0_1_01.png
s0027_00043_0_1_0_2_0_01.png,val,0,s0027,0,1,2,0,01,data/raw/mrlEyes_2018_01/s0027/s0027_00043_0_1_0_2_0_01.png
s0012_01323_0_0_0_2_1_03.png,train,0,s0012,0,0,2,1,03,data/raw/mrlEyes_2018_01/s0012/s0012_01323_0_0_0_2_1_03.png
s0034_00073_0_0_0_0_0_02.png,train,0,s0034,0,0,0,0,02,data/raw/mrlEyes_2018_01/s0034/s0034_00073_0_0_0_0_0_02.png
s0027_00018_0_0_0_0_1_01.png,val,0,s0027,0,0,0,1,01,data/raw/mrlEyes_2018_01/s0027/s0027_00018_0_0_0_0_1_01.png
s0015_01070_0_0_1_0_0_01.png,test,1,s0015,0,0,0,0,01,data/raw/mrlEyes_2018_01/s0015/s0015_01070_0_0_1_0_0_01.png
s0033_00387_0_0_1_0_1_01.png,test,1,s0033,0,0,0,1,01,data/raw/mrlEyes_2018_01/s0033/s0033_00387_0_0_1_0_1_01.png
s0019_02910_0_0_1_0_0_01.png,train,1,s0019,0,0,0,0,01,data/raw/mrlEyes_2018_01/s0019/s0019_02910_0_0_1_0_0_01.png
s0010_00191_0_0_0_0_0_01.png,train,0,s0010,0,0,0,0,01,data/raw/mrlEyes_2018_01/s0010/s0010_00191_0_0_0_0_0_01.png
s0032_02902_0_0_1_0_0_02.png,test,1,s0032,0,0,0,0,02,data/raw/mrlEyes_2018_01/s0032/s0032_02902_0_0_1_0_0_02.png
s0026_00132_0_0_0_0_0_01.png,val,0,s0026,0,0,0,0,01,data/raw/mrlEyes_2018_01/s0026/s0026_00132_0_0_0_0_0_01.png
s0001_02714_0_1_1_0_0_01.png,val,1,s0001,0,1,0,0,01,data/raw/mrlEyes_2018_01/s0001/s0001_02714_0_1_1_0_0_01.png
s0027_00578_0_1_1_2_0_01.png,val,1,s0027,0,1,2,0,01,data/raw/mrlEyes_2018_01/s0027/s0027_00578_0_1_1_2_0_01.png
s0012_03069_0_1_0_0_0_01.png,train,0,s0012,0,1,0,0,01,data/raw/mrlEyes_2018_01/s0012/s0012_03069_0_1_0_0_0_01.png
s0032_00128_0_0_0_0_1_02.png,test,0,s0032,0,0,0,1,02,data/raw/mrlEyes_2018_01/s0032/s0032_00128_0_0_0_0_1_02.png
s0022_00028_0_0_0_0_1_01.png,train,0,s0022,0,0,0,1,01,data/raw/mrlEyes_2018_01/s0022/s0022_00028_0_0_0_0_1_01.png
s0016_01381_1_0_0_1_1_01.png,test,0,s0016,1,0,1,1,01,data/raw/mrlEyes_2018_01/s0016/s0016_01381_1_0_0_1_1_01.png
s0010_00124_0_0_0_0_0_01.png,train,0,s0010,0,0,0,0,01,data/raw/mrlEyes_2018_01/s0010/s0010_00124_0_0_0_0_0_01.png
s0033_00096_0_0_0_0_1_01.png,test,0,s0033,0,0,0,1,01,data/raw/mrlEyes_2018_01/s0033/s0033_00096_0_0_0_0_1_01.png
s0033_00061_0_0_0_0_0_01.png,test,0,s0033,0,0,0,0,01,data/raw/mrlEyes_2018_01/s0033/s0033_00061_0_0_0_0_0_01.png
s0034_00023_0_0_0_0_0_02.png,train,0,s0034,0,0,0,0,02,data/raw/mrlEyes_2018_01/s0034/s0034_00023_0_0_0_0_0_02.png
s0028_00300_0_1_1_0_0_01.png,train,1,s0028,0,1,0,0,01,data/raw/mrlEyes_2018_01/s0028/s0028_00300_0_1_1_0_0_01.png
s0003_00160_0_0_0_0_0_01.png,test,0,s0003,0,0,0,0,01,data/raw/mrlEyes_2018_01/s0003/s0003_00160_0_0_0_0_0_01.png
s0024_00335_0_0_1_0_0_01.png,train,1,s0024,0,0,0,0,01,data/raw/mrlEyes_2018_01/s0024/s0024_00335_0_0_1_0_0_01.png
s0020_00461_0_0_1_0_0_01.png,train,1,s0020,0,0,0,0,01,data/raw/mrlEyes_2018_01/s0020/s0020_00461_0_0_1_0_0_01.png
s0029_00066_0_0_0_0_1_01.png,train,0,s0029,0,0,0,1,01,data/raw/mrlEyes_2018_01/s0029/s0029_00066_0_0_0_0_1_01.png
s0015_01110_0_0_1_0_0_01.png,test,1,s0015,0,0,0,0,01,data/raw/mrlEyes_2018_01/s0015/s0015_01110_0_0_1_0_0_01.png
s0030_00272_0_0_0_0_0_01.png,val,0,s0030,0,0,0,0,01,data/raw/mrlEyes_2018_01/s0030/s0030_00272_0_0_0_0_0_01.png
s0010_00334_0_0_1_0_0_01.png,train,1,s0010,0,0,0,0,01,data/raw/mrlEyes_2018_01/s0010/s0010_00334_0_0_1_0_0_01.png
s0025_00099_0_0_0_0_0_01.png,train,0,s0025,0,0,0,0,01,data/raw/mrlEyes_2018_01/s0025/s0025_00099_0_0_0_0_0_01.png
s0003_00439_0_0_0_0_0_01.png,test,0,s0003,0,0,0,0,01,data/raw/mrlEyes_2018_01/s0003/s0003_00439_0_0_0_0_0_01.png
s0033_00101_0_0_0_0_1_01.png,test,0,s0033,0,0,0,1,01,data/raw/mrlEyes_2018_01/s0033/s0033_00101_0_0_0_0_1_01.png
s0033_00030_0_0_0_0_1_01.png,test,0,s0033,0,0,0,1,01,data/raw/mrlEyes_2018_01/s0033/s0033_00030_0_0_0_0_1_01.png
s0033_00394_0_0_1_0_1_01.png,test,1,s0033,0,0,0,1,01,data/raw/mrlEyes_2018_01/s0033/s0033_00394_0_0_1_0_1_01.png
s0014_03534_0_0_0_2_1_02.png,train,0,s0014,0,0,2,1,02,data/raw/mrlEyes_2018_01/s0014/s0014_03534_0_0_0_2_1_02.png
s0030_00490_0_0_1_0_1_01.png,val,1,s0030,0,0,0,1,01,data/raw/mrlEyes_2018_01/s0030/s0030_00490_0_0_1_0_1_01.png
s0033_00541_0_0_1_0_1_01.png,test,1,s0033,0,0,0,1,01,data/raw/mrlEyes_2018_01/s0033/s0033_00541_0_0_1_0_1_01.png
s0026_00393_0_0_0_0_1_01.png,val,0,s0026,0,0,0,1,01,data/raw/mrlEyes_2018_01/s0026/s0026_00393_0_0_0_0_1_01.png
s0031_00020_1_0_0_0_1_02.png,train,0,s0031,1,0,0,1,02,data/raw/mrlEyes_2018_01/s0031/s0031_00020_1_0_0_0_1_02.png
s0013_01370_0_0_0_0_0_01.png,val,0,s0013,0,0,0,0,01,data/raw/mrlEyes_2018_01/s0013/s0013_01370_0_0_0_0_0_01.png
s0026_00834_0_0_1_0_0_01.png,val,1,s0026,0,0,0,0,01,data/raw/mrlEyes_2018_01/s0026/s0026_00834_0_0_1_0_0_01.png
s0030_00109_0_0_0_0_1_01.png,val,0,s0030,0,0,0,1,01,data/raw/mrlEyes_2018_01/s0030/s0030_00109_0_0_0_0_1_01.png
s0035_00075_0_1_1_0_0_02.png,train,1,s0035,0,1,0,0,02,data/raw/mrlEyes_2018_01/s0035/s0035_00075_0_1_1_0_0_02.png
s0021_00713_0_1_1_2_0_01.png,train,1,s0021,0,1,2,0,01,data/raw/mrlEyes_2018_01/s0021/s0021_00713_0_1_1_2_0_01.png
s0032_00131_0_0_0_0_1_02.png,test,0,s0032,0,0,0,1,02,data/raw/mrlEyes_2018_01/s0032/s0032_00131_0_0_0_0_1_02.png
s0027_00616_0_1_1_0_0_01.png,val,1,s0027,0,1,0,0,01,data/raw/mrlEyes_2018_01/s0027/s0027_00616_0_1_1_0_0_01.png
s0014_08181_0_0_1_1_0_02.png,train,1,s0014,0,0,1,0,02,data/raw/mrlEyes_2018_01/s0014/s0014_08181_0_0_1_1_0_02.png
s0025_00438_0_0_1_0_0_01.png,train,1,s0025,0,0,0,0,01,data/raw/mrlEyes_2018_01/s0025/s0025_00438_0_0_1_0_0_01.png
s0006_00339_0_1_0_0_0_01.png,train,0,s0006,0,1,0,0,01,data/raw/mrlEyes_2018_01/s0006/s0006_00339_0_1_0_0_0_01.png
s0037_06211_1_0_1_0_1_01.png,train,1,s0037,1,0,0,1,01,data/raw/mrlEyes_2018_01/s0037/s0037_06211_1_0_1_0_1_01.png
s0001_01855_0_0_1_0_0_01.png,val,1,s0001,0,0,0,0,01,data/raw/mrlEyes_2018_01/s0001/s0001_01855_0_0_1_0_0_01.png
s0004_00741_0_0_0_0_0_01.png,val,0,s0004,0,0,0,0,01,data/raw/mrlEyes_2018_01/s0004/s0004_00741_0_0_0_0_0_01.png
s0020_00559_0_0_1_0_0_01.png,train,1,s0020,0,0,0,0,01,data/raw/mrlEyes_2018_01/s0020/s0020_00559_0_0_1_0_0_01.png
s0034_00260_0_0_1_0_0_02.png,train,1,s0034,0,0,0,0,02,data/raw/mrlEyes_2018_01/s0034/s0034_00260_0_0_1_0_0_02.png
s0003_00595_0_0_1_0_0_01.png,test,1,s0003,0,0,0,0,01,data/raw/mrlEyes_2018_01/s0003/s0003_00595_0_0_1_0_0_01.png
s0012_01025_0_0_0_0_0_01.png,train,0,s0012,0,0,0,0,01,data/raw/mrlEyes_2018_01/s0012/s0012_01025_0_0_0_0_0_01.png
s0023_00309_0_0_1_0_1_01.png,train,1,s0023,0,0,0,1,01,data/raw/mrlEyes_2018_01/s0023/s0023_00309_0_0_1_0_1_01.png
s0006_01003_0_1_0_1_0_01.png,train,0,s0006,0,1,1,0,01,data/raw/mrlEyes_2018_01/s0006/s0006_01003_0_1_0_1_0_01.png
s0021_00028_0_0_0_0_0_01.png,train,0,s0021,0,0,0,0,01,data/raw/mrlEyes_2018_01/s0021/s0021_00028_0_0_0_0_0_01.png
s0037_03927_1_1_0_0_0_01.png,train,0,s0037,1,1,0,0,01,data/raw/mrlEyes_2018_01/s0037/s0037_03927_1_1_0_0_0_01.png
s0001_02500_0_0_1_0_0_01.png,val,1,s0001,0,0,0,0,01,data/raw/mrlEyes_2018_01/s0001/s0001_02500_0_0_1_0_0_01.png
s0008_00194_0_1_0_0_0_01.png,train,0,s0008,0,1,0,0,01,data/raw/mrlEyes_2018_01/s0008/s0008_00194_0_1_0_0_0_01.png
s0015_00571_0_0_0_0_1_01.png,test,0,s0015,0,0,0,1,01,data/raw/mrlEyes_2018_01/s0015/s0015_00571_0_0_0_0_1_01.png
s0008_00583_0_1_0_0_0_01.png,train,0,s0008,0,1,0,0,01,data/raw/mrlEyes_2018_01/s0008/s0008_00583_0_1_0_0_0_01.png
s0023_00464_0_0_1_0_1_01.png,train,1,s0023,0,0,0,1,01,data/raw/mrlEyes_2018_01/s0023/s0023_00464_0_0_1_0_1_01.png
s0007_00182_0_0_0_0_0_01.png,test,0,s0007,0,0,0,0,01,data/raw/mrlEyes_2018_01/s0007/s0007_00182_0_0_0_0_0_01.png
s0013_03090_0_0_1_0_0_01.png,val,1,s0013,0,0,0,0,01,data/raw/mrlEyes_2018_01/s0013/s0013_03090_0_0_1_0_0_01.png
s0024_00425_0_0_1_0_0_01.png,train,1,s0024,0,0,0,0,01,data/raw/mrlEyes_2018_01/s0024/s0024_00425_0_0_1_0_0_01.png
s0034_00014_0_0_0_0_0_02.png,train,0,s0034,0,0,0,0,02,data/raw/mrlEyes_2018_01/s0034/s0034_00014_0_0_0_0_0_02.png
s0002_00268_0_0_0_0_0_01.png,train,0,s0002,0,0,0,0,01,data/raw/mrlEyes_2018_01/s0002/s0002_00268_0_0_0_0_0_01.png
s0003_00029_0_0_0_0_0_01.png,test,0,s0003,0,0,0,0,01,data/raw/mrlEyes_2018_01/s0003/s0003_00029_0_0_0_0_0_01.png
s0022_00365_0_1_1_2_1_01.png,train,1,s0022,0,1,2,1,01,data/raw/mrlEyes_2018_01/s0022/s0022_00365_0_1_1_2_1_01.png
s0034_00085_0_0_0_0_0_02.png,train,0,s0034,0,0,0,0,02,data/raw/mrlEyes_2018_01/s0034/s0034_00085_0_0_0_0_0_02.png
s0010_00355_0_0_1_0_0_01.png,train,1,s0010,0,0,0,0,01,data/raw/mrlEyes_2018_01/s0010/s0010_00355_0_0_1_0_0_01.png
s0037_02328_1_0_0_0_0_01.png,train,0,s0037,1,0,0,0,01,data/raw/mrlEyes_2018_01/s0037/s0037_02328_1_0_0_0_0_01.png
s0030_01217_0_0_1_0_0_01.png,val,1,s0030,0,0,0,0,01,data/raw/mrlEyes_2018_01/s0030/s0030_01217_0_0_1_0_0_01.png
s0015_00586_0_0_0_0_1_01.png,test,0,s0015,0,0,0,1,01,data/raw/mrlEyes_2018_01/s0015/s0015_00586_0_0_0_0_1_01.png
s0020_00007_0_0_0_0_1_01.png,train,0,s0020,0,0,0,1,01,data/raw/mrlEyes_2018_01/s0020/s0020_00007_0_0_0_0_1_01.png
s0037_08841_1_1_1_2_0_01.png,train,1,s0037,1,1,2,0,01,data/raw/mrlEyes_2018_01/s0037/s0037_08841_1_1_1_2_0_01.png
s0031_00267_1_0_1_1_1_02.png,train,1,s0031,1,0,1,1,02,data/raw/mrlEyes_2018_01/s0031/s0031_00267_1_0_1_1_1_02.png
s0015_00814_0_0_1_0_1_01.png,test,1,s0015,0,0,0,1,01,data/raw/mrlEyes_2018_01/s0015/s0015_00814_0_0_1_0_1_01.png
s0036_02205_1_0_1_0_0_01.png,train,1,s0036,1,0,0,0,01,data/raw/mrlEyes_2018_01/s0036/s0036_02205_1_0_1_0_0_01.png
s0024_00038_0_0_0_0_0_01.png,train,0,s0024,0,0,0,0,01,data/raw/mrlEyes_2018_01/s0024/s0024_00038_0_0_0_0_0_01.png
s0032_05865_0_0_1_1_1_02.png,test,1,s0032,0,0,1,1,02,data/raw/mrlEyes_2018_01/s0032/s0032_05865_0_0_1_1_1_02.png
s0016_01044_1_0_0_0_1_01.png,test,0,s0016,1,0,0,1,01,data/raw/mrlEyes_2018_01/s0016/s0016_01044_1_0_0_0_1_01.png
s0017_01588_1_0_1_0_1_01.png,test,1,s0017,1,0,0,1,01,data/raw/mrlEyes_2018_01/s0017/s0017_01588_1_0_1_0_1_01.png
s0023_00141_0_0_1_0_1_01.png,train,1,s0023,0,0,0,1,01,data/raw/mrlEyes_2018_01/s0023/s0023_00141_0_0_1_0_1_01.png
s0033_00154_0_0_1_0_1_01.png,test,1,s0033,0,0,0,1,01,data/raw/mrlEyes_2018_01/s0033/s0033_00154_0_0_1_0_1_01.png
s0037_04603_1_1_0_0_0_01.png,train,0,s0037,1,1,0,0,01,data/raw/mrlEyes_2018_01/s0037/s0037_04603_1_1_0_0_0_01.png
s0014_04227_0_0_1_0_0_01.png,train,1,s0014,0,0,0,0,01,data/raw/mrlEyes_2018_01/s0014/s0014_04227_0_0_1_0_0_01.png
s0006_00519_0_1_0_1_0_01.png,train,0,s0006,0,1,1,0,01,data/raw/mrlEyes_2018_01/s0006/s0006_00519_0_1_0_1_0_01.png
s0037_04044_1_1_0_2_0_01.png,train,0,s0037,1,1,2,0,01,data/raw/mrlEyes_2018_01/s0037/s0037_04044_1_1_0_2_0_01.png
s0010_00017_0_0_0_0_0_01.png,train,0,s0010,0,0,0,0,01,data/raw/mrlEyes_2018_01/s0010/s0010_00017_0_0_0_0_0_01.png
s0001_01199_0_1_0_2_0_01.png,val,0,s0001,0,1,2,0,01,data/raw/mrlEyes_2018_01/s0001/s0001_01199_0_1_0_2_0_01.png
s0005_00664_0_0_0_0_0_01.png,val,0,s0005,0,0,0,0,01,data/raw/mrlEyes_2018_01/s0005/s0005_00664_0_0_0_0_0_01.png
s0034_00027_0_0_0_0_0_02.png,train,0,s0034,0,0,0,0,02,data/raw/mrlEyes_2018_01/s0034/s0034_00027_0_0_0_0_0_02.png
s0003_00649_0_0_1_0_0_01.png,test,1,s0003,0,0,0,0,01,data/raw/mrlEyes_2018_01/s0003/s0003_00649_0_0_1_0_0_01.png
s0030_00868_0_0_1_0_0_01.png,val,1,s0030,0,0,0,0,01,data/raw/mrlEyes_2018_01/s0030/s0030_00868_0_0_1_0_0_01.png
s0021_00733_0_1_1_2_0_01.png,train,1,s0021,0,1,2,0,01,data/raw/mrlEyes_2018_01/s0021/s0021_00733_0_1_1_2_0_01.png
s0015_00474_0_0_0_0_1_01.png,test,0,s0015,0,0,0,1,01,data/raw/mrlEyes_2018_01/s0015/s0015_00474_0_0_0_0_1_01.png
s0011_00798_0_0_0_0_0_01.png,train,0,s0011,0,0,0,0,01,data/raw/mrlEyes_2018_01/s0011/s0011_00798_0_0_0_0_0_01.png
s0026_00368_0_0_0_0_1_01.png,val,0,s0026,0,0,0,1,01,data/raw/mrlEyes_2018_01/s0026/s0026_00368_0_0_0_0_1_01.png
s0029_00147_0_0_0_0_1_01.png,train,0,s0029,0,0,0,1,01,data/raw/mrlEyes_2018_01/s0029/s0029_00147_0_0_0_0_1_01.png
s0001_03161_0_1_1_2_0_01.png,val,1,s0001,0,1,2,0,01,data/raw/mrlEyes_2018_01/s0001/s0001_03161_0_1_1_2_0_01.png
s0029_00955_0_0_1_0_1_01.png,train,1,s0029,0,0,0,1,01,data/raw/mrlEyes_2018_01/s0029/s0029_00955_0_0_1_0_1_01.png
s0022_00151_0_0_1_0_1_01.png,train,1,s0022,0,0,0,1,01,data/raw/mrlEyes_2018_01/s0022/s0022_00151_0_0_1_0_1_01.png
s0024_00143_0_1_0_0_0_01.png,train,0,s0024,0,1,0,0,01,data/raw/mrlEyes_2018_01/s0024/s0024_00143_0_1_0_0_0_01.png
s0037_03313_1_1_0_0_1_01.png,train,0,s0037,1,1,0,1,01,data/raw/mrlEyes_2018_01/s0037/s0037_03313_1_1_0_0_1_01.png
s0018_00083_0_0_0_0_0_01.png,train,0,s0018,0,0,0,0,01,data/raw/mrlEyes_2018_01/s0018/s0018_00083_0_0_0_0_0_01.png
s0006_00595_0_1_0_0_0_01.png,train,0,s0006,0,1,0,0,01,data/raw/mrlEyes_2018_01/s0006/s0006_00595_0_1_0_0_0_01.png
s0025_00087_0_0_0_0_0_01.png,train,0,s0025,0,0,0,0,01,data/raw/mrlEyes_2018_01/s0025/s0025_00087_0_0_0_0_0_01.png
s0002_01100_0_0_1_0_0_01.png,train,1,s0002,0,0,0,0,01,data/raw/mrlEyes_2018_01/s0002/s0002_01100_0_0_1_0_0_01.png
s0010_00088_0_0_0_0_0_01.png,train,0,s0010,0,0,0,0,01,data/raw/mrlEyes_2018_01/s0010/s0010_00088_0_0_0_0_0_01.png
s0031_00278_1_0_1_1_1_02.png,train,1,s0031,1,0,1,1,02,data/raw/mrlEyes_2018_01/s0031/s0031_00278_1_0_1_1_1_02.png
s0019_00255_0_0_0_0_1_01.png,train,0,s0019,0,0,0,1,01,data/raw/mrlEyes_2018_01/s0019/s0019_00255_0_0_0_0_1_01.png
s0032_00054_0_0_0_0_1_02.png,test,0,s0032,0,0,0,1,02,data/raw/mrlEyes_2018_01/s0032/s0032_00054_0_0_0_0_1_02.png
s0021_00596_0_1_1_2_0_01.png,train,1,s0021,0,1,2,0,01,data/raw/mrlEyes_2018_01/s0021/s0021_00596_0_1_1_2_0_01.png
s0020_00355_0_0_1_1_1_01.png,train,1,s0020,0,0,1,1,01,data/raw/mrlEyes_2018_01/s0020/s0020_00355_0_0_1_1_1_01.png
s0030_01010_0_0_1_0_1_01.png,val,1,s0030,0,0,0,1,01,data/raw/mrlEyes_2018_01/s0030/s0030_01010_0_0_1_0_1_01.png
s0019_01254_0_0_0_0_0_01.png,train,0,s0019,0,0,0,0,01,data/raw/mrlEyes_2018_01/s0019/s0019_01254_0_0_0_0_0_01.png
s0026_00329_0_0_0_0_0_01.png,val,0,s0026,0,0,0,0,01,data/raw/mrlEyes_2018_01/s0026/s0026_00329_0_0_0_0_0_01.png
s0027_00065_0_1_0_2_0_01.png,val,0,s0027,0,1,2,0,01,data/raw/mrlEyes_2018_01/s0027/s0027_00065_0_1_0_2_0_01.png
s0019_00167_0_0_0_0_1_01.png,train,0,s0019,0,0,0,1,01,data/raw/mrlEyes_2018_01/s0019/s0019_00167_0_0_0_0_1_01.png
s0029_00004_0_0_0_0_1_01.png,train,0,s0029,0,0,0,1,01,data/raw/mrlEyes_2018_01/s0029/s0029_00004_0_0_0_0_1_01.png
s0010_00299_0_0_0_0_0_01.png,train,0,s0010,0,0,0,0,01,data/raw/mrlEyes_2018_01/s0010/s0010_00299_0_0_0_0_0_01.png
s0005_00725_0_0_1_0_0_01.png,val,1,s0005,0,0,0,0,01,data/raw/mrlEyes_2018_01/s0005/s0005_00725_0_0_1_0_0_01.png
s0018_00929_0_0_0_0_0_01.png,train,0,s0018,0,0,0,0,01,data/raw/mrlEyes_2018_01/s0018/s0018_00929_0_0_0_0_0_01.png
s0014_05081_0_0_1_0_1_03.png,train,1,s0014,0,0,0,1,03,data/raw/mrlEyes_2018_01/s0014/s0014_05081_0_0_1_0_1_03.png
s0018_02648_0_1_0_0_0_01.png,train,0,s0018,0,1,0,0,01,data/raw/mrlEyes_2018_01/s0018/s0018_02648_0_1_0_0_0_01.png
s0025_00115_0_0_0_0_0_01.png,train,0,s0025,0,0,0,0,01,data/raw/mrlEyes_2018_01/s0025/s0025_00115_0_0_0_0_0_01.png
s0012_07683_0_0_1_1_0_02.png,train,1,s0012,0,0,1,0,02,data/raw/mrlEyes_2018_01/s0012/s0012_07683_0_0_1_1_0_02.png
s0005_00006_0_0_0_0_0_01.png,val,0,s0005,0,0,0,0,01,data/raw/mrlEyes_2018_01/s0005/s0005_00006_0_0_0_0_0_01.png
s0022_00044_0_0_0_0_1_01.png,train,0,s0022,0,0,0,1,01,data/raw/mrlEyes_2018_01/s0022/s0022_00044_0_0_0_0_1_01.png
s0015_00117_0_0_0_0_1_01.png,test,0,s0015,0,0,0,1,01,data/raw/mrlEyes_2018_01/s0015/s0015_00117_0_0_0_0_1_01.png
s0020_00135_0_0_1_0_1_01.png,train,1,s0020,0,0,0,1,01,data/raw/mrlEyes_2018_01/s0020/s0020_00135_0_0_1_0_1_01.png
s0035_00491_0_1_1_0_0_02.png,train,1,s0035,0,1,0,0,02,data/raw/mrlEyes_2018_01/s0035/s0035_00491_0_1_1_0_0_02.png
s0012_06791_0_0_1_0_1_01.png,train,1,s0012,0,0,0,1,01,data/raw/mrlEyes_2018_01/s0012/s0012_06791_0_0_1_0_1_01.png
s0024_00148_0_1_0_0_0_01.png,train,0,s0024,0,1,0,0,01,data/raw/mrlEyes_2018_01/s0024/s0024_00148_0_1_0_0_0_01.png
s0031_00086_1_0_0_0_1_02.png,train,0,s0031,1,0,0,1,02,data/raw/mrlEyes_2018_01/s0031/s0031_00086_1_0_0_0_1_02.png
s0019_02774_0_0_0_0_0_01.png,train,0,s0019,0,0,0,0,01,data/raw/mrlEyes_2018_01/s0019/s0019_02774_0_0_0_0_0_01.png
s0031_00374_1_0_1_1_1_02.png,train,1,s0031,1,0,1,1,02,data/raw/mrlEyes_2018_01/s0031/s0031_00374_1_0_1_1_1_02.png
s0002_00726_0_0_0_0_0_01.png,train,0,s0002,0,0,0,0,01,data/raw/mrlEyes_2018_01/s0002/s0002_00726_0_0_0_0_0_01.png
s0034_00510_0_0_1_0_0_02.png,train,1,s0034,0,0,0,0,02,data/raw/mrlEyes_2018_01/s0034/s0034_00510_0_0_1_0_0_02.png
s0007_00130_0_0_0_0_1_01.png,test,0,s0007,0,0,0,1,01,data/raw/mrlEyes_2018_01/s0007/s0007_00130_0_0_0_0_1_01.png
s0008_00093_0_1_0_1_0_01.png,train,0,s0008,0,1,1,0,01,data/raw/mrlEyes_2018_01/s0008/s0008_00093_0_1_0_1_0_01.png
s0036_02902_1_0_1_0_0_01.png,train,1,s0036,1,0,0,0,01,data/raw/mrlEyes_2018_01/s0036/s0036_02902_1_0_1_0_0_01.png
s0031_00132_1_0_0_2_1_02.png,train,0,s0031,1,0,2,1,02,data/raw/mrlEyes_2018_01/s0031/s0031_00132_1_0_0_2_1_02.png
s0037_06831_1_0_1_0_0_01.png,train,1,s0037,1,0,0,0,01,data/raw/mrlEyes_2018_01/s0037/s0037_06831_1_0_1_0_0_01.png
s0008_00461_0_1_0_0_0_01.png,train,0,s0008,0,1,0,0,01,data/raw/mrlEyes_2018_01/s0008/s0008_00461_0_1_0_0_0_01.png
s0010_00379_0_0_1_0_0_01.png,train,1,s0010,0,0,0,0,01,data/raw/mrlEyes_2018_01/s0010/s0010_00379_0_0_1_0_0_01.png
s0034_00094_0_0_0_0_0_02.png,train,0,s0034,0,0,0,0,02,data/raw/mrlEyes_2018_01/s0034/s0034_00094_0_0_0_0_0_02.png
s0035_00012_0_1_0_2_1_02.png,train,0,s0035,0,1,2,1,02,data/raw/mrlEyes_2018_01/s0035/s0035_00012_0_1_0_2_1_02.png
s0037_02245_1_0_0_0_0_01.png,train,0,s0037,1,0,0,0,01,data/raw/mrlEyes_2018_01/s0037/s0037_02245_1_0_0_0_0_01.png
s0027_00098_0_0_1_0_1_01.png,val,1,s0027,0,0,0,1,01,data/raw/mrlEyes_2018_01/s0027/s0027_00098_0_0_1_0_1_01.png
s0018_01088_0_0_0_0_1_01.png,train,0,s0018,0,0,0,1,01,data/raw/mrlEyes_2018_01/s0018/s0018_01088_0_0_0_0_1_01.png
s0033_00476_0_0_1_0_1_01.png,test,1,s0033,0,0,0,1,01,data/raw/mrlEyes_2018_01/s0033/s0033_00476_0_0_1_0_1_01.png
s0020_00017_0_0_0_0_1_01.png,train,0,s0020,0,0,0,1,01,data/raw/mrlEyes_2018_01/s0020/s0020_00017_0_0_0_0_1_01.png
s0013_03087_0_0_1_0_0_01.png,val,1,s0013,0,0,0,0,01,data/raw/mrlEyes_2018_01/s0013/s0013_03087_0_0_1_0_0_01.png
s0030_00619_0_0_1_0_1_01.png,val,1,s0030,0,0,0,1,01,data/raw/mrlEyes_2018_01/s0030/s0030_00619_0_0_1_0_1_01.png
s0030_00427_0_0_1_0_1_01.png,val,1,s0030,0,0,0,1,01,data/raw/mrlEyes_2018_01/s0030/s0030_00427_0_0_1_0_1_01.png
s0033_00040_0_0_0_0_0_01.png,test,0,s0033,0,0,0,0,01,data/raw/mrlEyes_2018_01/s0033/s0033_00040_0_0_0_0_0_01.png
s0012_02757_0_1_0_2_0_01.png,train,0,s0012,0,1,2,0,01,data/raw/mrlEyes_2018_01/s0012/s0012_02757_0_1_0_2_0_01.png
s0012_04930_0_0_1_0_0_03.png,train,1,s0012,0,0,0,0,03,data/raw/mrlEyes_2018_01/s0012/s0012_04930_0_0_1_0_0_03.png
s0025_00912_0_0_1_0_1_01.png,train,1,s0025,0,0,0,1,01,data/raw/mrlEyes_2018_01/s0025/s0025_00912_0_0_1_0_1_01.png
s0019_04205_0_0_1_0_0_01.png,train,1,s0019,0,0,0,0,01,data/raw/mrlEyes_2018_01/s0019/s0019_04205_0_0_1_0_0_01.png
s0025_00747_0_0_1_0_1_01.png,train,1,s0025,0,0,0,1,01,data/raw/mrlEyes_2018_01/s0025/s0025_00747_0_0_1_0_1_01.png
s0030_00183_0_0_0_0_0_01.png,val,0,s0030,0,0,0,0,01,data/raw/mrlEyes_2018_01/s0030/s0030_00183_0_0_0_0_0_01.png
s0029_00168_0_0_0_0_1_01.png,train,0,s0029,0,0,0,1,01,data/raw/mrlEyes_2018_01/s0029/s0029_00168_0_0_0_0_1_01.png
s0010_00295_0_0_0_0_0_01.png,train,0,s0010,0,0,0,0,01,data/raw/mrlEyes_2018_01/s0010/s0010_00295_0_0_0_0_0_01.png
s0003_00613_0_0_1_0_0_01.png,test,1,s0003,0,0,0,0,01,data/raw/mrlEyes_2018_01/s0003/s0003_00613_0_0_1_0_0_01.png
s0009_00294_0_0_0_0_0_01.png,test,0,s0009,0,0,0,0,01,data/raw/mrlEyes_2018_01/s0009/s0009_00294_0_0_0_0_0_01.png
s0027_00158_0_0_1_0_0_01.png,val,1,s0027,0,0,0,0,01,data/raw/mrlEyes_2018_01/s0027/s0027_00158_0_0_1_0_0_01.png
s0013_03545_0_1_1_1_0_01.png,val,1,s0013,0,1,1,0,01,data/raw/mrlEyes_2018_01/s0013/s0013_03545_0_1_1_1_0_01.png
s0035_00011_0_1_0_2_1_02.png,train,0,s0035,0,1,2,1,02,data/raw/mrlEyes_2018_01/s0035/s0035_00011_0_1_0_2_1_02.png
s0005_00333_0_0_0_0_0_01.png,val,0,s0005,0,0,0,0,01,data/raw/mrlEyes_2018_01/s0005/s0005_00333_0_0_0_0_0_01.png
s0008_00064_0_1_0_0_0_01.png,train,0,s0008,0,1,0,0,01,data/raw/mrlEyes_2018_01/s0008/s0008_00064_0_1_0_0_0_01.png
s0025_01440_0_0_1_0_1_01.png,train,1,s0025,0,0,0,1,01,data/raw/mrlEyes_2018_01/s0025/s0025_01440_0_0_1_0_1_01.png
s0022_00114_0_1_0_2_1_01.png,train,0,s0022,0,1,2,1,01,data/raw/mrlEyes_2018_01/s0022/s0022_00114_0_1_0_2_1_01.png
s0026_00013_0_0_0_0_1_01.png,val,0,s0026,0,0,0,1,01,data/raw/mrlEyes_2018_01/s0026/s0026_00013_0_0_0_0_1_01.png
s0026_00673_0_0_1_0_1_01.png,val,1,s0026,0,0,0,1,01,data/raw/mrlEyes_2018_01/s0026/s0026_00673_0_0_1_0_1_01.png
s0005_00337_0_0_0_0_0_01.png,val,0,s0005,0,0,0,0,01,data/raw/mrlEyes_2018_01/s0005/s0005_00337_0_0_0_0_0_01.png
s0031_00707_1_0_1_0_1_02.png,train,1,s0031,1,0,0,1,02,data/raw/mrlEyes_2018_01/s0031/s0031_00707_1_0_1_0_1_02.png
s0031_00224_1_0_0_0_1_02.png,train,0,s0031,1,0,0,1,02,data/raw/mrlEyes_2018_01/s0031/s0031_00224_1_0_0_0_1_02.png
s0031_00104_1_0_0_0_1_02.png,train,0,s0031,1,0,0,1,02,data/raw/mrlEyes_2018_01/s0031/s0031_00104_1_0_0_0_1_02.png
s0034_00063_0_0_0_0_0_02.png,train,0,s0034,0,0,0,0,02,data/raw/mrlEyes_2018_01/s0034/s0034_00063_0_0_0_0_0_02.png
s0008_00359_0_1_0_1_0_01.png,train,0,s0008,0,1,1,0,01,data/raw/mrlEyes_2018_01/s0008/s0008_00359_0_1_0_1_0_01.png
s0013_03296_0_0_1_0_0_01.png,val,1,s0013,0,0,0,0,01,data/raw/mrlEyes_2018_01/s0013/s0013_03296_0_0_1_0_0_01.png
s0033_00256_0_0_1_0_1_01.png,test,1,s0033,0,0,0,1,01,data/raw/mrlEyes_2018_01/s0033/s0033_00256_0_0_1_0_1_01.png
s0002_00201_0_0_0_0_0_01.png,train,0,s0002,0,0,0,0,01,data/raw/mrlEyes_2018_01/s0002/s0002_00201_0_0_0_0_0_01.png
s0016_01859_1_0_1_0_0_01.png,test,1,s0016,1,0,0,0,01,data/raw/mrlEyes_2018_01/s0016/s0016_01859_1_0_1_0_0_01.png
s0036_04258_1_0_1_0_0_01.png,train,1,s0036,1,0,0,0,01,data/raw/mrlEyes_2018_01/s0036/s0036_04258_1_0_1_0_0_01.png
s0030_00250_0_0_0_0_1_01.png,val,0,s0030,0,0,0,1,01,data/raw/mrlEyes_2018_01/s0030/s0030_00250_0_0_0_0_1_01.png
s0002_00310_0_0_0_0_0_01.png,train,0,s0002,0,0,0,0,01,data/raw/mrlEyes_2018_01/s0002/s0002_00310_0_0_0_0_0_01.png
s0032_00027_0_0_0_0_1_02.png,test,0,s0032,0,0,0,1,02,data/raw/mrlEyes_2018_01/s0032/s0032_00027_0_0_0_0_1_02.png
s0021_00008_0_0_0_0_1_01.png,train,0,s0021,0,0,0,1,01,data/raw/mrlEyes_2018_01/s0021/s0021_00008_0_0_0_0_1_01.png
s0022_00120_0_1_0_2_1_01.png,train,0,s0022,0,1,2,1,01,data/raw/mrlEyes_2018_01/s0022/s0022_00120_0_1_0_2_1_01.png
s0002_00146_0_0_0_0_0_01.png,train,0,s0002,0,0,0,0,01,data/raw/mrlEyes_2018_01/s0002/s0002_00146_0_0_0_0_0_01.png
s0001_01608_0_1_0_0_0_01.png,val,0,s0001,0,1,0,0,01,data/raw/mrlEyes_2018_01/s0001/s0001_01608_0_1_0_0_0_01.png
s0010_00330_0_0_0_0_0_01.png,train,0,s0010,0,0,0,0,01,data/raw/mrlEyes_2018_01/s0010/s0010_00330_0_0_0_0_0_01.png
s0017_01627_1_0_1_0_0_01.png,test,1,s0017,1,0,0,0,01,data/raw/mrlEyes_2018_01/s0017/s0017_01627_1_0_1_0_0_01.png
s0024_00737_0_1_1_0_0_01.png,train,1,s0024,0,1,0,0,01,data/raw/mrlEyes_2018_01/s0024/s0024_00737_0_1_1_0_0_01.png
s0018_03530_0_1_0_0_0_01.png,train,0,s0018,0,1,0,0,01,data/raw/mrlEyes_2018_01/s0018/s0018_03530_0_1_0_0_0_01.png
s0016_01030_1_0_0_0_1_01.png,test,0,s0016,1,0,0,1,01,data/raw/mrlEyes_2018_01/s0016/s0016_01030_1_0_0_0_1_01.png
s0034_00038_0_0_0_0_0_02.png,train,0,s0034,0,0,0,0,02,data/raw/mrlEyes_2018_01/s0034/s0034_00038_0_0_0_0_0_02.png
s0010_00336_0_0_1_0_0_01.png,train,1,s0010,0,0,0,0,01,data/raw/mrlEyes_2018_01/s0010/s0010_00336_0_0_1_0_0_01.png
s0010_00201_0_0_0_0_0_01.png,train,0,s0010,0,0,0,0,01,data/raw/mrlEyes_2018_01/s0010/s0010_00201_0_0_0_0_0_01.png
s0001_01370_0_1_0_2_0_01.png,val,0,s0001,0,1,2,0,01,data/raw/mrlEyes_2018_01/s0001/s0001_01370_0_1_0_2_0_01.png
s0010_00353_0_0_1_0_0_01.png,train,1,s0010,0,0,0,0,01,data/raw/mrlEyes_2018_01/s0010/s0010_00353_0_0_1_0_0_01.png
s0037_08041_1_0_1_0_0_01.png,train,1,s0037,1,0,0,0,01,data/raw/mrlEyes_2018_01/s0037/s0037_08041_1_0_1_0_0_01.png
s0027_00478_0_1_1_2_1_01.png,val,1,s0027,0,1,2,1,01,data/raw/mrlEyes_2018_01/s0027/s0027_00478_0_1_1_2_1_01.png
s0021_00763_0_1_1_2_0_01.png,train,1,s0021,0,1,2,0,01,data/raw/mrlEyes_2018_01/s0021/s0021_00763_0_1_1_2_0_01.png
s0035_00338_0_1_1_0_0_02.png,train,1,s0035,0,1,0,0,02,data/raw/mrlEyes_2018_01/s0035/s0035_00338_0_1_1_0_0_02.png
s0017_00740_1_0_0_0_1_01.png,test,0,s0017,1,0,0,1,01,data/raw/mrlEyes_2018_01/s0017/s0017_00740_1_0_0_0_1_01.png
s0002_00100_0_0_0_0_0_01.png,train,0,s0002,0,0,0,0,01,data/raw/mrlEyes_2018_01/s0002/s0002_00100_0_0_0_0_0_01.png
s0005_00366_0_0_0_0_0_01.png,val,0,s0005,0,0,0,0,01,data/raw/mrlEyes_2018_01/s0005/s0005_00366_0_0_0_0_0_01.png
s0002_00400_0_0_0_0_1_01.png,train,0,s0002,0,0,0,1,01,data/raw/mrlEyes_2018_01/s0002/s0002_00400_0_0_0_0_1_01.png
s0005_00722_0_0_1_0_0_01.png,val,1,s0005,0,0,0,0,01,data/raw/mrlEyes_2018_01/s0005/s0005_00722_0_0_1_0_0_01.png
s0028_00304_0_1_1_0_0_01.png,train,1,s0028,0,1,0,0,01,data/raw/mrlEyes_2018_01/s0028/s0028_00304_0_1_1_0_0_01.png
s0009_00079_0_0_0_0_0_01.png,test,0,s0009,0,0,0,0,01,data/raw/mrlEyes_2018_01/s0009/s0009_00079_0_0_0_0_0_01.png
s0034_00026_0_0_0_0_0_02.png,train,0,s0034,0,0,0,0,02,data/raw/mrlEyes_2018_01/s0034/s0034_00026_0_0_0_0_0_02.png
s0031_00201_1_0_0_2_1_02.png,train,0,s0031,1,0,2,1,02,data/raw/mrlEyes_2018_01/s0031/s0031_00201_1_0_0_2_1_02.png
s0017_01287_1_0_0_0_0_01.png,test,0,s0017,1,0,0,0,01,data/raw/mrlEyes_2018_01/s0017/s0017_01287_1_0_0_0_0_01.png
s0037_00824_1_0_0_0_1_01.png,train,0,s0037,1,0,0,1,01,data/raw/mrlEyes_2018_01/s0037/s0037_00824_1_0_0_0_1_01.png
s0032_00061_0_0_0_0_1_02.png,test,0,s0032,0,0,0,1,02,data/raw/mrlEyes_2018_01/s0032/s0032_00061_0_0_0_0_1_02.png
s0026_01001_0_0_1_0_1_01.png,val,1,s0026,0,0,0,1,01,data/raw/mrlEyes_2018_01/s0026/s0026_01001_0_0_1_0_1_01.png
s0021_00405_0_0_1_0_0_01.png,train,1,s0021,0,0,0,0,01,data/raw/mrlEyes_2018_01/s0021/s0021_00405_0_0_1_0_0_01.png
s0007_00360_0_0_0_0_0_01.png,test,0,s0007,0,0,0,0,01,data/raw/mrlEyes_2018_01/s0007/s0007_00360_0_0_0_0_0_01.png
s0014_08121_0_0_1_1_0_02.png,train,1,s0014,0,0,1,0,02,data/raw/mrlEyes_2018_01/s0014/s0014_08121_0_0_1_1_0_02.png
s0024_00675_0_1_1_0_0_01.png,train,1,s0024,0,1,0,0,01,data/raw/mrlEyes_2018_01/s0024/s0024_00675_0_1_1_0_0_01.png
s0010_00278_0_0_0_0_0_01.png,train,0,s0010,0,0,0,0,01,data/raw/mrlEyes_2018_01/s0010/s0010_00278_0_0_0_0_0_01.png
s0015_01008_0_0_1_0_1_01.png,test,1,s0015,0,0,0,1,01,data/raw/mrlEyes_2018_01/s0015/s0015_01008_0_0_1_0_1_01.png
s0012_05489_0_0_1_2_1_03.png,train,1,s0012,0,0,2,1,03,data/raw/mrlEyes_2018_01/s0012/s0012_05489_0_0_1_2_1_03.png
s0011_00539_0_0_0_0_0_01.png,train,0,s0011,0,0,0,0,01,data/raw/mrlEyes_2018_01/s0011/s0011_00539_0_0_0_0_0_01.png
s0015_00441_0_0_0_0_1_01.png,test,0,s0015,0,0,0,1,01,data/raw/mrlEyes_2018_01/s0015/s0015_00441_0_0_0_0_1_01.png
s0003_00563_0_0_1_0_0_01.png,test,1,s0003,0,0,0,0,01,data/raw/mrlEyes_2018_01/s0003/s0003_00563_0_0_1_0_0_01.png
s0018_01375_0_0_0_0_1_01.png,train,0,s0018,0,0,0,1,01,data/raw/mrlEyes_2018_01/s0018/s0018_01375_0_0_0_0_1_01.png
s0028_00324_0_1_1_0_0_01.png,train,1,s0028,0,1,0,0,01,data/raw/mrlEyes_2018_01/s0028/s0028_00324_0_1_1_0_0_01.png
s0004_00246_0_0_0_0_0_01.png,val,0,s0004,0,0,0,0,01,data/raw/mrlEyes_2018_01/s0004/s0004_00246_0_0_0_0_0_01.png
s0034_00170_0_0_1_0_0_02.png,train,1,s0034,0,0,0,0,02,data/raw/mrlEyes_2018_01/s0034/s0034_00170_0_0_1_0_0_02.png
s0012_06296_0_0_1_0_1_01.png,train,1,s0012,0,0,0,1,01,data/raw/mrlEyes_2018_01/s0012/s0012_06296_0_0_1_0_1_01.png
s0001_02854_0_1_1_0_0_01.png,val,1,s0001,0,1,0,0,01,data/raw/mrlEyes_2018_01/s0001/s0001_02854_0_1_1_0_0_01.png
s0029_00126_0_0_0_0_1_01.png,train,0,s0029,0,0,0,1,01,data/raw/mrlEyes_2018_01/s0029/s0029_00126_0_0_0_0_1_01.png
s0020_00702_0_0_1_0_1_01.png,train,1,s0020,0,0,0,1,01,data/raw/mrlEyes_2018_01/s0020/s0020_00702_0_0_1_0_1_01.png
s0017_01528_1_0_1_0_1_01.png,test,1,s0017,1,0,0,1,01,data/raw/mrlEyes_2018_01/s0017/s0017_01528_1_0_1_0_1_01.png
s0034_00046_0_0_0_0_0_02.png,train,0,s0034,0,0,0,0,02,data/raw/mrlEyes_2018_01/s0034/s0034_00046_0_0_0_0_0_02.png
s0022_00203_0_0_1_0_1_01.png,train,1,s0022,0,0,0,1,01,data/raw/mrlEyes_2018_01/s0022/s0022_00203_0_0_1_0_1_01.png
s0023_00400_0_0_1_1_1_01.png,train,1,s0023,0,0,1,1,01,data/raw/mrlEyes_2018_01/s0023/s0023_00400_0_0_1_1_1_01.png
s0033_00446_0_0_1_0_1_01.png,test,1,s0033,0,0,0,1,01,data/raw/mrlEyes_2018_01/s0033/s0033_00446_0_0_1_0_1_01.png
s0023_00024_0_0_0_0_1_01.png,train,0,s0023,0,0,0,1,01,data/raw/mrlEyes_2018_01/s0023/s0023_00024_0_0_0_0_1_01.png
s0012_01601_0_0_0_0_1_01.png,train,0,s0012,0,0,0,1,01,data/raw/mrlEyes_2018_01/s0012/s0012_01601_0_0_0_0_1_01.png
s0002_00188_0_0_0_0_0_01.png,train,0,s0002,0,0,0,0,01,data/raw/mrlEyes_2018_01/s0002/s0002_00188_0_0_0_0_0_01.png
s0007_00317_0_0_0_0_0_01.png,test,0,s0007,0,0,0,0,01,data/raw/mrlEyes_2018_01/s0007/s0007_00317_0_0_0_0_0_01.png
s0021_00149_0_0_1_0_0_01.png,train,1,s0021,0,0,0,0,01,data/raw/mrlEyes_2018_01/s0021/s0021_00149_0_0_1_0_0_01.png
s0014_03727_0_0_0_0_0_01.png,train,0,s0014,0,0,0,0,01,data/raw/mrlEyes_2018_01/s0014/s0014_03727_0_0_0_0_0_01.png
s0018_03932_0_0_1_0_1_01.png,train,1,s0018,0,0,0,1,01,data/raw/mrlEyes_2018_01/s0018/s0018_03932_0_0_1_0_1_01.png
s0019_02748_0_0_0_0_1_01.png,train,0,s0019,0,0,0,1,01,data/raw/mrlEyes_2018_01/s0019/s0019_02748_0_0_0_0_1_01.png
s0025_00253_0_0_1_0_1_01.png,train,1,s0025,0,0,0,1,01,data/raw/mrlEyes_2018_01/s0025/s0025_00253_0_0_1_0_1_01.png
s0017_00579_1_0_0_0_1_01.png,test,0,s0017,1,0,0,1,01,data/raw/mrlEyes_2018_01/s0017/s0017_00579_1_0_0_0_1_01.png
s0011_00764_0_0_0_0_0_01.png,train,0,s0011,0,0,0,0,01,data/raw/mrlEyes_2018_01/s0011/s0011_00764_0_0_0_0_0_01.png
s0018_03700_0_0_1_0_1_01.png,train,1,s0018,0,0,0,1,01,data/raw/mrlEyes_2018_01/s0018/s0018_03700_0_0_1_0_1_01.png
s0005_00018_0_0_0_0_0_01.png,val,0,s0005,0,0,0,0,01,data/raw/mrlEyes_2018_01/s0005/s0005_00018_0_0_0_0_0_01.png
s0016_01732_1_0_1_0_0_01.png,test,1,s0016,1,0,0,0,01,data/raw/mrlEyes_2018_01/s0016/s0016_01732_1_0_1_0_0_01.png
s0022_00116_0_1_0_2_1_01.png,train,0,s0022,0,1,2,1,01,data/raw/mrlEyes_2018_01/s0022/s0022_00116_0_1_0_2_1_01.png
s0033_00426_0_0_1_0_1_01.png,test,1,s0033,0,0,0,1,01,data/raw/mrlEyes_2018_01/s0033/s0033_00426_0_0_1_0_1_01.png
s0035_00202_0_1_1_0_0_02.png,train,1,s0035,0,1,0,0,02,data/raw/mrlEyes_2018_01/s0035/s0035_00202_0_1_1_0_0_02.png
s0022_00202_0_0_1_0_1_01.png,train,1,s0022,0,0,0,1,01,data/raw/mrlEyes_2018_01/s0022/s0022_00202_0_0_1_0_1_01.png
s0026_00462_0_0_1_0_0_01.png,val,1,s0026,0,0,0,0,01,data/raw/mrlEyes_2018_01/s0026/s0026_00462_0_0_1_0_0_01.png
s0004_00376_0_0_0_0_0_01.png,val,0,s0004,0,0,0,0,01,data/raw/mrlEyes_2018_01/s0004/s0004_00376_0_0_0_0_0_01.png
s0026_01206_0_0_1_0_0_01.png,val,1,s0026,0,0,0,0,01,data/raw/mrlEyes_2018_01/s0026/s0026_01206_0_0_1_0_0_01.png
s0022_00169_0_0_1_0_1_01.png,train,1,s0022,0,0,0,1,01,data/raw/mrlEyes_2018_01/s0022/s0022_00169_0_0_1_0_1_01.png
s0002_01030_0_0_1_0_0_01.png,train,1,s0002,0,0,0,0,01,data/raw/mrlEyes_2018_01/s0002/s0002_01030_0_0_1_0_0_01.png
s0002_01051_0_0_1_0_0_01.png,train,1,s0002,0,0,0,0,01,data/raw/mrlEyes_2018_01/s0002/s0002_01051_0_0_1_0_0_01.png
s0003_00453_0_0_0_0_0_01.png,test,0,s0003,0,0,0,0,01,data/raw/mrlEyes_2018_01/s0003/s0003_00453_0_0_0_0_0_01.png
s0037_09056_1_1_1_0_0_01.png,train,1,s0037,1,1,0,0,01,data/raw/mrlEyes_2018_01/s0037/s0037_09056_1_1_1_0_0_01.png
s0006_00918_0_1_0_1_0_01.png,train,0,s0006,0,1,1,0,01,data/raw/mrlEyes_2018_01/s0006/s0006_00918_0_1_0_1_0_01.png
s0014_04082_0_0_1_1_0_01.png,train,1,s0014,0,0,1,0,01,data/raw/mrlEyes_2018_01/s0014/s0014_04082_0_0_1_1_0_01.png
s0019_03491_0_0_1_0_0_01.png,train,1,s0019,0,0,0,0,01,data/raw/mrlEyes_2018_01/s0019/s0019_03491_0_0_1_0_0_01.png
s0019_01444_0_0_0_0_0_01.png,train,0,s0019,0,0,0,0,01,data/raw/mrlEyes_2018_01/s0019/s0019_01444_0_0_0_0_0_01.png
s0013_02555_0_1_0_0_0_01.png,val,0,s0013,0,1,0,0,01,data/raw/mrlEyes_2018_01/s0013/s0013_02555_0_1_0_0_0_01.png
s0033_00041_0_0_0_0_1_01.png,test,0,s0033,0,0,0,1,01,data/raw/mrlEyes_2018_01/s0033/s0033_00041_0_0_0_0_1_01.png
s0025_01120_0_0_1_0_1_01.png,train,1,s0025,0,0,0,1,01,data/raw/mrlEyes_2018_01/s0025/s0025_01120_0_0_1_0_1_01.png
s0002_00706_0_0_0_0_0_01.png,train,0,s0002,0,0,0,0,01,data/raw/mrlEyes_2018_01/s0002/s0002_00706_0_0_0_0_0_01.png
s0029_00030_0_0_0_0_1_01.png,train,0,s0029,0,0,0,1,01,data/raw/mrlEyes_2018_01/s0029/s0029_00030_0_0_0_0_1_01.png
s0034_00497_0_0_1_0_0_02.png,train,1,s0034,0,0,0,0,02,data/raw/mrlEyes_2018_01/s0034/s0034_00497_0_0_1_0_0_02.png
s0018_04264_0_1_1_2_1_01.png,train,1,s0018,0,1,2,1,01,data/raw/mrlEyes_2018_01/s0018/s0018_04264_0_1_1_2_1_01.png
s0026_01245_0_0_1_0_0_01.png,val,1,s0026,0,0,0,0,01,data/raw/mrlEyes_2018_01/s0026/s0026_01245_0_0_1_0_0_01.png
s0028_00253_0_1_1_0_0_01.png,train,1,s0028,0,1,0,0,01,data/raw/mrlEyes_2018_01/s0028/s0028_00253_0_1_1_0_0_01.png
s0003_00252_0_0_0_0_0_01.png,test,0,s0003,0,0,0,0,01,data/raw/mrlEyes_2018_01/s0003/s0003_00252_0_0_0_0_0_01.png
s0016_00097_1_0_0_0_1_01.png,test,0,s0016,1,0,0,1,01,data/raw/mrlEyes_2018_01/s0016/s0016_00097_1_0_0_0_1_01.png
s0016_01726_1_0_1_0_1_01.png,test,1,s0016,1,0,0,1,01,data/raw/mrlEyes_2018_01/s0016/s0016_01726_1_0_1_0_1_01.png
s0017_00095_1_0_0_0_1_01.png,test,0,s0017,1,0,0,1,01,data/raw/mrlEyes_2018_01/s0017/s0017_00095_1_0_0_0_1_01.png
s0033_00045_0_0_0_0_1_01.png,test,0,s0033,0,0,0,1,01,data/raw/mrlEyes_2018_01/s0033/s0033_00045_0_0_0_0_1_01.png
s0019_01240_0_0_0_0_0_01.png,train,0,s0019,0,0,0,0,01,data/raw/mrlEyes_2018_01/s0019/s0019_01240_0_0_0_0_0_01.png
s0001_00654_0_0_0_0_0_01.png,val,0,s0001,0,0,0,0,01,data/raw/mrlEyes_2018_01/s0001/s0001_00654_0_0_0_0_0_01.png
s0013_03593_0_1_1_0_0_01.png,val,1,s0013,0,1,0,0,01,data/raw/mrlEyes_2018_01/s0013/s0013_03593_0_1_1_0_0_01.png
s0029_00507_0_0_1_0_1_01.png,train,1,s0029,0,0,0,1,01,data/raw/mrlEyes_2018_01/s0029/s0029_00507_0_0_1_0_1_01.png
s0021_00161_0_0_1_0_0_01.png,train,1,s0021,0,0,0,0,01,data/raw/mrlEyes_2018_01/s0021/s0021_00161_0_0_1_0_0_01.png
s0032_05640_0_0_1_1_1_02.png,test,1,s0032,0,0,1,1,02,data/raw/mrlEyes_2018_01/s0032/s0032_05640_0_0_1_1_1_02.png
s0030_01076_0_0_1_0_0_01.png,val,1,s0030,0,0,0,0,01,data/raw/mrlEyes_2018_01/s0030/s0030_01076_0_0_1_0_0_01.png
s0025_01304_0_0_1_0_1_01.png,train,1,s0025,0,0,0,1,01,data/raw/mrlEyes_2018_01/s0025/s0025_01304_0_0_1_0_1_01.png
s0024_00097_0_1_0_0_0_01.png,train,0,s0024,0,1,0,0,01,data/raw/mrlEyes_2018_01/s0024/s0024_00097_0_1_0_0_0_01.png
s0017_00767_1_0_0_0_0_01.png,test,0,s0017,1,0,0,0,01,data/raw/mrlEyes_2018_01/s0017/s0017_00767_1_0_0_0_0_01.png
s0014_02638_0_1_0_2_0_01.png,train,0,s0014,0,1,2,0,01,data/raw/mrlEyes_2018_01/s0014/s0014_02638_0_1_0_2_0_01.png
s0007_00415_0_0_0_0_0_01.png,test,0,s0007,0,0,0,0,01,data/raw/mrlEyes_2018_01/s0007/s0007_00415_0_0_0_0_0_01.png
s0012_00891_0_0_0_0_1_01.png,train,0,s0012,0,0,0,1,01,data/raw/mrlEyes_2018_01/s0012/s0012_00891_0_0_0_0_1_01.png
s0006_00857_0_1_0_1_0_01.png,train,0,s0006,0,1,1,0,01,data/raw/mrlEyes_2018_01/s0006/s0006_00857_0_1_0_1_0_01.png
s0019_05445_0_0_1_0_0_01.png,train,1,s0019,0,0,0,0,01,data/raw/mrlEyes_2018_01/s0019/s0019_05445_0_0_1_0_0_01.png
s0016_00885_1_0_0_0_1_01.png,test,0,s0016,1,0,0,1,01,data/raw/mrlEyes_2018_01/s0016/s0016_00885_1_0_0_0_1_01.png
s0027_00071_0_1_0_2_0_01.png,val,0,s0027,0,1,2,0,01,data/raw/mrlEyes_2018_01/s0027/s0027_00071_0_1_0_2_0_01.png
s0016_01816_1_0_1_0_0_01.png,test,1,s0016,1,0,0,0,01,data/raw/mrlEyes_2018_01/s0016/s0016_01816_1_0_1_0_0_01.png
s0019_04143_0_0_1_0_0_01.png,train,1,s0019,0,0,0,0,01,data/raw/mrlEyes_2018_01/s0019/s0019_04143_0_0_1_0_0_01.png
s0033_00672_0_0_1_0_1_01.png,test,1,s0033,0,0,0,1,01,data/raw/mrlEyes_2018_01/s0033/s0033_00672_0_0_1_0_1_01.png
s0015_01099_0_0_1_0_0_01.png,test,1,s0015,0,0,0,0,01,data/raw/mrlEyes_2018_01/s0015/s0015_01099_0_0_1_0_0_01.png
s0029_00125_0_0_0_0_1_01.png,train,0,s0029,0,0,0,1,01,data/raw/mrlEyes_2018_01/s0029/s0029_00125_0_0_0_0_1_01.png
s0006_00575_0_1_0_1_0_01.png,train,0,s0006,0,1,1,0,01,data/raw/mrlEyes_2018_01/s0006/s0006_00575_0_1_0_1_0_01.png
s0034_00153_0_0_1_0_0_02.png,train,1,s0034,0,0,0,0,02,data/raw/mrlEyes_2018_01/s0034/s0034_00153_0_0_1_0_0_02.png
s0033_00050_0_0_0_0_1_01.png,test,0,s0033,0,0,0,1,01,data/raw/mrlEyes_2018_01/s0033/s0033_00050_0_0_0_0_1_01.png
s0023_00032_0_0_0_0_1_01.png,train,0,s0023,0,0,0,1,01,data/raw/mrlEyes_2018_01/s0023/s0023_00032_0_0_0_0_1_01.png
s0001_03192_0_1_1_2_0_01.png,val,1,s0001,0,1,2,0,01,data/raw/mrlEyes_2018_01/s0001/s0001_03192_0_1_1_2_0_01.png
s0013_03262_0_0_1_0_0_01.png,val,1,s0013,0,0,0,0,01,data/raw/mrlEyes_2018_01/s0013/s0013_03262_0_0_1_0_0_01.png
s0018_00254_0_0_0_0_1_01.png,train,0,s0018,0,0,0,1,01,data/raw/mrlEyes_2018_01/s0018/s0018_00254_0_0_0_0_1_01.png
s0010_00263_0_0_0_0_0_01.png,train,0,s0010,0,0,0,0,01,data/raw/mrlEyes_2018_01/s0010/s0010_00263_0_0_0_0_0_01.png
s0005_00719_0_0_1_0_0_01.png,val,1,s0005,0,0,0,0,01,data/raw/mrlEyes_2018_01/s0005/s0005_00719_0_0_1_0_0_01.png
s0005_00091_0_0_0_0_0_01.png,val,0,s0005,0,0,0,0,01,data/raw/mrlEyes_2018_01/s0005/s0005_00091_0_0_0_0_0_01.png
s0002_00309_0_0_0_0_0_01.png,train,0,s0002,0,0,0,0,01,data/raw/mrlEyes_2018_01/s0002/s0002_00309_0_0_0_0_0_01.png
s0016_01068_1_0_0_0_1_01.png,test,0,s0016,1,0,0,1,01,data/raw/mrlEyes_2018_01/s0016/s0016_01068_1_0_0_0_1_01.png
s0031_00240_1_0_0_0_1_02.png,train,0,s0031,1,0,0,1,02,data/raw/mrlEyes_2018_01/s0031/s0031_00240_1_0_0_0_1_02.png
s0018_03824_0_0_1_0_0_01.png,train,1,s0018,0,0,0,0,01,data/raw/mrlEyes_2018_01/s0018/s0018_03824_0_0_1_0_0_01.png
s0015_00155_0_0_0_0_1_01.png,test,0,s0015,0,0,0,1,01,data/raw/mrlEyes_2018_01/s0015/s0015_00155_0_0_0_0_1_01.png
s0002_01025_0_0_1_0_0_01.png,train,1,s0002,0,0,0,0,01,data/raw/mrlEyes_2018_01/s0002/s0002_01025_0_0_1_0_0_01.png
s0023_00009_0_0_0_0_1_01.png,train,0,s0023,0,0,0,1,01,data/raw/mrlEyes_2018_01/s0023/s0023_00009_0_0_0_0_1_01.png
s0037_07378_1_0_1_0_0_01.png,train,1,s0037,1,0,0,0,01,data/raw/mrlEyes_2018_01/s0037/s0037_07378_1_0_1_0_0_01.png
s0029_00866_0_0_1_0_1_01.png,train,1,s0029,0,0,0,1,01,data/raw/mrlEyes_2018_01/s0029/s0029_00866_0_0_1_0_1_01.png
s0003_00089_0_0_0_0_0_01.png,test,0,s0003,0,0,0,0,01,data/raw/mrlEyes_2018_01/s0003/s0003_00089_0_0_0_0_0_01.png
s0019_00796_0_0_0_0_0_01.png,train,0,s0019,0,0,0,0,01,data/raw/mrlEyes_2018_01/s0019/s0019_00796_0_0_0_0_0_01.png
s0033_00046_0_0_0_0_1_01.png,test,0,s0033,0,0,0,1,01,data/raw/mrlEyes_2018_01/s0033/s0033_00046_0_0_0_0_1_01.png
s0029_00980_0_0_1_0_1_01.png,train,1,s0029,0,0,0,1,01,data/raw/mrlEyes_2018_01/s0029/s0029_00980_0_0_1_0_1_01.png
s0011_01524_0_0_1_0_0_01.png,train,1,s0011,0,0,0,0,01,data/raw/mrlEyes_2018_01/s0011/s0011_01524_0_0_1_0_0_01.png
s0011_01602_0_0_1_0_0_01.png,train,1,s0011,0,0,0,0,01,data/raw/mrlEyes_2018_01/s0011/s0011_01602_0_0_1_0_0_01.png
s0014_06260_0_0_1_0_1_01.png,train,1,s0014,0,0,0,1,01,data/raw/mrlEyes_2018_01/s0014/s0014_06260_0_0_1_0_1_01.png
s0001_02976_0_1_1_0_0_01.png,val,1,s0001,0,1,0,0,01,data/raw/mrlEyes_2018_01/s0001/s0001_02976_0_1_1_0_0_01.png
s0008_00293_0_1_0_0_0_01.png,train,0,s0008,0,1,0,0,01,data/raw/mrlEyes_2018_01/s0008/s0008_00293_0_1_0_0_0_01.png
s0001_02429_0_0_1_0_0_01.png,val,1,s0001,0,0,0,0,01,data/raw/mrlEyes_2018_01/s0001/s0001_02429_0_0_1_0_0_01.png
s0029_00012_0_0_0_0_1_01.png,train,0,s0029,0,0,0,1,01,data/raw/mrlEyes_2018_01/s0029/s0029_00012_0_0_0_0_1_01.png
s0026_00415_0_0_1_0_0_01.png,val,1,s0026,0,0,0,0,01,data/raw/mrlEyes_2018_01/s0026/s0026_00415_0_0_1_0_0_01.png
s0029_01284_0_0_1_0_0_01.png,train,1,s0029,0,0,0,0,01,data/raw/mrlEyes_2018_01/s0029/s0029_01284_0_0_1_0_0_01.png
s0012_04086_0_1_0_0_0_01.png,train,0,s0012,0,1,0,0,01,data/raw/mrlEyes_2018_01/s0012/s0012_04086_0_1_0_0_0_01.png
s0034_00001_0_0_0_0_0_02.png,train,0,s0034,0,0,0,0,02,data/raw/mrlEyes_2018_01/s0034/s0034_00001_0_0_0_0_0_02.png
s0002_01072_0_0_1_0_0_01.png,train,1,s0002,0,0,0,0,01,data/raw/mrlEyes_2018_01/s0002/s0002_01072_0_0_1_0_0_01.png
s0005_00735_0_0_1_0_0_01.png,val,1,s0005,0,0,0,0,01,data/raw/mrlEyes_2018_01/s0005/s0005_00735_0_0_1_0_0_01.png
s0006_00710_0_1_0_1_0_01.png,train,0,s0006,0,1,1,0,01,data/raw/mrlEyes_2018_01/s0006/s0006_00710_0_1_0_1_0_01.png
s0003_00356_0_0_0_0_0_01.png,test,0,s0003,0,0,0,0,01,data/raw/mrlEyes_2018_01/s0003/s0003_00356_0_0_0_0_0_01.png
s0019_01759_0_0_0_0_1_01.png,train,0,s0019,0,0,0,1,01,data/raw/mrlEyes_2018_01/s0019/s0019_01759_0_0_0_0_1_01.png
s0015_00198_0_0_0_0_1_01.png,test,0,s0015,0,0,0,1,01,data/raw/mrlEyes_2018_01/s0015/s0015_00198_0_0_0_0_1_01.png
s0002_01099_0_0_1_0_0_01.png,train,1,s0002,0,0,0,0,01,data/raw/mrlEyes_2018_01/s0002/s0002_01099_0_0_1_0_0_01.png
s0020_00131_0_0_1_0_1_01.png,train,1,s0020,0,0,0,1,01,data/raw/mrlEyes_2018_01/s0020/s0020_00131_0_0_1_0_1_01.png
s0018_04261_0_1_1_2_0_01.png,train,1,s0018,0,1,2,0,01,data/raw/mrlEyes_2018_01/s0018/s0018_04261_0_1_1_2_0_01.png
s0032_02639_0_1_1_2_1_02.png,test,1,s0032,0,1,2,1,02,data/raw/mrlEyes_2018_01/s0032/s0032_02639_0_1_1_2_1_02.png
s0027_00053_0_1_0_2_0_01.png,val,0,s0027,0,1,2,0,01,data/raw/mrlEyes_2018_01/s0027/s0027_00053_0_1_0_2_0_01.png
s0034_00072_0_0_0_0_0_02.png,train,0,s0034,0,0,0,0,02,data/raw/mrlEyes_2018_01/s0034/s0034_00072_0_0_0_0_0_02.png
s0037_07989_1_0_1_0_0_01.png,train,1,s0037,1,0,0,0,01,data/raw/mrlEyes_2018_01/s0037/s0037_07989_1_0_1_0_0_01.png
s0029_00711_0_0_1_0_1_01.png,train,1,s0029,0,0,0,1,01,data/raw/mrlEyes_2018_01/s0029/s0029_00711_0_0_1_0_1_01.png
s0024_00379_0_0_1_0_0_01.png,train,1,s0024,0,0,0,0,01,data/raw/mrlEyes_2018_01/s0024/s0024_00379_0_0_1_0_0_01.png
s0032_00126_0_0_0_0_1_02.png,test,0,s0032,0,0,0,1,02,data/raw/mrlEyes_2018_01/s0032/s0032_00126_0_0_0_0_1_02.png
s0024_00464_0_0_1_0_0_01.png,train,1,s0024,0,0,0,0,01,data/raw/mrlEyes_2018_01/s0024/s0024_00464_0_0_1_0_0_01.png
s0027_00301_0_0_1_0_0_01.png,val,1,s0027,0,0,0,0,01,data/raw/mrlEyes_2018_01/s0027/s0027_00301_0_0_1_0_0_01.png
s0019_05620_0_0_1_0_0_01.png,train,1,s0019,0,0,0,0,01,data/raw/mrlEyes_2018_01/s0019/s0019_05620_0_0_1_0_0_01.png
s0011_01004_0_0_0_0_0_01.png,train,0,s0011,0,0,0,0,01,data/raw/mrlEyes_2018_01/s0011/s0011_01004_0_0_0_0_0_01.png
s0031_00006_1_0_0_0_1_02.png,train,0,s0031,1,0,0,1,02,data/raw/mrlEyes_2018_01/s0031/s0031_00006_1_0_0_0_1_02.png
s0017_01544_1_0_1_0_1_01.png,test,1,s0017,1,0,0,1,01,data/raw/mrlEyes_2018_01/s0017/s0017_01544_1_0_1_0_1_01.png
s0024_00553_0_1_1_2_0_01.png,train,1,s0024,0,1,2,0,01,data/raw/mrlEyes_2018_01/s0024/s0024_00553_0_1_1_2_0_01.png
s0010_00168_0_0_0_0_0_01.png,train,0,s0010,0,0,0,0,01,data/raw/mrlEyes_2018_01/s0010/s0010_00168_0_0_0_0_0_01.png
s0009_00084_0_0_0_0_0_01.png,test,0,s0009,0,0,0,0,01,data/raw/mrlEyes_2018_01/s0009/s0009_00084_0_0_0_0_0_01.png
s0012_06535_0_0_1_0_1_01.png,train,1,s0012,0,0,0,1,01,data/raw/mrlEyes_2018_01/s0012/s0012_06535_0_0_1_0_1_01.png
s0012_07713_0_0_1_1_0_02.png,train,1,s0012,0,0,1,0,02,data/raw/mrlEyes_2018_01/s0012/s0012_07713_0_0_1_1_0_02.png
s0010_00375_0_0_1_0_0_01.png,train,1,s0010,0,0,0,0,01,data/raw/mrlEyes_2018_01/s0010/s0010_00375_0_0_1_0_0_01.png
s0021_00883_0_1_1_0_0_01.png,train,1,s0021,0,1,0,0,01,data/raw/mrlEyes_2018_01/s0021/s0021_00883_0_1_1_0_0_01.png
s0034_00322_0_0_1_0_0_02.png,train,1,s0034,0,0,0,0,02,data/raw/mrlEyes_2018_01/s0034/s0034_00322_0_0_1_0_0_02.png
s0024_00154_0_1_0_2_0_01.png,train,0,s0024,0,1,2,0,01,data/raw/mrlEyes_2018_01/s0024/s0024_00154_0_1_0_2_0_01.png
s0030_00800_0_0_1_0_0_01.png,val,1,s0030,0,0,0,0,01,data/raw/mrlEyes_2018_01/s0030/s0030_00800_0_0_1_0_0_01.png
s0031_00021_1_0_0_0_1_02.png,train,0,s0031,1,0,0,1,02,data/raw/mrlEyes_2018_01/s0031/s0031_00021_1_0_0_0_1_02.png
s0022_00004_0_0_0_0_1_01.png,train,0,s0022,0,0,0,1,01,data/raw/mrlEyes_2018_01/s0022/s0022_00004_0_0_0_0_1_01.png
s0002_01028_0_0_1_0_0_01.png,train,1,s0002,0,0,0,0,01,data/raw/mrlEyes_2018_01/s0002/s0002_01028_0_0_1_0_0_01.png
s0003_00614_0_0_1_0_0_01.png,test,1,s0003,0,0,0,0,01,data/raw/mrlEyes_2018_01/s0003/s0003_00614_0_0_1_0_0_01.png
s0028_00185_0_0_1_0_0_01.png,train,1,s0028,0,0,0,0,01,data/raw/mrlEyes_2018_01/s0028/s0028_00185_0_0_1_0_0_01.png
s0022_00020_0_0_0_0_1_01.png,train,0,s0022,0,0,0,1,01,data/raw/mrlEyes_2018_01/s0022/s0022_00020_0_0_0_0_1_01.png
s0022_00010_0_0_0_0_1_01.png,train,0,s0022,0,0,0,1,01,data/raw/mrlEyes_2018_01/s0022/s0022_00010_0_0_0_0_1_01.png
s0022_00011_0_0_0_0_1_01.png,train,0,s0022,0,0,0,1,01,data/raw/mrlEyes_2018_01/s0022/s0022_00011_0_0_0_0_1_01.png
s0036_01710_1_1_0_0_0_01.png,train,0,s0036,1,1,0,0,01,data/raw/mrlEyes_2018_01/s0036/s0036_01710_1_1_0_0_0_01.png
s0022_00362_0_1_1_2_1_01.png,train,1,s0022,0,1,2,1,01,data/raw/mrlEyes_2018_01/s0022/s0022_00362_0_1_1_2_1_01.png
s0003_00457_0_0_0_0_0_01.png,test,0,s0003,0,0,0,0,01,data/raw/mrlEyes_2018_01/s0003/s0003_00457_0_0_0_0_0_01.png
s0032_02057_0_1_1_2_1_02.png,test,1,s0032,0,1,2,1,02,data/raw/mrlEyes_2018_01/s0032/s0032_02057_0_1_1_2_1_02.png
s0022_00074_0_1_0_2_1_01.png,train,0,s0022,0,1,2,1,01,data/raw/mrlEyes_2018_01/s0022/s0022_00074_0_1_0_2_1_01.png
s0013_00816_0_0_0_0_0_01.png,val,0,s0013,0,0,0,0,01,data/raw/mrlEyes_2018_01/s0013/s0013_00816_0_0_0_0_0_01.png
s0033_00611_0_0_1_0_1_01.png,test,1,s0033,0,0,0,1,01,data/raw/mrlEyes_2018_01/s0033/s0033_00611_0_0_1_0_1_01.png
s0019_01431_0_0_0_0_0_01.png,train,0,s0019,0,0,0,0,01,data/raw/mrlEyes_2018_01/s0019/s0019_01431_0_0_0_0_0_01.png
s0024_00518_0_1_1_0_0_01.png,train,1,s0024,0,1,0,0,01,data/raw/mrlEyes_2018_01/s0024/s0024_00518_0_1_1_0_0_01.png
s0005_00733_0_0_1_0_0_01.png,val,1,s0005,0,0,0,0,01,data/raw/mrlEyes_2018_01/s0005/s0005_00733_0_0_1_0_0_01.png
s0015_00911_0_0_1_0_1_01.png,test,1,s0015,0,0,0,1,01,data/raw/mrlEyes_2018_01/s0015/s0015_00911_0_0_1_0_1_01.png
s0030_00564_0_0_1_0_1_01.png,val,1,s0030,0,0,0,1,01,data/raw/mrlEyes_2018_01/s0030/s0030_00564_0_0_1_0_1_01.png
s0033_00170_0_0_1_0_1_01.png,test,1,s0033,0,0,0,1,01,data/raw/mrlEyes_2018_01/s0033/s0033_00170_0_0_1_0_1_01.png
s0013_03139_0_0_1_0_0_01.png,val,1,s0013,0,0,0,0,01,data/raw/mrlEyes_2018_01/s0013/s0013_03139_0_0_1_0_0_01.png
s0012_06713_0_0_1_0_1_01.png,train,1,s0012,0,0,0,1,01,data/raw/mrlEyes_2018_01/s0012/s0012_06713_0_0_1_0_1_01.png
s0011_01018_0_0_0_0_0_01.png,train,0,s0011,0,0,0,0,01,data/raw/mrlEyes_2018_01/s0011/s0011_01018_0_0_0_0_0_01.png
s0010_00230_0_0_0_0_0_01.png,train,0,s0010,0,0,0,0,01,data/raw/mrlEyes_2018_01/s0010/s0010_00230_0_0_0_0_0_01.png
s0035_00242_0_1_1_2_1_02.png,train,1,s0035,0,1,2,1,02,data/raw/mrlEyes_2018_01/s0035/s0035_00242_0_1_1_2_1_02.png
s0022_00225_0_0_1_0_1_01.png,train,1,s0022,0,0,0,1,01,data/raw/mrlEyes_2018_01/s0022/s0022_00225_0_0_1_0_1_01.png
s0021_00050_0_0_0_0_0_01.png,train,0,s0021,0,0,0,0,01,data/raw/mrlEyes_2018_01/s0021/s0021_00050_0_0_0_0_0_01.png
s0016_00147_1_0_0_0_1_01.png,test,0,s0016,1,0,0,1,01,data/raw/mrlEyes_2018_01/s0016/s0016_00147_1_0_0_0_1_01.png
s0002_01109_0_0_1_0_0_01.png,train,1,s0002,0,0,0,0,01,data/raw/mrlEyes_2018_01/s0002/s0002_01109_0_0_1_0_0_01.png
s0033_00469_0_0_1_0_1_01.png,test,1,s0033,0,0,0,1,01,data/raw/mrlEyes_2018_01/s0033/s0033_00469_0_0_1_0_1_01.png
s0008_00019_0_1_0_0_0_01.png,train,0,s0008,0,1,0,0,01,data/raw/mrlEyes_2018_01/s0008/s0008_00019_0_1_0_0_0_01.png
s0032_04105_0_0_1_1_1_02.png,test,1,s0032,0,0,1,1,02,data/raw/mrlEyes_2018_01/s0032/s0032_04105_0_0_1_1_1_02.png
s0025_00193_0_0_1_0_0_01.png,train,1,s0025,0,0,0,0,01,data/raw/mrlEyes_2018_01/s0025/s0025_00193_0_0_1_0_0_01.png
s0001_02239_0_0_1_0_0_01.png,val,1,s0001,0,0,0,0,01,data/raw/mrlEyes_2018_01/s0001/s0001_02239_0_0_1_0_0_01.png
s0027_00046_0_1_0_2_0_01.png,val,0,s0027,0,1,2,0,01,data/raw/mrlEyes_2018_01/s0027/s0027_00046_0_1_0_2_0_01.png
s0018_03849_0_0_1_0_0_01.png,train,1,s0018,0,0,0,0,01,data/raw/mrlEyes_2018_01/s0018/s0018_03849_0_0_1_0_0_01.png
s0008_00636_0_1_0_1_0_01.png,train,0,s0008,0,1,1,0,01,data/raw/mrlEyes_2018_01/s0008/s0008_00636_0_1_0_1_0_01.png
s0021_00443_0_0_1_0_0_01.png,train,1,s0021,0,0,0,0,01,data/raw/mrlEyes_2018_01/s0021/s0021_00443_0_0_1_0_0_01.png
s0001_00420_0_0_0_0_0_01.png,val,0,s0001,0,0,0,0,01,data/raw/mrlEyes_2018_01/s0001/s0001_00420_0_0_0_0_0_01.png
s0036_02709_1_0_1_0_0_01.png,train,1,s0036,1,0,0,0,01,data/raw/mrlEyes_2018_01/s0036/s0036_02709_1_0_1_0_0_01.png
s0014_07260_0_0_1_1_1_02.png,train,1,s0014,0,0,1,1,02,data/raw/mrlEyes_2018_01/s0014/s0014_07260_0_0_1_1_1_02.png
s0015_00795_0_0_1_0_1_01.png,test,1,s0015,0,0,0,1,01,data/raw/mrlEyes_2018_01/s0015/s0015_00795_0_0_1_0_1_01.png
s0002_00738_0_0_0_0_0_01.png,train,0,s0002,0,0,0,0,01,data/raw/mrlEyes_2018_01/s0002/s0002_00738_0_0_0_0_0_01.png
s0013_03274_0_0_1_0_0_01.png,val,1,s0013,0,0,0,0,01,data/raw/mrlEyes_2018_01/s0013/s0013_03274_0_0_1_0_0_01.png
s0022_00296_0_1_1_2_1_01.png,train,1,s0022,0,1,2,1,01,data/raw/mrlEyes_2018_01/s0022/s0022_00296_0_1_1_2_1_01.png
s0005_00650_0_0_0_0_0_01.png,val,0,s0005,0,0,0,0,01,data/raw/mrlEyes_2018_01/s0005/s0005_00650_0_0_0_0_0_01.png
s0031_00593_1_0_1_1_1_02.png,train,1,s0031,1,0,1,1,02,data/raw/mrlEyes_2018_01/s0031/s0031_00593_1_0_1_1_1_02.png
s0011_00080_0_0_0_0_0_01.png,train,0,s0011,0,0,0,0,01,data/raw/mrlEyes_2018_01/s0011/s0011_00080_0_0_0_0_0_01.png
s0013_03310_0_0_1_0_0_01.png,val,1,s0013,0,0,0,0,01,data/raw/mrlEyes_2018_01/s0013/s0013_03310_0_0_1_0_0_01.png
s0021_00106_0_1_0_0_0_01.png,train,0,s0021,0,1,0,0,01,data/raw/mrlEyes_2018_01/s0021/s0021_00106_0_1_0_0_0_01.png
s0021_00088_0_1_0_0_0_01.png,train,0,s0021,0,1,0,0,01,data/raw/mrlEyes_2018_01/s0021/s0021_00088_0_1_0_0_0_01.png
s0037_09147_1_1_1_0_0_01.png,train,1,s0037,1,1,0,0,01,data/raw/mrlEyes_2018_01/s0037/s0037_09147_1_1_1_0_0_01.png
s0037_04021_1_1_0_0_0_01.png,train,0,s0037,1,1,0,0,01,data/raw/mrlEyes_2018_01/s0037/s0037_04021_1_1_0_0_0_01.png
s0025_00782_0_0_1_0_1_01.png,train,1,s0025,0,0,0,1,01,data/raw/mrlEyes_2018_01/s0025/s0025_00782_0_0_1_0_1_01.png
s0027_00664_0_1_1_1_0_01.png,val,1,s0027,0,1,1,0,01,data/raw/mrlEyes_2018_01/s0027/s0027_00664_0_1_1_1_0_01.png
s0011_01634_0_0_1_0_0_01.png,train,1,s0011,0,0,0,0,01,data/raw/mrlEyes_2018_01/s0011/s0011_01634_0_0_1_0_0_01.png
s0029_00589_0_0_1_0_1_01.png,train,1,s0029,0,0,0,1,01,data/raw/mrlEyes_2018_01/s0029/s0029_00589_0_0_1_0_1_01.png
s0007_00613_0_0_0_0_0_01.png,test,0,s0007,0,0,0,0,01,data/raw/mrlEyes_2018_01/s0007/s0007_00613_0_0_0_0_0_01.png
s0017_00761_1_0_0_0_0_01.png,test,0,s0017,1,0,0,0,01,data/raw/mrlEyes_2018_01/s0017/s0017_00761_1_0_0_0_0_01.png
s0016_01794_1_0_1_0_0_01.png,test,1,s0016,1,0,0,0,01,data/raw/mrlEyes_2018_01/s0016/s0016_01794_1_0_1_0_0_01.png
s0027_00056_0_1_0_2_0_01.png,val,0,s0027,0,1,2,0,01,data/raw/mrlEyes_2018_01/s0027/s0027_00056_0_1_0_2_0_01.png
s0015_00864_0_0_1_0_1_01.png,test,1,s0015,0,0,0,1,01,data/raw/mrlEyes_2018_01/s0015/s0015_00864_0_0_1_0_1_01.png
s0012_07463_0_0_1_0_1_01.png,train,1,s0012,0,0,0,1,01,data/raw/mrlEyes_2018_01/s0012/s0012_07463_0_0_1_0_1_01.png
s0034_00152_0_0_1_0_0_02.png,train,1,s0034,0,0,0,0,02,data/raw/mrlEyes_2018_01/s0034/s0034_00152_0_0_1_0_0_02.png
s0022_00317_0_1_1_2_1_01.png,train,1,s0022,0,1,2,1,01,data/raw/mrlEyes_2018_01/s0022/s0022_00317_0_1_1_2_1_01.png
s0002_01085_0_0_1_0_0_01.png,train,1,s0002,0,0,0,0,01,data/raw/mrlEyes_2018_01/s0002/s0002_01085_0_0_1_0_0_01.png
s0029_00443_0_0_1_0_1_01.png,train,1,s0029,0,0,0,1,01,data/raw/mrlEyes_2018_01/s0029/s0029_00443_0_0_1_0_1_01.png
s0007_00134_0_0_0_0_1_01.png,test,0,s0007,0,0,0,1,01,data/raw/mrlEyes_2018_01/s0007/s0007_00134_0_0_0_0_1_01.png
s0037_07072_1_0_1_0_0_01.png,train,1,s0037,1,0,0,0,01,data/raw/mrlEyes_2018_01/s0037/s0037_07072_1_0_1_0_0_01.png
s0022_00135_0_0_1_0_1_01.png,train,1,s0022,0,0,0,1,01,data/raw/mrlEyes_2018_01/s0022/s0022_00135_0_0_1_0_1_01.png
s0030_00166_0_0_0_0_1_01.png,val,0,s0030,0,0,0,1,01,data/raw/mrlEyes_2018_01/s0030/s0030_00166_0_0_0_0_1_01.png
s0021_00001_0_0_0_0_1_01.png,train,0,s0021,0,0,0,1,01,data/raw/mrlEyes_2018_01/s0021/s0021_00001_0_0_0_0_1_01.png
s0006_00507_0_1_0_0_0_01.png,train,0,s0006,0,1,0,0,01,data/raw/mrlEyes_2018_01/s0006/s0006_00507_0_1_0_0_0_01.png
s0032_04015_0_0_1_1_0_02.png,test,1,s0032,0,0,1,0,02,data/raw/mrlEyes_2018_01/s0032/s0032_04015_0_0_1_1_0_02.png
s0011_00430_0_0_0_0_0_01.png,train,0,s0011,0,0,0,0,01,data/raw/mrlEyes_2018_01/s0011/s0011_00430_0_0_0_0_0_01.png
s0002_01068_0_0_1_0_0_01.png,train,1,s0002,0,0,0,0,01,data/raw/mrlEyes_2018_01/s0002/s0002_01068_0_0_1_0_0_01.png
s0006_00400_0_1_0_1_0_01.png,train,0,s0006,0,1,1,0,01,data/raw/mrlEyes_2018_01/s0006/s0006_00400_0_1_0_1_0_01.png
s0027_00152_0_0_1_0_0_01.png,val,1,s0027,0,0,0,0,01,data/raw/mrlEyes_2018_01/s0027/s0027_00152_0_0_1_0_0_01.png
s0036_01180_1_1_0_0_0_01.png,train,0,s0036,1,1,0,0,01,data/raw/mrlEyes_2018_01/s0036/s0036_01180_1_1_0_0_0_01.png
s0033_00109_0_0_0_0_1_01.png,test,0,s0033,0,0,0,1,01,data/raw/mrlEyes_2018_01/s0033/s0033_00109_0_0_0_0_1_01.png
s0022_00347_0_1_1_2_1_01.png,train,1,s0022,0,1,2,1,01,data/raw/mrlEyes_2018_01/s0022/s0022_00347_0_1_1_2_1_01.png
s0005_00524_0_0_0_0_1_01.png,val,0,s0005,0,0,0,1,01,data/raw/mrlEyes_2018_01/s0005/s0005_00524_0_0_0_0_1_01.png
s0037_06402_1_0_1_0_0_01.png,train,1,s0037,1,0,0,0,01,data/raw/mrlEyes_2018_01/s0037/s0037_06402_1_0_1_0_0_01.png
s0024_00641_0_1_1_2_0_01.png,train,1,s0024,0,1,2,0,01,data/raw/mrlEyes_2018_01/s0024/s0024_00641_0_1_1_2_0_01.png
s0008_00053_0_1_0_1_0_01.png,train,0,s0008,0,1,1,0,01,data/raw/mrlEyes_2018_01/s0008/s0008_00053_0_1_0_1_0_01.png
s0030_00198_0_0_0_0_1_01.png,val,0,s0030,0,0,0,1,01,data/raw/mrlEyes_2018_01/s0030/s0030_00198_0_0_0_0_1_01.png
s0030_00428_0_0_1_0_1_01.png,val,1,s0030,0,0,0,1,01,data/raw/mrlEyes_2018_01/s0030/s0030_00428_0_0_1_0_1_01.png
s0021_00314_0_0_1_0_0_01.png,train,1,s0021,0,0,0,0,01,data/raw/mrlEyes_2018_01/s0021/s0021_00314_0_0_1_0_0_01.png
s0011_00830_0_0_0_0_0_01.png,train,0,s0011,0,0,0,0,01,data/raw/mrlEyes_2018_01/s0011/s0011_00830_0_0_0_0_0_01.png
s0006_01011_0_1_0_1_0_01.png,train,0,s0006,0,1,1,0,01,data/raw/mrlEyes_2018_01/s0006/s0006_01011_0_1_0_1_0_01.png
s0001_02446_0_0_1_0_0_01.png,val,1,s0001,0,0,0,0,01,data/raw/mrlEyes_2018_01/s0001/s0001_02446_0_0_1_0_0_01.png
s0024_00708_0_1_1_2_0_01.png,train,1,s0024,0,1,2,0,01,data/raw/mrlEyes_2018_01/s0024/s0024_00708_0_1_1_2_0_01.png
s0026_00587_0_0_1_0_0_01.png,val,1,s0026,0,0,0,0,01,data/raw/mrlEyes_2018_01/s0026/s0026_00587_0_0_1_0_0_01.png
s0011_01121_0_0_0_0_0_01.png,train,0,s0011,0,0,0,0,01,data/raw/mrlEyes_2018_01/s0011/s0011_01121_0_0_0_0_0_01.png
s0016_00869_1_0_0_0_1_01.png,test,0,s0016,1,0,0,1,01,data/raw/mrlEyes_2018_01/s0016/s0016_00869_1_0_0_0_1_01.png
s0018_04101_0_1_1_0_0_01.png,train,1,s0018,0,1,0,0,01,data/raw/mrlEyes_2018_01/s0018/s0018_04101_0_1_1_0_0_01.png
s0004_00161_0_0_0_0_0_01.png,val,0,s0004,0,0,0,0,01,data/raw/mrlEyes_2018_01/s0004/s0004_00161_0_0_0_0_0_01.png
s0013_01296_0_0_0_0_0_01.png,val,0,s0013,0,0,0,0,01,data/raw/mrlEyes_2018_01/s0013/s0013_01296_0_0_0_0_0_01.png
s0025_00001_0_0_0_0_0_01.png,train,0,s0025,0,0,0,0,01,data/raw/mrlEyes_2018_01/s0025/s0025_00001_0_0_0_0_0_01.png
s0023_00277_0_0_1_0_1_01.png,train,1,s0023,0,0,0,1,01,data/raw/mrlEyes_2018_01/s0023/s0023_00277_0_0_1_0_1_01.png
s0010_00341_0_0_1_0_0_01.png,train,1,s0010,0,0,0,0,01,data/raw/mrlEyes_2018_01/s0010/s0010_00341_0_0_1_0_0_01.png
s0004_00375_0_0_0_0_0_01.png,val,0,s0004,0,0,0,0,01,data/raw/mrlEyes_2018_01/s0004/s0004_00375_0_0_0_0_0_01.png
s0001_03182_0_1_1_2_0_01.png,val,1,s0001,0,1,2,0,01,data/raw/mrlEyes_2018_01/s0001/s0001_03182_0_1_1_2_0_01.png
s0016_00014_1_0_0_0_1_01.png,test,0,s0016,1,0,0,1,01,data/raw/mrlEyes_2018_01/s0016/s0016_00014_1_0_0_0_1_01.png
s0037_10007_1_1_1_0_0_01.png,train,1,s0037,1,1,0,0,01,data/raw/mrlEyes_2018_01/s0037/s0037_10007_1_1_1_0_0_01.png
s0003_00600_0_0_1_0_0_01.png,test,1,s0003,0,0,0,0,01,data/raw/mrlEyes_2018_01/s0003/s0003_00600_0_0_1_0_0_01.png
s0028_00219_0_0_1_0_0_01.png,train,1,s0028,0,0,0,0,01,data/raw/mrlEyes_2018_01/s0028/s0028_00219_0_0_1_0_0_01.png
s0015_00799_0_0_1_0_1_01.png,test,1,s0015,0,0,0,1,01,data/raw/mrlEyes_2018_01/s0015/s0015_00799_0_0_1_0_1_01.png
s0002_00202_0_0_0_0_0_01.png,train,0,s0002,0,0,0,0,01,data/raw/mrlEyes_2018_01/s0002/s0002_00202_0_0_0_0_0_01.png
s0027_00040_0_1_0_0_0_01.png,val,0,s0027,0,1,0,0,01,data/raw/mrlEyes_2018_01/s0027/s0027_00040_0_1_0_0_0_01.png
s0002_00051_0_0_0_0_0_01.png,train,0,s0002,0,0,0,0,01,data/raw/mrlEyes_2018_01/s0002/s0002_00051_0_0_0_0_0_01.png
s0023_00428_0_0_1_0_1_01.png,train,1,s0023,0,0,0,1,01,data/raw/mrlEyes_2018_01/s0023/s0023_00428_0_0_1_0_1_01.png
s0026_00948_0_0_1_0_0_01.png,val,1,s0026,0,0,0,0,01,data/raw/mrlEyes_2018_01/s0026/s0026_00948_0_0_1_0_0_01.png
s0030_01012_0_0_1_0_1_01.png,val,1,s0030,0,0,0,1,01,data/raw/mrlEyes_2018_01/s0030/s0030_01012_0_0_1_0_1_01.png
s0016_01249_1_0_0_0_1_01.png,test,0,s0016,1,0,0,1,01,data/raw/mrlEyes_2018_01/s0016/s0016_01249_1_0_0_0_1_01.png
s0011_01090_0_0_0_0_0_01.png,train,0,s0011,0,0,0,0,01,data/raw/mrlEyes_2018_01/s0011/s0011_01090_0_0_0_0_0_01.png
s0022_00315_0_1_1_2_1_01.png,train,1,s0022,0,1,2,1,01,data/raw/mrlEyes_2018_01/s0022/s0022_00315_0_1_1_2_1_01.png
s0018_03778_0_0_1_0_1_01.png,train,1,s0018,0,0,0,1,01,data/raw/mrlEyes_2018_01/s0018/s0018_03778_0_0_1_0_1_01.png
s0014_01849_0_0_0_0_0_01.png,train,0,s0014,0,0,0,0,01,data/raw/mrlEyes_2018_01/s0014/s0014_01849_0_0_0_0_0_01.png
s0037_03664_1_1_0_0_0_01.png,train,0,s0037,1,1,0,0,01,data/raw/mrlEyes_2018_01/s0037/s0037_03664_1_1_0_0_0_01.png
s0018_03770_0_0_1_0_1_01.png,train,1,s0018,0,0,0,1,01,data/raw/mrlEyes_2018_01/s0018/s0018_03770_0_0_1_0_1_01.png
s0036_01486_1_1_0_0_0_01.png,train,0,s0036,1,1,0,0,01,data/raw/mrlEyes_2018_01/s0036/s0036_01486_1_1_0_0_0_01.png
s0033_00235_0_0_1_0_1_01.png,test,1,s0033,0,0,0,1,01,data/raw/mrlEyes_2018_01/s0033/s0033_00235_0_0_1_0_1_01.png
s0002_00349_0_0_0_0_1_01.png,train,0,s0002,0,0,0,1,01,data/raw/mrlEyes_2018_01/s0002/s0002_00349_0_0_0_0_1_01.png
s0026_00388_0_0_0_0_1_01.png,val,0,s0026,0,0,0,1,01,data/raw/mrlEyes_2018_01/s0026/s0026_00388_0_0_0_0_1_01.png
s0033_00342_0_0_1_0_0_01.png,test,1,s0033,0,0,0,0,01,data/raw/mrlEyes_2018_01/s0033/s0033_00342_0_0_1_0_0_01.png
s0014_05965_0_0_1_0_0_01.png,train,1,s0014,0,0,0,0,01,data/raw/mrlEyes_2018_01/s0014/s0014_05965_0_0_1_0_0_01.png
s0010_00009_0_0_0_0_0_01.png,train,0,s0010,0,0,0,0,01,data/raw/mrlEyes_2018_01/s0010/s0010_00009_0_0_0_0_0_01.png
s0011_01550_0_0_1_0_0_01.png,train,1,s0011,0,0,0,0,01,data/raw/mrlEyes_2018_01/s0011/s0011_01550_0_0_1_0_0_01.png
s0027_00580_0_1_1_2_0_01.png,val,1,s0027,0,1,2,0,01,data/raw/mrlEyes_2018_01/s0027/s0027_00580_0_1_1_2_0_01.png
s0003_00655_0_0_1_0_0_01.png,test,1,s0003,0,0,0,0,01,data/raw/mrlEyes_2018_01/s0003/s0003_00655_0_0_1_0_0_01.png
s0025_01053_0_0_1_0_1_01.png,train,1,s0025,0,0,0,1,01,data/raw/mrlEyes_2018_01/s0025/s0025_01053_0_0_1_0_1_01.png
s0008_00246_0_1_0_1_0_01.png,train,0,s0008,0,1,1,0,01,data/raw/mrlEyes_2018_01/s0008/s0008_00246_0_1_0_1_0_01.png
s0021_00410_0_0_1_0_0_01.png,train,1,s0021,0,0,0,0,01,data/raw/mrlEyes_2018_01/s0021/s0021_00410_0_0_1_0_0_01.png
s0010_00399_0_0_1_0_0_01.png,train,1,s0010,0,0,0,0,01,data/raw/mrlEyes_2018_01/s0010/s0010_00399_0_0_1_0_0_01.png
s0014_08440_0_0_1_1_1_02.png,train,1,s0014,0,0,1,1,02,data/raw/mrlEyes_2018_01/s0014/s0014_08440_0_0_1_1_1_02.png
s0015_00973_0_0_1_0_1_01.png,test,1,s0015,0,0,0,1,01,data/raw/mrlEyes_2018_01/s0015/s0015_00973_0_0_1_0_1_01.png
s0035_00203_0_1_1_2_1_02.png,train,1,s0035,0,1,2,1,02,data/raw/mrlEyes_2018_01/s0035/s0035_00203_0_1_1_2_1_02.png
s0005_00142_0_0_0_0_0_01.png,val,0,s0005,0,0,0,0,01,data/raw/mrlEyes_2018_01/s0005/s0005_00142_0_0_0_0_0_01.png
s0013_01125_0_0_0_0_0_01.png,val,0,s0013,0,0,0,0,01,data/raw/mrlEyes_2018_01/s0013/s0013_01125_0_0_0_0_0_01.png
s0001_01859_0_0_1_0_0_01.png,val,1,s0001,0,0,0,0,01,data/raw/mrlEyes_2018_01/s0001/s0001_01859_0_0_1_0_0_01.png
s0032_05373_0_0_1_2_1_02.png,test,1,s0032,0,0,2,1,02,data/raw/mrlEyes_2018_01/s0032/s0032_05373_0_0_1_2_1_02.png
s0034_00069_0_0_0_0_0_02.png,train,0,s0034,0,0,0,0,02,data/raw/mrlEyes_2018_01/s0034/s0034_00069_0_0_0_0_0_02.png
s0036_04181_1_0_1_0_0_01.png,train,1,s0036,1,0,0,0,01,data/raw/mrlEyes_2018_01/s0036/s0036_04181_1_0_1_0_0_01.png
s0004_00682_0_0_0_0_0_01.png,val,0,s0004,0,0,0,0,01,data/raw/mrlEyes_2018_01/s0004/s0004_00682_0_0_0_0_0_01.png
s0022_00192_0_0_1_0_1_01.png,train,1,s0022,0,0,0,1,01,data/raw/mrlEyes_2018_01/s0022/s0022_00192_0_0_1_0_1_01.png
s0032_03588_0_0_1_1_0_02.png,test,1,s0032,0,0,1,0,02,data/raw/mrlEyes_2018_01/s0032/s0032_03588_0_0_1_1_0_02.png
s0029_00149_0_0_0_0_1_01.png,train,0,s0029,0,0,0,1,01,data/raw/mrlEyes_2018_01/s0029/s0029_00149_0_0_0_0_1_01.png
s0022_00378_0_1_1_2_1_01.png,train,1,s0022,0,1,2,1,01,data/raw/mrlEyes_2018_01/s0022/s0022_00378_0_1_1_2_1_01.png
s0023_00294_0_0_1_0_1_01.png,train,1,s0023,0,0,0,1,01,data/raw/mrlEyes_2018_01/s0023/s0023_00294_0_0_1_0_1_01.png
s0004_00178_0_0_0_0_0_01.png,val,0,s0004,0,0,0,0,01,data/raw/mrlEyes_2018_01/s0004/s0004_00178_0_0_0_0_0_01.png
s0021_00687_0_1_1_2_0_01.png,train,1,s0021,0,1,2,0,01,data/raw/mrlEyes_2018_01/s0021/s0021_00687_0_1_1_2_0_01.png
s0008_00722_0_1_0_0_0_01.png,train,0,s0008,0,1,0,0,01,data/raw/mrlEyes_2018_01/s0008/s0008_00722_0_1_0_0_0_01.png
s0027_00045_0_1_0_2_0_01.png,val,0,s0027,0,1,2,0,01,data/raw/mrlEyes_2018_01/s0027/s0027_00045_0_1_0_2_0_01.png
s0001_03079_0_1_1_2_0_01.png,val,1,s0001,0,1,2,0,01,data/raw/mrlEyes_2018_01/s0001/s0001_03079_0_1_1_2_0_01.png
s0010_00061_0_0_0_0_0_01.png,train,0,s0010,0,0,0,0,01,data/raw/mrlEyes_2018_01/s0010/s0010_00061_0_0_0_0_0_01.png
s0002_01010_0_0_1_0_0_01.png,train,1,s0002,0,0,0,0,01,data/raw/mrlEyes_2018_01/s0002/s0002_01010_0_0_1_0_0_01.png
s0024_00057_0_0_0_0_0_01.png,train,0,s0024,0,0,0,0,01,data/raw/mrlEyes_2018_01/s0024/s0024_00057_0_0_0_0_0_01.png
s0031_00157_1_0_0_2_1_02.png,train,0,s0031,1,0,2,1,02,data/raw/mrlEyes_2018_01/s0031/s0031_00157_1_0_0_2_1_02.png
s0018_03243_0_1_0_2_0_01.png,train,0,s0018,0,1,2,0,01,data/raw/mrlEyes_2018_01/s0018/s0018_03243_0_1_0_2_0_01.png
s0011_01191_0_0_0_0_0_01.png,train,0,s0011,0,0,0,0,01,data/raw/mrlEyes_2018_01/s0011/s0011_01191_0_0_0_0_0_01.png
s0001_01640_0_1_0_0_0_01.png,val,0,s0001,0,1,0,0,01,data/raw/mrlEyes_2018_01/s0001/s0001_01640_0_1_0_0_0_01.png
s0021_00898_0_1_1_0_0_01.png,train,1,s0021,0,1,0,0,01,data/raw/mrlEyes_2018_01/s0021/s0021_00898_0_1_1_0_0_01.png
s0018_01493_0_0_0_0_1_01.png,train,0,s0018,0,0,0,1,01,data/raw/mrlEyes_2018_01/s0018/s0018_01493_0_0_0_0_1_01.png
s0031_00027_1_0_0_0_1_02.png,train,0,s0031,1,0,0,1,02,data/raw/mrlEyes_2018_01/s0031/s0031_00027_1_0_0_0_1_02.png
s0004_00496_0_0_0_0_0_01.png,val,0,s0004,0,0,0,0,01,data/raw/mrlEyes_2018_01/s0004/s0004_00496_0_0_0_0_0_01.png
s0006_00275_0_1_0_2_0_01.png,train,0,s0006,0,1,2,0,01,data/raw/mrlEyes_2018_01/s0006/s0006_00275_0_1_0_2_0_01.png
s0021_00107_0_1_0_0_0_01.png,train,0,s0021,0,1,0,0,01,data/raw/mrlEyes_2018_01/s0021/s0021_00107_0_1_0_0_0_01.png
s0026_00053_0_0_0_0_0_01.png,val,0,s0026,0,0,0,0,01,data/raw/mrlEyes_2018_01/s0026/s0026_00053_0_0_0_0_0_01.png
s0022_00196_0_0_1_0_1_01.png,train,1,s0022,0,0,0,1,01,data/raw/mrlEyes_2018_01/s0022/s0022_00196_0_0_1_0_1_01.png
s0025_00040_0_0_0_0_0_01.png,train,0,s0025,0,0,0,0,01,data/raw/mrlEyes_2018_01/s0025/s0025_00040_0_0_0_0_0_01.png
s0015_00835_0_0_1_0_1_01.png,test,1,s0015,0,0,0,1,01,data/raw/mrlEyes_2018_01/s0015/s0015_00835_0_0_1_0_1_01.png
s0011_00526_0_0_0_0_0_01.png,train,0,s0011,0,0,0,0,01,data/raw/mrlEyes_2018_01/s0011/s0011_00526_0_0_0_0_0_01.png
s0025_00096_0_0_0_0_0_01.png,train,0,s0025,0,0,0,0,01,data/raw/mrlEyes_2018_01/s0025/s0025_00096_0_0_0_0_0_01.png
s0031_01452_1_0_1_1_1_02.png,train,1,s0031,1,0,1,1,02,data/raw/mrlEyes_2018_01/s0031/s0031_01452_1_0_1_1_1_02.png
s0029_00029_0_0_0_0_1_01.png,train,0,s0029,0,0,0,1,01,data/raw/mrlEyes_2018_01/s0029/s0029_00029_0_0_0_0_1_01.png
s0037_05310_1_1_0_0_0_01.png,train,0,s0037,1,1,0,0,01,data/raw/mrlEyes_2018_01/s0037/s0037_05310_1_1_0_0_0_01.png
s0029_00934_0_0_1_0_0_01.png,train,1,s0029,0,0,0,0,01,data/raw/mrlEyes_2018_01/s0029/s0029_00934_0_0_1_0_0_01.png
s0037_08322_1_0_1_0_0_01.png,train,1,s0037,1,0,0,0,01,data/raw/mrlEyes_2018_01/s0037/s0037_08322_1_0_1_0_0_01.png
s0033_00077_0_0_0_0_1_01.png,test,0,s0033,0,0,0,1,01,data/raw/mrlEyes_2018_01/s0033/s0033_00077_0_0_0_0_1_01.png
s0030_00949_0_0_1_0_1_01.png,val,1,s0030,0,0,0,1,01,data/raw/mrlEyes_2018_01/s0030/s0030_00949_0_0_1_0_1_01.png
s0011_00108_0_0_0_0_1_01.png,train,0,s0011,0,0,0,1,01,data/raw/mrlEyes_2018_01/s0011/s0011_00108_0_0_0_0_1_01.png
s0007_00188_0_0_0_0_1_01.png,test,0,s0007,0,0,0,1,01,data/raw/mrlEyes_2018_01/s0007/s0007_00188_0_0_0_0_1_01.png
s0021_00016_0_0_0_0_0_01.png,train,0,s0021,0,0,0,0,01,data/raw/mrlEyes_2018_01/s0021/s0021_00016_0_0_0_0_0_01.png
s0026_00793_0_0_1_0_0_01.png,val,1,s0026,0,0,0,0,01,data/raw/mrlEyes_2018_01/s0026/s0026_00793_0_0_1_0_0_01.png
s0036_00765_1_0_0_0_1_01.png,train,0,s0036,1,0,0,1,01,data/raw/mrlEyes_2018_01/s0036/s0036_00765_1_0_0_0_1_01.png
s0034_00480_0_0_1_0_0_02.png,train,1,s0034,0,0,0,0,02,data/raw/mrlEyes_2018_01/s0034/s0034_00480_0_0_1_0_0_02.png
s0026_00222_0_0_0_0_1_01.png,val,0,s0026,0,0,0,1,01,data/raw/mrlEyes_2018_01/s0026/s0026_00222_0_0_0_0_1_01.png
s0004_00027_0_0_0_0_0_01.png,val,0,s0004,0,0,0,0,01,data/raw/mrlEyes_2018_01/s0004/s0004_00027_0_0_0_0_0_01.png
s0031_01121_1_0_1_2_1_02.png,train,1,s0031,1,0,2,1,02,data/raw/mrlEyes_2018_01/s0031/s0031_01121_1_0_1_2_1_02.png
s0022_00038_0_0_0_0_1_01.png,train,0,s0022,0,0,0,1,01,data/raw/mrlEyes_2018_01/s0022/s0022_00038_0_0_0_0_1_01.png
s0022_00305_0_1_1_1_1_01.png,train,1,s0022,0,1,1,1,01,data/raw/mrlEyes_2018_01/s0022/s0022_00305_0_1_1_1_1_01.png
s0015_00811_0_0_1_0_1_01.png,test,1,s0015,0,0,0,1,01,data/raw/mrlEyes_2018_01/s0015/s0015_00811_0_0_1_0_1_01.png
s0011_01582_0_0_1_0_0_01.png,train,1,s0011,0,0,0,0,01,data/raw/mrlEyes_2018_01/s0011/s0011_01582_0_0_1_0_0_01.png
s0008_00011_0_1_0_0_0_01.png,train,0,s0008,0,1,0,0,01,data/raw/mrlEyes_2018_01/s0008/s0008_00011_0_1_0_0_0_01.png
s0023_00154_0_0_1_0_1_01.png,train,1,s0023,0,0,0,1,01,data/raw/mrlEyes_2018_01/s0023/s0023_00154_0_0_1_0_1_01.png
s0020_00543_0_0_1_0_0_01.png,train,1,s0020,0,0,0,0,01,data/raw/mrlEyes_2018_01/s0020/s0020_00543_0_0_1_0_0_01.png
s0027_00014_0_0_0_0_0_01.png,val,0,s0027,0,0,0,0,01,data/raw/mrlEyes_2018_01/s0027/s0027_00014_0_0_0_0_0_01.png
s0030_00099_0_0_0_0_1_01.png,val,0,s0030,0,0,0,1,01,data/raw/mrlEyes_2018_01/s0030/s0030_00099_0_0_0_0_1_01.png
s0010_00356_0_0_1_0_0_01.png,train,1,s0010,0,0,0,0,01,data/raw/mrlEyes_2018_01/s0010/s0010_00356_0_0_1_0_0_01.png
s0026_00162_0_0_0_0_0_01.png,val,0,s0026,0,0,0,0,01,data/raw/mrlEyes_2018_01/s0026/s0026_00162_0_0_0_0_0_01.png
s0028_00005_0_0_0_0_0_01.png,train,0,s0028,0,0,0,0,01,data/raw/mrlEyes_2018_01/s0028/s0028_00005_0_0_0_0_0_01.png
s0027_00649_0_1_1_2_0_01.png,val,1,s0027,0,1,2,0,01,data/raw/mrlEyes_2018_01/s0027/s0027_00649_0_1_1_2_0_01.png
s0026_00367_0_0_0_0_1_01.png,val,0,s0026,0,0,0,1,01,data/raw/mrlEyes_2018_01/s0026/s0026_00367_0_0_0_0_1_01.png
s0016_00740_1_0_0_0_1_01.png,test,0,s0016,1,0,0,1,01,data/raw/mrlEyes_2018_01/s0016/s0016_00740_1_0_0_0_1_01.png
s0024_00751_0_1_1_0_0_01.png,train,1,s0024,0,1,0,0,01,data/raw/mrlEyes_2018_01/s0024/s0024_00751_0_1_1_0_0_01.png
s0003_00668_0_0_1_0_0_01.png,test,1,s0003,0,0,0,0,01,data/raw/mrlEyes_2018_01/s0003/s0003_00668_0_0_1_0_0_01.png
s0037_02621_1_0_0_0_1_01.png,train,0,s0037,1,0,0,1,01,data/raw/mrlEyes_2018_01/s0037/s0037_02621_1_0_0_0_1_01.png
s0002_00841_0_0_0_0_0_01.png,train,0,s0002,0,0,0,0,01,data/raw/mrlEyes_2018_01/s0002/s0002_00841_0_0_0_0_0_01.png
s0018_04102_0_1_1_0_0_01.png,train,1,s0018,0,1,0,0,01,data/raw/mrlEyes_2018_01/s0018/s0018_04102_0_1_1_0_0_01.png
s0031_00034_1_0_0_0_1_02.png,train,0,s0031,1,0,0,1,02,data/raw/mrlEyes_2018_01/s0031/s0031_00034_1_0_0_0_1_02.png
s0024_00592_0_1_1_0_0_01.png,train,1,s0024,0,1,0,0,01,data/raw/mrlEyes_2018_01/s0024/s0024_00592_0_1_1_0_0_01.png
s0020_00370_0_0_1_0_0_01.png,train,1,s0020,0,0,0,0,01,data/raw/mrlEyes_2018_01/s0020/s0020_00370_0_0_1_0_0_01.png
s0035_00422_0_1_1_0_1_02.png,train,1,s0035,0,1,0,1,02,data/raw/mrlEyes_2018_01/s0035/s0035_00422_0_1_1_0_1_02.png
s0031_01410_1_0_1_2_1_02.png,train,1,s0031,1,0,2,1,02,data/raw/mrlEyes_2018_01/s0031/s0031_01410_1_0_1_2_1_02.png
s0036_00918_1_1_0_2_0_01.png,train,0,s0036,1,1,2,0,01,data/raw/mrlEyes_2018_01/s0036/s0036_00918_1_1_0_2_0_01.png
s0022_00371_0_1_1_2_1_01.png,train,1,s0022,0,1,2,1,01,data/raw/mrlEyes_2018_01/s0022/s0022_00371_0_1_1_2_1_01.png
s0015_00009_0_0_0_0_1_01.png,test,0,s0015,0,0,0,1,01,data/raw/mrlEyes_2018_01/s0015/s0015_00009_0_0_0_0_1_01.png
s0007_00129_0_0_0_0_1_01.png,test,0,s0007,0,0,0,1,01,data/raw/mrlEyes_2018_01/s0007/s0007_00129_0_0_0_0_1_01.png
s0033_00635_0_0_1_0_1_01.png,test,1,s0033,0,0,0,1,01,data/raw/mrlEyes_2018_01/s0033/s0033_00635_0_0_1_0_1_01.png
s0019_04624_0_0_1_0_0_01.png,train,1,s0019,0,0,0,0,01,data/raw/mrlEyes_2018_01/s0019/s0019_04624_0_0_1_0_0_01.png
s0026_00404_0_0_0_0_0_01.png,val,0,s0026,0,0,0,0,01,data/raw/mrlEyes_2018_01/s0026/s0026_00404_0_0_0_0_0_01.png
s0010_00293_0_0_0_0_0_01.png,train,0,s0010,0,0,0,0,01,data/raw/mrlEyes_2018_01/s0010/s0010_00293_0_0_0_0_0_01.png
s0037_06951_1_0_1_0_0_01.png,train,1,s0037,1,0,0,0,01,data/raw/mrlEyes_2018_01/s0037/s0037_06951_1_0_1_0_0_01.png
s0020_00021_0_0_0_0_1_01.png,train,0,s0020,0,0,0,1,01,data/raw/mrlEyes_2018_01/s0020/s0020_00021_0_0_0_0_1_01.png
s0036_04615_1_0_1_0_0_01.png,train,1,s0036,1,0,0,0,01,data/raw/mrlEyes_2018_01/s0036/s0036_04615_1_0_1_0_0_01.png
s0002_00795_0_0_0_0_0_01.png,train,0,s0002,0,0,0,0,01,data/raw/mrlEyes_2018_01/s0002/s0002_00795_0_0_0_0_0_01.png
s0006_00144_0_1_0_1_0_01.png,train,0,s0006,0,1,1,0,01,data/raw/mrlEyes_2018_01/s0006/s0006_00144_0_1_0_1_0_01.png
s0008_00221_0_1_0_0_0_01.png,train,0,s0008,0,1,0,0,01,data/raw/mrlEyes_2018_01/s0008/s0008_00221_0_1_0_0_0_01.png
s0019_05886_0_0_1_0_0_01.png,train,1,s0019,0,0,0,0,01,data/raw/mrlEyes_2018_01/s0019/s0019_05886_0_0_1_0_0_01.png
s0018_04380_0_1_1_2_0_01.png,train,1,s0018,0,1,2,0,01,data/raw/mrlEyes_2018_01/s0018/s0018_04380_0_1_1_2_0_01.png
s0011_01011_0_0_0_0_0_01.png,train,0,s0011,0,0,0,0,01,data/raw/mrlEyes_2018_01/s0011/s0011_01011_0_0_0_0_0_01.png
s0017_01372_1_0_1_0_0_01.png,test,1,s0017,1,0,0,0,01,data/raw/mrlEyes_2018_01/s0017/s0017_01372_1_0_1_0_0_01.png
s0027_00440_0_1_1_2_0_01.png,val,1,s0027,0,1,2,0,01,data/raw/mrlEyes_2018_01/s0027/s0027_00440_0_1_1_2_0_01.png
s0006_00293_0_1_0_0_0_01.png,train,0,s0006,0,1,0,0,01,data/raw/mrlEyes_2018_01/s0006/s0006_00293_0_1_0_0_0_01.png
s0028_00086_0_0_1_0_0_01.png,train,1,s0028,0,0,0,0,01,data/raw/mrlEyes_2018_01/s0028/s0028_00086_0_0_1_0_0_01.png
s0014_02119_0_0_0_0_0_01.png,train,0,s0014,0,0,0,0,01,data/raw/mrlEyes_2018_01/s0014/s0014_02119_0_0_0_0_0_01.png
s0016_01733_1_0_1_0_1_01.png,test,1,s0016,1,0,0,1,01,data/raw/mrlEyes_2018_01/s0016/s0016_01733_1_0_1_0_1_01.png
s0014_01451_0_0_0_0_0_01.png,train,0,s0014,0,0,0,0,01,data/raw/mrlEyes_2018_01/s0014/s0014_01451_0_0_0_0_0_01.png
s0016_01782_1_0_1_0_0_01.png,test,1,s0016,1,0,0,0,01,data/raw/mrlEyes_2018_01/s0016/s0016_01782_1_0_1_0_0_01.png
s0004_00938_0_0_0_0_0_01.png,val,0,s0004,0,0,0,0,01,data/raw/mrlEyes_2018_01/s0004/s0004_00938_0_0_0_0_0_01.png
s0006_00628_0_1_0_1_0_01.png,train,0,s0006,0,1,1,0,01,data/raw/mrlEyes_2018_01/s0006/s0006_00628_0_1_0_1_0_01.png
s0004_00501_0_0_0_0_0_01.png,val,0,s0004,0,0,0,0,01,data/raw/mrlEyes_2018_01/s0004/s0004_00501_0_0_0_0_0_01.png
s0021_00776_0_1_1_2_0_01.png,train,1,s0021,0,1,2,0,01,data/raw/mrlEyes_2018_01/s0021/s0021_00776_0_1_1_2_0_01.png
s0031_00804_1_0_1_0_1_02.png,train,1,s0031,1,0,0,1,02,data/raw/mrlEyes_2018_01/s0031/s0031_00804_1_0_1_0_1_02.png
s0003_00658_0_0_1_0_0_01.png,test,1,s0003,0,0,0,0,01,data/raw/mrlEyes_2018_01/s0003/s0003_00658_0_0_1_0_0_01.png
s0016_01772_1_0_1_0_1_01.png,test,1,s0016,1,0,0,1,01,data/raw/mrlEyes_2018_01/s0016/s0016_01772_1_0_1_0_1_01.png
s0037_06194_1_0_1_0_1_01.png,train,1,s0037,1,0,0,1,01,data/raw/mrlEyes_2018_01/s0037/s0037_06194_1_0_1_0_1_01.png
s0014_00650_0_0_0_0_1_01.png,train,0,s0014,0,0,0,1,01,data/raw/mrlEyes_2018_01/s0014/s0014_00650_0_0_0_0_1_01.png
s0001_02272_0_0_1_0_0_01.png,val,1,s0001,0,0,0,0,01,data/raw/mrlEyes_2018_01/s0001/s0001_02272_0_0_1_0_0_01.png
s0002_00272_0_0_0_0_0_01.png,train,0,s0002,0,0,0,0,01,data/raw/mrlEyes_2018_01/s0002/s0002_00272_0_0_0_0_0_01.png
s0033_00293_0_0_1_0_1_01.png,test,1,s0033,0,0,0,1,01,data/raw/mrlEyes_2018_01/s0033/s0033_00293_0_0_1_0_1_01.png
s0019_03846_0_0_1_0_0_01.png,train,1,s0019,0,0,0,0,01,data/raw/mrlEyes_2018_01/s0019/s0019_03846_0_0_1_0_0_01.png
s0017_01485_1_0_1_0_1_01.png,test,1,s0017,1,0,0,1,01,data/raw/mrlEyes_2018_01/s0017/s0017_01485_1_0_1_0_1_01.png
s0017_00950_1_0_0_0_0_01.png,test,0,s0017,1,0,0,0,01,data/raw/mrlEyes_2018_01/s0017/s0017_00950_1_0_0_0_0_01.png
s0006_00887_0_1_0_1_0_01.png,train,0,s0006,0,1,1,0,01,data/raw/mrlEyes_2018_01/s0006/s0006_00887_0_1_0_1_0_01.png
s0025_00116_0_0_0_0_0_01.png,train,0,s0025,0,0,0,0,01,data/raw/mrlEyes_2018_01/s0025/s0025_00116_0_0_0_0_0_01.png
s0025_00106_0_0_0_0_0_01.png,train,0,s0025,0,0,0,0,01,data/raw/mrlEyes_2018_01/s0025/s0025_00106_0_0_0_0_0_01.png
s0017_01248_1_0_0_0_1_01.png,test,0,s0017,1,0,0,1,01,data/raw/mrlEyes_2018_01/s0017/s0017_01248_1_0_0_0_1_01.png
s0017_01628_1_0_1_0_0_01.png,test,1,s0017,1,0,0,0,01,data/raw/mrlEyes_2018_01/s0017/s0017_01628_1_0_1_0_0_01.png
s0018_03457_0_1_0_0_0_01.png,train,0,s0018,0,1,0,0,01,data/raw/mrlEyes_2018_01/s0018/s0018_03457_0_1_0_0_0_01.png
s0025_00063_0_0_0_0_0_01.png,train,0,s0025,0,0,0,0,01,data/raw/mrlEyes_2018_01/s0025/s0025_00063_0_0_0_0_0_01.png
s0004_00611_0_0_0_0_0_01.png,val,0,s0004,0,0,0,0,01,data/raw/mrlEyes_2018_01/s0004/s0004_00611_0_0_0_0_0_01.png
s0004_00718_0_0_0_0_0_01.png,val,0,s0004,0,0,0,0,01,data/raw/mrlEyes_2018_01/s0004/s0004_00718_0_0_0_0_0_01.png
s0022_00046_0_0_0_0_1_01.png,train,0,s0022,0,0,0,1,01,data/raw/mrlEyes_2018_01/s0022/s0022_00046_0_0_0_0_1_01.png
s0013_03447_0_1_1_1_0_01.png,val,1,s0013,0,1,1,0,01,data/raw/mrlEyes_2018_01/s0013/s0013_03447_0_1_1_1_0_01.png
s0023_00412_0_0_1_0_1_01.png,train,1,s0023,0,0,0,1,01,data/raw/mrlEyes_2018_01/s0023/s0023_00412_0_0_1_0_1_01.png
s0027_00145_0_0_1_0_0_01.png,val,1,s0027,0,0,0,0,01,data/raw/mrlEyes_2018_01/s0027/s0027_00145_0_0_1_0_0_01.png
s0011_00106_0_0_0_0_0_01.png,train,0,s0011,0,0,0,0,01,data/raw/mrlEyes_2018_01/s0011/s0011_00106_0_0_0_0_0_01.png
s0034_00029_0_0_0_0_0_02.png,train,0,s0034,0,0,0,0,02,data/raw/mrlEyes_2018_01/s0034/s0034_00029_0_0_0_0_0_02.png
s0029_00880_0_0_1_0_0_01.png,train,1,s0029,0,0,0,0,01,data/raw/mrlEyes_2018_01/s0029/s0029_00880_0_0_1_0_0_01.png
s0018_04071_0_1_1_2_0_01.png,train,1,s0018,0,1,2,0,01,data/raw/mrlEyes_2018_01/s0018/s0018_04071_0_1_1_2_0_01.png
s0012_02884_0_1_0_2_1_01.png,train,0,s0012,0,1,2,1,01,data/raw/mrlEyes_2018_01/s0012/s0012_02884_0_1_0_2_1_01.png
s0016_01354_1_0_0_0_1_01.png,test,0,s0016,1,0,0,1,01,data/raw/mrlEyes_2018_01/s0016/s0016_01354_1_0_0_0_1_01.png
s0029_00035_0_0_0_0_1_01.png,train,0,s0029,0,0,0,1,01,data/raw/mrlEyes_2018_01/s0029/s0029_00035_0_0_0_0_1_01.png
s0028_00415_0_1_1_0_0_01.png,train,1,s0028,0,1,0,0,01,data/raw/mrlEyes_2018_01/s0028/s0028_00415_0_1_1_0_0_01.png
s0029_00445_0_0_1_0_1_01.png,train,1,s0029,0,0,0,1,01,data/raw/mrlEyes_2018_01/s0029/s0029_00445_0_0_1_0_1_01.png
s0024_00011_0_0_0_0_0_01.png,train,0,s0024,0,0,0,0,01,data/raw/mrlEyes_2018_01/s0024/s0024_00011_0_0_0_0_0_01.png
s0018_02461_0_1_0_0_0_01.png,train,0,s0018,0,1,0,0,01,data/raw/mrlEyes_2018_01/s0018/s0018_02461_0_1_0_0_0_01.png
s0002_01097_0_0_1_0_0_01.png,train,1,s0002,0,0,0,0,01,data/raw/mrlEyes_2018_01/s0002/s0002_01097_0_0_1_0_0_01.png
s0012_06936_0_0_1_1_1_01.png,train,1,s0012,0,0,1,1,01,data/raw/mrlEyes_2018_01/s0012/s0012_06936_0_0_1_1_1_01.png
s0006_00356_0_1_0_1_0_01.png,train,0,s0006,0,1,1,0,01,data/raw/mrlEyes_2018_01/s0006/s0006_00356_0_1_0_1_0_01.png
s0034_00086_0_0_0_0_0_02.png,train,0,s0034,0,0,0,0,02,data/raw/mrlEyes_2018_01/s0034/s0034_00086_0_0_0_0_0_02.png
s0026_00957_0_0_1_0_0_01.png,val,1,s0026,0,0,0,0,01,data/raw/mrlEyes_2018_01/s0026/s0026_00957_0_0_1_0_0_01.png
s0031_00241_1_0_0_0_1_02.png,train,0,s0031,1,0,0,1,02,data/raw/mrlEyes_2018_01/s0031/s0031_00241_1_0_0_0_1_02.png
s0031_00457_1_0_1_1_1_02.png,train,1,s0031,1,0,1,1,02,data/raw/mrlEyes_2018_01/s0031/s0031_00457_1_0_1_1_1_02.png
s0013_03114_0_0_1_0_0_01.png,val,1,s0013,0,0,0,0,01,data/raw/mrlEyes_2018_01/s0013/s0013_03114_0_0_1_0_0_01.png
s0008_00671_0_1_0_1_0_01.png,train,0,s0008,0,1,1,0,01,data/raw/mrlEyes_2018_01/s0008/s0008_00671_0_1_0_1_0_01.png
s0017_00474_1_0_0_0_1_01.png,test,0,s0017,1,0,0,1,01,data/raw/mrlEyes_2018_01/s0017/s0017_00474_1_0_0_0_1_01.png
s0026_01090_0_0_1_0_0_01.png,val,1,s0026,0,0,0,0,01,data/raw/mrlEyes_2018_01/s0026/s0026_01090_0_0_1_0_0_01.png
s0007_00014_0_0_0_0_0_01.png,test,0,s0007,0,0,0,0,01,data/raw/mrlEyes_2018_01/s0007/s0007_00014_0_0_0_0_0_01.png
s0022_00216_0_0_1_0_1_01.png,train,1,s0022,0,0,0,1,01,data/raw/mrlEyes_2018_01/s0022/s0022_00216_0_0_1_0_1_01.png
s0024_00137_0_1_0_0_0_01.png,train,0,s0024,0,1,0,0,01,data/raw/mrlEyes_2018_01/s0024/s0024_00137_0_1_0_0_0_01.png
s0012_07406_0_0_1_0_1_01.png,train,1,s0012,0,0,0,1,01,data/raw/mrlEyes_2018_01/s0012/s0012_07406_0_0_1_0_1_01.png
s0015_01117_0_0_1_0_1_01.png,test,1,s0015,0,0,0,1,01,data/raw/mrlEyes_2018_01/s0015/s0015_01117_0_0_1_0_1_01.png
s0013_03465_0_1_1_1_0_01.png,val,1,s0013,0,1,1,0,01,data/raw/mrlEyes_2018_01/s0013/s0013_03465_0_1_1_1_0_01.png
s0026_00848_0_0_1_0_0_01.png,val,1,s0026,0,0,0,0,01,data/raw/mrlEyes_2018_01/s0026/s0026_00848_0_0_1_0_0_01.png
s0021_00272_0_0_1_0_0_01.png,train,1,s0021,0,0,0,0,01,data/raw/mrlEyes_2018_01/s0021/s0021_00272_0_0_1_0_0_01.png
s0008_00439_0_1_0_0_0_01.png,train,0,s0008,0,1,0,0,01,data/raw/mrlEyes_2018_01/s0008/s0008_00439_0_1_0_0_0_01.png
s0037_09685_1_1_1_0_0_01.png,train,1,s0037,1,1,0,0,01,data/raw/mrlEyes_2018_01/s0037/s0037_09685_1_1_1_0_0_01.png
s0017_01349_1_0_1_0_0_01.png,test,1,s0017,1,0,0,0,01,data/raw/mrlEyes_2018_01/s0017/s0017_01349_1_0_1_0_0_01.png
s0030_01095_0_0_1_0_0_01.png,val,1,s0030,0,0,0,0,01,data/raw/mrlEyes_2018_01/s0030/s0030_01095_0_0_1_0_0_01.png
s0018_00129_0_0_0_0_1_01.png,train,0,s0018,0,0,0,1,01,data/raw/mrlEyes_2018_01/s0018/s0018_00129_0_0_0_0_1_01.png
s0034_00145_0_0_1_0_0_02.png,train,1,s0034,0,0,0,0,02,data/raw/mrlEyes_2018_01/s0034/s0034_00145_0_0_1_0_0_02.png
s0011_01604_0_0_1_0_0_01.png,train,1,s0011,0,0,0,0,01,data/raw/mrlEyes_2018_01/s0011/s0011_01604_0_0_1_0_0_01.png
s0016_00406_1_0_0_0_1_01.png,test,0,s0016,1,0,0,1,01,data/raw/mrlEyes_2018_01/s0016/s0016_00406_1_0_0_0_1_01.png
s0025_00158_0_0_1_0_1_01.png,train,1,s0025,0,0,0,1,01,data/raw/mrlEyes_2018_01/s0025/s0025_00158_0_0_1_0_1_01.png
s0020_00174_0_0_1_0_0_01.png,train,1,s0020,0,0,0,0,01,data/raw/mrlEyes_2018_01/s0020/s0020_00174_0_0_1_0_0_01.png
s0002_00919_0_0_0_0_0_01.png,train,0,s0002,0,0,0,0,01,data/raw/mrlEyes_2018_01/s0002/s0002_00919_0_0_0_0_0_01.png
s0007_00252_0_0_0_0_0_01.png,test,0,s0007,0,0,0,0,01,data/raw/mrlEyes_2018_01/s0007/s0007_00252_0_0_0_0_0_01.png
s0027_00019_0_0_0_0_0_01.png,val,0,s0027,0,0,0,0,01,data/raw/mrlEyes_2018_01/s0027/s0027_00019_0_0_0_0_0_01.png
s0025_00188_0_0_1_0_0_01.png,train,1,s0025,0,0,0,0,01,data/raw/mrlEyes_2018_01/s0025/s0025_00188_0_0_1_0_0_01.png
s0007_00291_0_0_0_0_0_01.png,test,0,s0007,0,0,0,0,01,data/raw/mrlEyes_2018_01/s0007/s0007_00291_0_0_0_0_0_01.png
s0029_00076_0_0_0_0_1_01.png,train,0,s0029,0,0,0,1,01,data/raw/mrlEyes_2018_01/s0029/s0029_00076_0_0_0_0_1_01.png
s0028_00193_0_0_1_0_0_01.png,train,1,s0028,0,0,0,0,01,data/raw/mrlEyes_2018_01/s0028/s0028_00193_0_0_1_0_0_01.png
s0030_00215_0_0_0_0_1_01.png,val,0,s0030,0,0,0,1,01,data/raw/mrlEyes_2018_01/s0030/s0030_00215_0_0_0_0_1_01.png
s0010_00378_0_0_1_0_0_01.png,train,1,s0010,0,0,0,0,01,data/raw/mrlEyes_2018_01/s0010/s0010_00378_0_0_1_0_0_01.png
s0023_00035_0_0_0_0_1_01.png,train,0,s0023,0,0,0,1,01,data/raw/mrlEyes_2018_01/s0023/s0023_00035_0_0_0_0_1_01.png
s0022_00339_0_1_1_2_1_01.png,train,1,s0022,0,1,2,1,01,data/raw/mrlEyes_2018_01/s0022/s0022_00339_0_1_1_2_1_01.png
s0010_00064_0_0_0_0_0_01.png,train,0,s0010,0,0,0,0,01,data/raw/mrlEyes_2018_01/s0010/s0010_00064_0_0_0_0_0_01.png
s0031_01507_1_0_1_2_1_02.png,train,1,s0031,1,0,2,1,02,data/raw/mrlEyes_2018_01/s0031/s0031_01507_1_0_1_2_1_02.png
s0025_01131_0_0_1_0_1_01.png,train,1,s0025,0,0,0,1,01,data/raw/mrlEyes_2018_01/s0025/s0025_01131_0_0_1_0_1_01.png
s0017_01168_1_0_0_0_1_01.png,test,0,s0017,1,0,0,1,01,data/raw/mrlEyes_2018_01/s0017/s0017_01168_1_0_0_0_1_01.png
s0024_00165_0_1_0_0_0_01.png,train,0,s0024,0,1,0,0,01,data/raw/mrlEyes_2018_01/s0024/s0024_00165_0_1_0_0_0_01.png
s0014_01428_0_0_0_0_0_01.png,train,0,s0014,0,0,0,0,01,data/raw/mrlEyes_2018_01/s0014/s0014_01428_0_0_0_0_0_01.png
s0029_01078_0_0_1_0_1_01.png,train,1,s0029,0,0,0,1,01,data/raw/mrlEyes_2018_01/s0029/s0029_01078_0_0_1_0_1_01.png
s0011_00089_0_0_0_0_1_01.png,train,0,s0011,0,0,0,1,01,data/raw/mrlEyes_2018_01/s0011/s0011_00089_0_0_0_0_1_01.png
s0033_00026_0_0_0_0_1_01.png,test,0,s0033,0,0,0,1,01,data/raw/mrlEyes_2018_01/s0033/s0033_00026_0_0_0_0_1_01.png
s0019_00461_0_0_0_0_1_01.png,train,0,s0019,0,0,0,1,01,data/raw/mrlEyes_2018_01/s0019/s0019_00461_0_0_0_0_1_01.png
s0036_00107_1_0_0_0_0_01.png,train,0,s0036,1,0,0,0,01,data/raw/mrlEyes_2018_01/s0036/s0036_00107_1_0_0_0_0_01.png
s0022_00335_0_1_1_2_1_01.png,train,1,s0022,0,1,2,1,01,data/raw/mrlEyes_2018_01/s0022/s0022_00335_0_1_1_2_1_01.png
s0014_07166_0_0_1_2_1_02.png,train,1,s0014,0,0,2,1,02,data/raw/mrlEyes_2018_01/s0014/s0014_07166_0_0_1_2_1_02.png
s0015_00101_0_0_0_0_1_01.png,test,0,s0015,0,0,0,1,01,data/raw/mrlEyes_2018_01/s0015/s0015_00101_0_0_0_0_1_01.png
s0021_00617_0_1_1_2_0_01.png,train,1,s0021,0,1,2,0,01,data/raw/mrlEyes_2018_01/s0021/s0021_00617_0_1_1_2_0_01.png
s0009_00309_0_0_0_0_0_01.png,test,0,s0009,0,0,0,0,01,data/raw/mrlEyes_2018_01/s0009/s0009_00309_0_0_0_0_0_01.png
s0017_01438_1_0_1_0_1_01.png,test,1,s0017,1,0,0,1,01,data/raw/mrlEyes_2018_01/s0017/s0017_01438_1_0_1_0_1_01.png
s0025_00788_0_0_1_0_0_01.png,train,1,s0025,0,0,0,0,01,data/raw/mrlEyes_2018_01/s0025/s0025_00788_0_0_1_0_0_01.png
s0035_00220_0_1_1_2_1_02.png,train,1,s0035,0,1,2,1,02,data/raw/mrlEyes_2018_01/s0035/s0035_00220_0_1_1_2_1_02.png
s0001_02395_0_0_1_0_0_01.png,val,1,s0001,0,0,0,0,01,data/raw/mrlEyes_2018_01/s0001/s0001_02395_0_0_1_0_0_01.png
s0003_00643_0_0_1_0_0_01.png,test,1,s0003,0,0,0,0,01,data/raw/mrlEyes_2018_01/s0003/s0003_00643_0_0_1_0_0_01.png
s0013_00310_0_0_0_0_0_01.png,val,0,s0013,0,0,0,0,01,data/raw/mrlEyes_2018_01/s0013/s0013_00310_0_0_0_0_0_01.png
s0035_00151_0_1_1_2_1_02.png,train,1,s0035,0,1,2,1,02,data/raw/mrlEyes_2018_01/s0035/s0035_00151_0_1_1_2_1_02.png
s0032_00074_0_0_0_0_1_02.png,test,0,s0032,0,0,0,1,02,data/raw/mrlEyes_2018_01/s0032/s0032_00074_0_0_0_0_1_02.png
s0032_00399_0_1_1_2_1_02.png,test,1,s0032,0,1,2,1,02,data/raw/mrlEyes_2018_01/s0032/s0032_00399_0_1_1_2_1_02.png
s0015_01123_0_0_1_0_0_01.png,test,1,s0015,0,0,0,0,01,data/raw/mrlEyes_2018_01/s0015/s0015_01123_0_0_1_0_0_01.png
s0012_07405_0_0_1_0_1_01.png,train,1,s0012,0,0,0,1,01,data/raw/mrlEyes_2018_01/s0012/s0012_07405_0_0_1_0_1_01.png
s0015_01068_0_0_1_0_1_01.png,test,1,s0015,0,0,0,1,01,data/raw/mrlEyes_2018_01/s0015/s0015_01068_0_0_1_0_1_01.png
s0006_00235_0_1_0_2_0_01.png,train,0,s0006,0,1,2,0,01,data/raw/mrlEyes_2018_01/s0006/s0006_00235_0_1_0_2_0_01.png
s0006_00828_0_1_0_1_0_01.png,train,0,s0006,0,1,1,0,01,data/raw/mrlEyes_2018_01/s0006/s0006_00828_0_1_0_1_0_01.png
s0025_00067_0_0_0_0_0_01.png,train,0,s0025,0,0,0,0,01,data/raw/mrlEyes_2018_01/s0025/s0025_00067_0_0_0_0_0_01.png
s0019_00736_0_0_0_0_0_01.png,train,0,s0019,0,0,0,0,01,data/raw/mrlEyes_2018_01/s0019/s0019_00736_0_0_0_0_0_01.png
s0026_00300_0_0_0_0_1_01.png,val,0,s0026,0,0,0,1,01,data/raw/mrlEyes_2018_01/s0026/s0026_00300_0_0_0_0_1_01.png
s0031_00144_1_0_0_2_1_02.png,train,0,s0031,1,0,2,1,02,data/raw/mrlEyes_2018_01/s0031/s0031_00144_1_0_0_2_1_02.png
s0029_01164_0_0_1_0_1_01.png,train,1,s0029,0,0,0,1,01,data/raw/mrlEyes_2018_01/s0029/s0029_01164_0_0_1_0_1_01.png
s0022_00132_0_0_1_0_1_01.png,train,1,s0022,0,0,0,1,01,data/raw/mrlEyes_2018_01/s0022/s0022_00132_0_0_1_0_1_01.png
s0033_00471_0_0_1_0_1_01.png,test,1,s0033,0,0,0,1,01,data/raw/mrlEyes_2018_01/s0033/s0033_00471_0_0_1_0_1_01.png
s0030_00510_0_0_1_0_1_01.png,val,1,s0030,0,0,0,1,01,data/raw/mrlEyes_2018_01/s0030/s0030_00510_0_0_1_0_1_01.png
s0005_00632_0_0_0_0_0_01.png,val,0,s0005,0,0,0,0,01,data/raw/mrlEyes_2018_01/s0005/s0005_00632_0_0_0_0_0_01.png
s0031_01200_1_0_1_2_1_02.png,train,1,s0031,1,0,2,1,02,data/raw/mrlEyes_2018_01/s0031/s0031_01200_1_0_1_2_1_02.png
s0001_02917_0_1_1_0_0_01.png,val,1,s0001,0,1,0,0,01,data/raw/mrlEyes_2018_01/s0001/s0001_02917_0_1_1_0_0_01.png
s0025_00072_0_0_0_0_0_01.png,train,0,s0025,0,0,0,0,01,data/raw/mrlEyes_2018_01/s0025/s0025_00072_0_0_0_0_0_01.png
s0014_04281_0_0_1_0_0_01.png,train,1,s0014,0,0,0,0,01,data/raw/mrlEyes_2018_01/s0014/s0014_04281_0_0_1_0_0_01.png
s0018_03580_0_1_0_0_0_01.png,train,0,s0018,0,1,0,0,01,data/raw/mrlEyes_2018_01/s0018/s0018_03580_0_1_0_0_0_01.png
s0023_00299_0_0_1_0_1_01.png,train,1,s0023,0,0,0,1,01,data/raw/mrlEyes_2018_01/s0023/s0023_00299_0_0_1_0_1_01.png
s0015_01096_0_0_1_0_0_01.png,test,1,s0015,0,0,0,0,01,data/raw/mrlEyes_2018_01/s0015/s0015_01096_0_0_1_0_0_01.png
s0015_00612_0_0_0_0_1_01.png,test,0,s0015,0,0,0,1,01,data/raw/mrlEyes_2018_01/s0015/s0015_00612_0_0_0_0_1_01.png
s0002_01069_0_0_1_0_0_01.png,train,1,s0002,0,0,0,0,01,data/raw/mrlEyes_2018_01/s0002/s0002_01069_0_0_1_0_0_01.png
s0011_01628_0_0_1_0_0_01.png,train,1,s0011,0,0,0,0,01,data/raw/mrlEyes_2018_01/s0011/s0011_01628_0_0_1_0_0_01.png
s0024_00035_0_0_0_0_0_01.png,train,0,s0024,0,0,0,0,01,data/raw/mrlEyes_2018_01/s0024/s0024_00035_0_0_0_0_0_01.png
s0022_00104_0_1_0_2_1_01.png,train,0,s0022,0,1,2,1,01,data/raw/mrlEyes_2018_01/s0022/s0022_00104_0_1_0_2_1_01.png
s0034_00294_0_0_1_0_0_02.png,train,1,s0034,0,0,0,0,02,data/raw/mrlEyes_2018_01/s0034/s0034_00294_0_0_1_0_0_02.png
s0013_00370_0_0_0_0_0_01.png,val,0,s0013,0,0,0,0,01,data/raw/mrlEyes_2018_01/s0013/s0013_00370_0_0_0_0_0_01.png
s0024_00472_0_1_1_0_0_01.png,train,1,s0024,0,1,0,0,01,data/raw/mrlEyes_2018_01/s0024/s0024_00472_0_1_1_0_0_01.png
s0013_02306_0_1_0_0_0_01.png,val,0,s0013,0,1,0,0,01,data/raw/mrlEyes_2018_01/s0013/s0013_02306_0_1_0_0_0_01.png
s0035_00383_0_1_1_0_0_02.png,train,1,s0035,0,1,0,0,02,data/raw/mrlEyes_2018_01/s0035/s0035_00383_0_1_1_0_0_02.png
s0021_00057_0_0_0_0_0_01.png,train,0,s0021,0,0,0,0,01,data/raw/mrlEyes_2018_01/s0021/s0021_00057_0_0_0_0_0_01.png
s0025_00006_0_0_0_0_0_01.png,train,0,s0025,0,0,0,0,01,data/raw/mrlEyes_2018_01/s0025/s0025_00006_0_0_0_0_0_01.png
s0019_05414_0_0_1_0_0_01.png,train,1,s0019,0,0,0,0,01,data/raw/mrlEyes_2018_01/s0019/s0019_05414_0_0_1_0_0_01.png
s0003_00327_0_0_0_0_0_01.png,test,0,s0003,0,0,0,0,01,data/raw/mrlEyes_2018_01/s0003/s0003_00327_0_0_0_0_0_01.png
s0021_00112_0_1_0_0_0_01.png,train,0,s0021,0,1,0,0,01,data/raw/mrlEyes_2018_01/s0021/s0021_00112_0_1_0_0_0_01.png
s0031_01273_1_0_1_2_1_02.png,train,1,s0031,1,0,2,1,02,data/raw/mrlEyes_2018_01/s0031/s0031_01273_1_0_1_2_1_02.png
s0019_04294_0_0_1_0_0_01.png,train,1,s0019,0,0,0,0,01,data/raw/mrlEyes_2018_01/s0019/s0019_04294_0_0_1_0_0_01.png
s0003_00619_0_0_1_0_0_01.png,test,1,s0003,0,0,0,0,01,data/raw/mrlEyes_2018_01/s0003/s0003_00619_0_0_1_0_0_01.png
s0031_00276_1_0_1_0_1_02.png,train,1,s0031,1,0,0,1,02,data/raw/mrlEyes_2018_01/s0031/s0031_00276_1_0_1_0_1_02.png
s0028_00609_0_1_1_0_0_01.png,train,1,s0028,0,1,0,0,01,data/raw/mrlEyes_2018_01/s0028/s0028_00609_0_1_1_0_0_01.png
s0002_01098_0_0_1_0_0_01.png,train,1,s0002,0,0,0,0,01,data/raw/mrlEyes_2018_01/s0002/s0002_01098_0_0_1_0_0_01.png
s0037_10087_1_1_1_0_0_01.png,train,1,s0037,1,1,0,0,01,data/raw/mrlEyes_2018_01/s0037/s0037_10087_1_1_1_0_0_01.png
s0018_04142_0_1_1_2_1_01.png,train,1,s0018,0,1,2,1,01,data/raw/mrlEyes_2018_01/s0018/s0018_04142_0_1_1_2_1_01.png
s0012_04954_0_0_1_0_0_03.png,train,1,s0012,0,0,0,0,03,data/raw/mrlEyes_2018_01/s0012/s0012_04954_0_0_1_0_0_03.png
s0003_00143_0_0_0_0_0_01.png,test,0,s0003,0,0,0,0,01,data/raw/mrlEyes_2018_01/s0003/s0003_00143_0_0_0_0_0_01.png
s0013_03345_0_0_1_0_0_01.png,val,1,s0013,0,0,0,0,01,data/raw/mrlEyes_2018_01/s0013/s0013_03345_0_0_1_0_0_01.png
s0012_01275_0_0_0_2_1_03.png,train,0,s0012,0,0,2,1,03,data/raw/mrlEyes_2018_01/s0012/s0012_01275_0_0_0_2_1_03.png
s0030_01316_0_0_1_0_1_01.png,val,1,s0030,0,0,0,1,01,data/raw/mrlEyes_2018_01/s0030/s0030_01316_0_0_1_0_1_01.png
s0019_02358_0_0_0_0_0_01.png,train,0,s0019,0,0,0,0,01,data/raw/mrlEyes_2018_01/s0019/s0019_02358_0_0_0_0_0_01.png
s0024_00600_0_1_1_0_0_01.png,train,1,s0024,0,1,0,0,01,data/raw/mrlEyes_2018_01/s0024/s0024_00600_0_1_1_0_0_01.png
s0031_01237_1_0_1_2_1_02.png,train,1,s0031,1,0,2,1,02,data/raw/mrlEyes_2018_01/s0031/s0031_01237_1_0_1_2_1_02.png
s0018_04201_0_1_1_2_0_01.png,train,1,s0018,0,1,2,0,01,data/raw/mrlEyes_2018_01/s0018/s0018_04201_0_1_1_2_0_01.png
s0029_00095_0_0_0_0_1_01.png,train,0,s0029,0,0,0,1,01,data/raw/mrlEyes_2018_01/s0029/s0029_00095_0_0_0_0_1_01.png
s0031_01291_1_0_1_2_1_02.png,train,1,s0031,1,0,2,1,02,data/raw/mrlEyes_2018_01/s0031/s0031_01291_1_0_1_2_1_02.png
s0014_04326_0_0_1_0_1_03.png,train,1,s0014,0,0,0,1,03,data/raw/mrlEyes_2018_01/s0014/s0014_04326_0_0_1_0_1_03.png
s0003_00671_0_0_1_0_0_01.png,test,1,s0003,0,0,0,0,01,data/raw/mrlEyes_2018_01/s0003/s0003_00671_0_0_1_0_0_01.png
s0033_00663_0_0_1_0_1_01.png,test,1,s0033,0,0,0,1,01,data/raw/mrlEyes_2018_01/s0033/s0033_00663_0_0_1_0_1_01.png
s0012_04785_0_0_1_0_0_03.png,train,1,s0012,0,0,0,0,03,data/raw/mrlEyes_2018_01/s0012/s0012_04785_0_0_1_0_0_03.png
s0008_00775_0_1_0_0_0_01.png,train,0,s0008,0,1,0,0,01,data/raw/mrlEyes_2018_01/s0008/s0008_00775_0_1_0_0_0_01.png
s0009_00361_0_0_0_0_0_01.png,test,0,s0009,0,0,0,0,01,data/raw/mrlEyes_2018_01/s0009/s0009_00361_0_0_0_0_0_01.png
s0010_00057_0_0_0_0_0_01.png,train,0,s0010,0,0,0,0,01,data/raw/mrlEyes_2018_01/s0010/s0010_00057_0_0_0_0_0_01.png
s0026_01002_0_0_1_0_0_01.png,val,1,s0026,0,0,0,0,01,data/raw/mrlEyes_2018_01/s0026/s0026_01002_0_0_1_0_0_01.png
s0018_03813_0_0_1_0_1_01.png,train,1,s0018,0,0,0,1,01,data/raw/mrlEyes_2018_01/s0018/s0018_03813_0_0_1_0_1_01.png
s0034_00062_0_0_0_0_0_02.png,train,0,s0034,0,0,0,0,02,data/raw/mrlEyes_2018_01/s0034/s0034_00062_0_0_0_0_0_02.png
s0036_01610_1_1_0_0_0_01.png,train,0,s0036,1,1,0,0,01,data/raw/mrlEyes_2018_01/s0036/s0036_01610_1_1_0_0_0_01.png
s0010_00190_0_0_0_0_0_01.png,train,0,s0010,0,0,0,0,01,data/raw/mrlEyes_2018_01/s0010/s0010_00190_0_0_0_0_0_01.png
s0016_00464_1_0_0_0_0_01.png,test,0,s0016,1,0,0,0,01,data/raw/mrlEyes_2018_01/s0016/s0016_00464_1_0_0_0_0_01.png
s0014_01821_0_0_0_0_0_01.png,train,0,s0014,0,0,0,0,01,data/raw/mrlEyes_2018_01/s0014/s0014_01821_0_0_0_0_0_01.png
s0021_00474_0_1_1_2_0_01.png,train,1,s0021,0,1,2,0,01,data/raw/mrlEyes_2018_01/s0021/s0021_00474_0_1_1_2_0_01.png
s0037_09296_1_1_1_2_0_01.png,train,1,s0037,1,1,2,0,01,data/raw/mrlEyes_2018_01/s0037/s0037_09296_1_1_1_2_0_01.png
s0029_00169_0_0_0_0_1_01.png,train,0,s0029,0,0,0,1,01,data/raw/mrlEyes_2018_01/s0029/s0029_00169_0_0_0_0_1_01.png
s0002_00744_0_0_0_0_0_01.png,train,0,s0002,0,0,0,0,01,data/raw/mrlEyes_2018_01/s0002/s0002_00744_0_0_0_0_0_01.png
s0008_00651_0_1_0_2_0_01.png,train,0,s0008,0,1,2,0,01,data/raw/mrlEyes_2018_01/s0008/s0008_00651_0_1_0_2_0_01.png
s0031_01181_1_0_1_2_1_02.png,train,1,s0031,1,0,2,1,02,data/raw/mrlEyes_2018_01/s0031/s0031_01181_1_0_1_2_1_02.png
s0035_00009_0_1_0_1_1_02.png,train,0,s0035,0,1,1,1,02,data/raw/mrlEyes_2018_01/s0035/s0035_00009_0_1_0_1_1_02.png
s0033_00060_0_0_0_0_0_01.png,test,0,s0033,0,0,0,0,01,data/raw/mrlEyes_2018_01/s0033/s0033_00060_0_0_0_0_0_01.png
s0001_02335_0_0_1_0_0_01.png,val,1,s0001,0,0,0,0,01,data/raw/mrlEyes_2018_01/s0001/s0001_02335_0_0_1_0_0_01.png
s0021_00033_0_0_0_0_0_01.png,train,0,s0021,0,0,0,0,01,data/raw/mrlEyes_2018_01/s0021/s0021_00033_0_0_0_0_0_01.png
s0025_00874_0_0_1_0_0_01.png,train,1,s0025,0,0,0,0,01,data/raw/mrlEyes_2018_01/s0025/s0025_00874_0_0_1_0_0_01.png
s0024_00300_0_0_1_0_0_01.png,train,1,s0024,0,0,0,0,01,data/raw/mrlEyes_2018_01/s0024/s0024_00300_0_0_1_0_0_01.png
s0026_00746_0_0_1_0_0_01.png,val,1,s0026,0,0,0,0,01,data/raw/mrlEyes_2018_01/s0026/s0026_00746_0_0_1_0_0_01.png
s0019_02296_0_0_0_0_0_01.png,train,0,s0019,0,0,0,0,01,data/raw/mrlEyes_2018_01/s0019/s0019_02296_0_0_0_0_0_01.png
s0014_03002_0_1_0_2_1_01.png,train,0,s0014,0,1,2,1,01,data/raw/mrlEyes_2018_01/s0014/s0014_03002_0_1_0_2_1_01.png
s0001_02767_0_1_1_2_0_01.png,val,1,s0001,0,1,2,0,01,data/raw/mrlEyes_2018_01/s0001/s0001_02767_0_1_1_2_0_01.png
s0021_00831_0_1_1_2_0_01.png,train,1,s0021,0,1,2,0,01,data/raw/mrlEyes_2018_01/s0021/s0021_00831_0_1_1_2_0_01.png
s0017_01420_1_0_1_0_1_01.png,test,1,s0017,1,0,0,1,01,data/raw/mrlEyes_2018_01/s0017/s0017_01420_1_0_1_0_1_01.png
s0014_00515_0_0_0_0_0_01.png,train,0,s0014,0,0,0,0,01,data/raw/mrlEyes_2018_01/s0014/s0014_00515_0_0_0_0_0_01.png
s0012_06518_0_0_1_0_1_01.png,train,1,s0012,0,0,0,1,01,data/raw/mrlEyes_2018_01/s0012/s0012_06518_0_0_1_0_1_01.png
s0014_02773_0_1_0_0_0_01.png,train,0,s0014,0,1,0,0,01,data/raw/mrlEyes_2018_01/s0014/s0014_02773_0_1_0_0_0_01.png
s0011_01561_0_0_1_0_0_01.png,train,1,s0011,0,0,0,0,01,data/raw/mrlEyes_2018_01/s0011/s0011_01561_0_0_1_0_0_01.png
s0028_00408_0_1_1_0_0_01.png,train,1,s0028,0,1,0,0,01,data/raw/mrlEyes_2018_01/s0028/s0028_00408_0_1_1_0_0_01.png
s0022_00087_0_1_0_2_1_01.png,train,0,s0022,0,1,2,1,01,data/raw/mrlEyes_2018_01/s0022/s0022_00087_0_1_0_2_1_01.png
s0020_00628_0_0_1_0_0_01.png,train,1,s0020,0,0,0,0,01,data/raw/mrlEyes_2018_01/s0020/s0020_00628_0_0_1_0_0_01.png
s0036_03265_1_0_1_0_0_01.png,train,1,s0036,1,0,0,0,01,data/raw/mrlEyes_2018_01/s0036/s0036_03265_1_0_1_0_0_01.png
s0019_00073_0_0_0_0_0_01.png,train,0,s0019,0,0,0,0,01,data/raw/mrlEyes_2018_01/s0019/s0019_00073_0_0_0_0_0_01.png
s0005_00718_0_0_1_0_0_01.png,val,1,s0005,0,0,0,0,01,data/raw/mrlEyes_2018_01/s0005/s0005_00718_0_0_1_0_0_01.png
s0013_02932_0_1_0_0_0_01.png,val,0,s0013,0,1,0,0,01,data/raw/mrlEyes_2018_01/s0013/s0013_02932_0_1_0_0_0_01.png
s0022_00289_0_1_1_2_1_01.png,train,1,s0022,0,1,2,1,01,data/raw/mrlEyes_2018_01/s0022/s0022_00289_0_1_1_2_1_01.png
s0015_00265_0_0_0_0_1_01.png,test,0,s0015,0,0,0,1,01,data/raw/mrlEyes_2018_01/s0015/s0015_00265_0_0_0_0_1_01.png
s0003_00158_0_0_0_0_0_01.png,test,0,s0003,0,0,0,0,01,data/raw/mrlEyes_2018_01/s0003/s0003_00158_0_0_0_0_0_01.png
s0035_00415_0_1_1_0_0_02.png,train,1,s0035,0,1,0,0,02,data/raw/mrlEyes_2018_01/s0035/s0035_00415_0_1_1_0_0_02.png
s0004_00518_0_0_0_0_0_01.png,val,0,s0004,0,0,0,0,01,data/raw/mrlEyes_2018_01/s0004/s0004_00518_0_0_0_0_0_01.png
s0025_00873_0_0_1_0_1_01.png,train,1,s0025,0,0,0,1,01,data/raw/mrlEyes_2018_01/s0025/s0025_00873_0_0_1_0_1_01.png
s0031_00442_1_0_1_0_0_02.png,train,1,s0031,1,0,0,0,02,data/raw/mrlEyes_2018_01/s0031/s0031_00442_1_0_1_0_0_02.png
s0027_00409_0_1_1_1_0_01.png,val,1,s0027,0,1,1,0,01,data/raw/mrlEyes_2018_01/s0027/s0027_00409_0_1_1_1_0_01.png
s0014_01754_0_0_0_0_0_01.png,train,0,s0014,0,0,0,0,01,data/raw/mrlEyes_2018_01/s0014/s0014_01754_0_0_0_0_0_01.png
s0034_00009_0_0_0_0_0_02.png,train,0,s0034,0,0,0,0,02,data/raw/mrlEyes_2018_01/s0034/s0034_00009_0_0_0_0_0_02.png
s0027_00001_0_0_0_0_1_01.png,val,0,s0027,0,0,0,1,01,data/raw/mrlEyes_2018_01/s0027/s0027_00001_0_0_0_0_1_01.png
s0012_03474_0_1_0_2_1_01.png,train,0,s0012,0,1,2,1,01,data/raw/mrlEyes_2018_01/s0012/s0012_03474_0_1_0_2_1_01.png
s0036_00209_1_0_0_0_1_01.png,train,0,s0036,1,0,0,1,01,data/raw/mrlEyes_2018_01/s0036/s0036_00209_1_0_0_0_1_01.png
s0034_00506_0_0_1_0_0_02.png,train,1,s0034,0,0,0,0,02,data/raw/mrlEyes_2018_01/s0034/s0034_00506_0_0_1_0_0_02.png
s0015_01095_0_0_1_0_0_01.png,test,1,s0015,0,0,0,0,01,data/raw/mrlEyes_2018_01/s0015/s0015_01095_0_0_1_0_0_01.png
s0021_00066_0_1_0_0_0_01.png,train,0,s0021,0,1,0,0,01,data/raw/mrlEyes_2018_01/s0021/s0021_00066_0_1_0_0_0_01.png
s0014_00239_0_0_0_0_0_01.png,train,0,s0014,0,0,0,0,01,data/raw/mrlEyes_2018_01/s0014/s0014_00239_0_0_0_0_0_01.png
s0014_04978_0_0_1_0_1_03.png,train,1,s0014,0,0,0,1,03,data/raw/mrlEyes_2018_01/s0014/s0014_04978_0_0_1_0_1_03.png
s0029_00109_0_0_0_0_1_01.png,train,0,s0029,0,0,0,1,01,data/raw/mrlEyes_2018_01/s0029/s0029_00109_0_0_0_0_1_01.png
s0032_00002_0_1_0_2_1_02.png,test,0,s0032,0,1,2,1,02,data/raw/mrlEyes_2018_01/s0032/s0032_00002_0_1_0_2_1_02.png
s0022_00382_0_1_1_2_1_01.png,train,1,s0022,0,1,2,1,01,data/raw/mrlEyes_2018_01/s0022/s0022_00382_0_1_1_2_1_01.png
s0035_00362_0_1_1_0_0_02.png,train,1,s0035,0,1,0,0,02,data/raw/mrlEyes_2018_01/s0035/s0035_00362_0_1_1_0_0_02.png
s0013_02862_0_1_0_1_0_01.png,val,0,s0013,0,1,1,0,01,data/raw/mrlEyes_2018_01/s0013/s0013_02862_0_1_0_1_0_01.png
s0031_01390_1_0_1_0_1_02.png,train,1,s0031,1,0,0,1,02,data/raw/mrlEyes_2018_01/s0031/s0031_01390_1_0_1_0_1_02.png
s0015_00987_0_0_1_0_1_01.png,test,1,s0015,0,0,0,1,01,data/raw/mrlEyes_2018_01/s0015/s0015_00987_0_0_1_0_1_01.png
s0023_00505_0_0_1_0_1_01.png,train,1,s0023,0,0,0,1,01,data/raw/mrlEyes_2018_01/s0023/s0023_00505_0_0_1_0_1_01.png
s0021_00045_0_0_0_0_0_01.png,train,0,s0021,0,0,0,0,01,data/raw/mrlEyes_2018_01/s0021/s0021_00045_0_0_0_0_0_01.png
s0002_00342_0_0_0_0_1_01.png,train,0,s0002,0,0,0,1,01,data/raw/mrlEyes_2018_01/s0002/s0002_00342_0_0_0_0_1_01.png
s0026_01229_0_0_1_0_0_01.png,val,1,s0026,0,0,0,0,01,data/raw/mrlEyes_2018_01/s0026/s0026_01229_0_0_1_0_0_01.png
s0030_01353_0_0_1_0_1_01.png,val,1,s0030,0,0,0,1,01,data/raw/mrlEyes_2018_01/s0030/s0030_01353_0_0_1_0_1_01.png
s0018_01089_0_0_0_0_1_01.png,train,0,s0018,0,0,0,1,01,data/raw/mrlEyes_2018_01/s0018/s0018_01089_0_0_0_0_1_01.png
s0027_00059_0_1_0_1_0_01.png,val,0,s0027,0,1,1,0,01,data/raw/mrlEyes_2018_01/s0027/s0027_00059_0_1_0_1_0_01.png
s0019_01454_0_0_0_0_0_01.png,train,0,s0019,0,0,0,0,01,data/raw/mrlEyes_2018_01/s0019/s0019_01454_0_0_0_0_0_01.png
s0006_00033_0_1_0_1_0_01.png,train,0,s0006,0,1,1,0,01,data/raw/mrlEyes_2018_01/s0006/s0006_00033_0_1_0_1_0_01.png
s0003_00654_0_0_1_0_0_01.png,test,1,s0003,0,0,0,0,01,data/raw/mrlEyes_2018_01/s0003/s0003_00654_0_0_1_0_0_01.png
s0012_07767_0_0_1_1_0_02.png,train,1,s0012,0,0,1,0,02,data/raw/mrlEyes_2018_01/s0012/s0012_07767_0_0_1_1_0_02.png
s0026_01106_0_0_1_0_1_01.png,val,1,s0026,0,0,0,1,01,data/raw/mrlEyes_2018_01/s0026/s0026_01106_0_0_1_0_1_01.png
s0037_05219_1_1_0_2_0_01.png,train,0,s0037,1,1,2,0,01,data/raw/mrlEyes_2018_01/s0037/s0037_05219_1_1_0_2_0_01.png
s0025_01050_0_0_1_0_1_01.png,train,1,s0025,0,0,0,1,01,data/raw/mrlEyes_2018_01/s0025/s0025_01050_0_0_1_0_1_01.png
s0037_01955_1_0_0_0_0_01.png,train,0,s0037,1,0,0,0,01,data/raw/mrlEyes_2018_01/s0037/s0037_01955_1_0_0_0_0_01.png
s0036_02482_1_0_1_0_1_01.png,train,1,s0036,1,0,0,1,01,data/raw/mrlEyes_2018_01/s0036/s0036_02482_1_0_1_0_1_01.png
s0033_00362_0_0_1_0_1_01.png,test,1,s0033,0,0,0,1,01,data/raw/mrlEyes_2018_01/s0033/s0033_00362_0_0_1_0_1_01.png
s0012_04991_0_0_1_0_0_03.png,train,1,s0012,0,0,0,0,03,data/raw/mrlEyes_2018_01/s0012/s0012_04991_0_0_1_0_0_03.png
s0026_00733_0_0_1_0_0_01.png,val,1,s0026,0,0,0,0,01,data/raw/mrlEyes_2018_01/s0026/s0026_00733_0_0_1_0_0_01.png
s0005_00098_0_0_0_0_0_01.png,val,0,s0005,0,0,0,0,01,data/raw/mrlEyes_2018_01/s0005/s0005_00098_0_0_0_0_0_01.png
s0017_01393_1_0_1_0_0_01.png,test,1,s0017,1,0,0,0,01,data/raw/mrlEyes_2018_01/s0017/s0017_01393_1_0_1_0_0_01.png
s0035_00106_0_1_1_2_1_02.png,train,1,s0035,0,1,2,1,02,data/raw/mrlEyes_2018_01/s0035/s0035_00106_0_1_1_2_1_02.png
s0030_01024_0_0_1_0_1_01.png,val,1,s0030,0,0,0,1,01,data/raw/mrlEyes_2018_01/s0030/s0030_01024_0_0_1_0_1_01.png
s0012_04508_0_0_1_0_0_01.png,train,1,s0012,0,0,0,0,01,data/raw/mrlEyes_2018_01/s0012/s0012_04508_0_0_1_0_0_01.png
s0007_00585_0_0_0_0_0_01.png,test,0,s0007,0,0,0,0,01,data/raw/mrlEyes_2018_01/s0007/s0007_00585_0_0_0_0_0_01.png
s0023_00052_0_0_0_0_1_01.png,train,0,s0023,0,0,0,1,01,data/raw/mrlEyes_2018_01/s0023/s0023_00052_0_0_0_0_1_01.png
s0029_00015_0_0_0_0_1_01.png,train,0,s0029,0,0,0,1,01,data/raw/mrlEyes_2018_01/s0029/s0029_00015_0_0_0_0_1_01.png
s0009_00208_0_0_0_0_0_01.png,test,0,s0009,0,0,0,0,01,data/raw/mrlEyes_2018_01/s0009/s0009_00208_0_0_0_0_0_01.png
s0001_02727_0_1_1_0_0_01.png,val,1,s0001,0,1,0,0,01,data/raw/mrlEyes_2018_01/s0001/s0001_02727_0_1_1_0_0_01.png
s0011_00990_0_0_0_0_0_01.png,train,0,s0011,0,0,0,0,01,data/raw/mrlEyes_2018_01/s0011/s0011_00990_0_0_0_0_0_01.png
s0036_00755_1_0_0_0_0_01.png,train,0,s0036,1,0,0,0,01,data/raw/mrlEyes_2018_01/s0036/s0036_00755_1_0_0_0_0_01.png
s0033_00561_0_0_1_0_1_01.png,test,1,s0033,0,0,0,1,01,data/raw/mrlEyes_2018_01/s0033/s0033_00561_0_0_1_0_1_01.png
s0008_00443_0_1_0_1_0_01.png,train,0,s0008,0,1,1,0,01,data/raw/mrlEyes_2018_01/s0008/s0008_00443_0_1_0_1_0_01.png
s0023_00210_0_0_1_0_1_01.png,train,1,s0023,0,0,0,1,01,data/raw/mrlEyes_2018_01/s0023/s0023_00210_0_0_1_0_1_01.png
s0014_07678_0_0_1_1_0_02.png,train,1,s0014,0,0,1,0,02,data/raw/mrlEyes_2018_01/s0014/s0014_07678_0_0_1_1_0_02.png
s0016_01621_1_0_0_0_1_01.png,test,0,s0016,1,0,0,1,01,data/raw/mrlEyes_2018_01/s0016/s0016_01621_1_0_0_0_1_01.png
s0014_00206_0_0_0_0_0_01.png,train,0,s0014,0,0,0,0,01,data/raw/mrlEyes_2018_01/s0014/s0014_00206_0_0_0_0_0_01.png
s0035_00633_0_1_1_0_1_02.png,train,1,s0035,0,1,0,1,02,data/raw/mrlEyes_2018_01/s0035/s0035_00633_0_1_1_0_1_02.png
s0019_02536_0_0_0_0_0_01.png,train,0,s0019,0,0,0,0,01,data/raw/mrlEyes_2018_01/s0019/s0019_02536_0_0_0_0_0_01.png
s0036_01439_1_1_0_0_0_01.png,train,0,s0036,1,1,0,0,01,data/raw/mrlEyes_2018_01/s0036/s0036_01439_1_1_0_0_0_01.png
s0007_00536_0_0_0_0_0_01.png,test,0,s0007,0,0,0,0,01,data/raw/mrlEyes_2018_01/s0007/s0007_00536_0_0_0_0_0_01.png
s0018_03026_0_1_0_0_0_01.png,train,0,s0018,0,1,0,0,01,data/raw/mrlEyes_2018_01/s0018/s0018_03026_0_1_0_0_0_01.png
s0007_00005_0_0_0_0_0_01.png,test,0,s0007,0,0,0,0,01,data/raw/mrlEyes_2018_01/s0007/s0007_00005_0_0_0_0_0_01.png
s0034_00355_0_0_1_0_0_02.png,train,1,s0034,0,0,0,0,02,data/raw/mrlEyes_2018_01/s0034/s0034_00355_0_0_1_0_0_02.png
s0029_00082_0_0_0_0_1_01.png,train,0,s0029,0,0,0,1,01,data/raw/mrlEyes_2018_01/s0029/s0029_00082_0_0_0_0_1_01.png
s0027_00257_0_0_1_0_0_01.png,val,1,s0027,0,0,0,0,01,data/raw/mrlEyes_2018_01/s0027/s0027_00257_0_0_1_0_0_01.png
s0028_00382_0_1_1_0_0_01.png,train,1,s0028,0,1,0,0,01,data/raw/mrlEyes_2018_01/s0028/s0028_00382_0_1_1_0_0_01.png
s0031_01236_1_0_1_2_1_02.png,train,1,s0031,1,0,2,1,02,data/raw/mrlEyes_2018_01/s0031/s0031_01236_1_0_1_2_1_02.png
s0011_01570_0_0_1_0_0_01.png,train,1,s0011,0,0,0,0,01,data/raw/mrlEyes_2018_01/s0011/s0011_01570_0_0_1_0_0_01.png
s0004_00122_0_0_0_0_0_01.png,val,0,s0004,0,0,0,0,01,data/raw/mrlEyes_2018_01/s0004/s0004_00122_0_0_0_0_0_01.png
s0021_00607_0_1_1_2_0_01.png,train,1,s0021,0,1,2,0,01,data/raw/mrlEyes_2018_01/s0021/s0021_00607_0_1_1_2_0_01.png
s0012_02132_0_1_0_0_0_01.png,train,0,s0012,0,1,0,0,01,data/raw/mrlEyes_2018_01/s0012/s0012_02132_0_1_0_0_0_01.png
s0024_00025_0_0_0_0_0_01.png,train,0,s0024,0,0,0,0,01,data/raw/mrlEyes_2018_01/s0024/s0024_00025_0_0_0_0_0_01.png
s0036_03464_1_0_1_0_0_01.png,train,1,s0036,1,0,0,0,01,data/raw/mrlEyes_2018_01/s0036/s0036_03464_1_0_1_0_0_01.png
s0026_00220_0_0_0_0_1_01.png,val,0,s0026,0,0,0,1,01,data/raw/mrlEyes_2018_01/s0026/s0026_00220_0_0_0_0_1_01.png
s0019_04971_0_0_1_0_0_01.png,train,1,s0019,0,0,0,0,01,data/raw/mrlEyes_2018_01/s0019/s0019_04971_0_0_1_0_0_01.png
s0003_00644_0_0_1_0_0_01.png,test,1,s0003,0,0,0,0,01,data/raw/mrlEyes_2018_01/s0003/s0003_00644_0_0_1_0_0_01.png
s0037_09826_1_1_1_2_0_01.png,train,1,s0037,1,1,2,0,01,data/raw/mrlEyes_2018_01/s0037/s0037_09826_1_1_1_2_0_01.png
s0036_00153_1_0_0_0_1_01.png,train,0,s0036,1,0,0,1,01,data/raw/mrlEyes_2018_01/s0036/s0036_00153_1_0_0_0_1_01.png
s0008_00042_0_1_0_1_0_01.png,train,0,s0008,0,1,1,0,01,data/raw/mrlEyes_2018_01/s0008/s0008_00042_0_1_0_1_0_01.png
s0026_01113_0_0_1_0_1_01.png,val,1,s0026,0,0,0,1,01,data/raw/mrlEyes_2018_01/s0026/s0026_01113_0_0_1_0_1_01.png
s0003_00615_0_0_1_0_0_01.png,test,1,s0003,0,0,0,0,01,data/raw/mrlEyes_2018_01/s0003/s0003_00615_0_0_1_0_0_01.png
s0010_00096_0_0_0_0_0_01.png,train,0,s0010,0,0,0,0,01,data/raw/mrlEyes_2018_01/s0010/s0010_00096_0_0_0_0_0_01.png
s0023_00039_0_0_0_0_1_01.png,train,0,s0023,0,0,0,1,01,data/raw/mrlEyes_2018_01/s0023/s0023_00039_0_0_0_0_1_01.png
s0030_01298_0_0_1_0_1_01.png,val,1,s0030,0,0,0,1,01,data/raw/mrlEyes_2018_01/s0030/s0030_01298_0_0_1_0_1_01.png
s0024_00006_0_0_0_0_0_01.png,train,0,s0024,0,0,0,0,01,data/raw/mrlEyes_2018_01/s0024/s0024_00006_0_0_0_0_0_01.png
s0022_00325_0_1_1_2_1_01.png,train,1,s0022,0,1,2,1,01,data/raw/mrlEyes_2018_01/s0022/s0022_00325_0_1_1_2_1_01.png
s0005_00721_0_0_1_0_0_01.png,val,1,s0005,0,0,0,0,01,data/raw/mrlEyes_2018_01/s0005/s0005_00721_0_0_1_0_0_01.png
s0034_00006_0_0_0_0_0_02.png,train,0,s0034,0,0,0,0,02,data/raw/mrlEyes_2018_01/s0034/s0034_00006_0_0_0_0_0_02.png
s0006_00665_0_1_0_1_0_01.png,train,0,s0006,0,1,1,0,01,data/raw/mrlEyes_2018_01/s0006/s0006_00665_0_1_0_1_0_01.png
s0015_00145_0_0_0_0_1_01.png,test,0,s0015,0,0,0,1,01,data/raw/mrlEyes_2018_01/s0015/s0015_00145_0_0_0_0_1_01.png
s0026_00620_0_0_1_0_0_01.png,val,1,s0026,0,0,0,0,01,data/raw/mrlEyes_2018_01/s0026/s0026_00620_0_0_1_0_0_01.png
s0014_06649_0_1_1_2_0_01.png,train,1,s0014,0,1,2,0,01,data/raw/mrlEyes_2018_01/s0014/s0014_06649_0_1_1_2_0_01.png
s0010_00112_0_0_0_0_0_01.png,train,0,s0010,0,0,0,0,01,data/raw/mrlEyes_2018_01/s0010/s0010_00112_0_0_0_0_0_01.png
s0013_03429_0_1_1_0_0_01.png,val,1,s0013,0,1,0,0,01,data/raw/mrlEyes_2018_01/s0013/s0013_03429_0_1_1_0_0_01.png
s0013_03092_0_0_1_0_0_01.png,val,1,s0013,0,0,0,0,01,data/raw/mrlEyes_2018_01/s0013/s0013_03092_0_0_1_0_0_01.png
s0030_00270_0_0_0_0_1_01.png,val,0,s0030,0,0,0,1,01,data/raw/mrlEyes_2018_01/s0030/s0030_00270_0_0_0_0_1_01.png
s0027_00064_0_1_0_2_0_01.png,val,0,s0027,0,1,2,0,01,data/raw/mrlEyes_2018_01/s0027/s0027_00064_0_1_0_2_0_01.png
s0010_00265_0_0_0_0_0_01.png,train,0,s0010,0,0,0,0,01,data/raw/mrlEyes_2018_01/s0010/s0010_00265_0_0_0_0_0_01.png
s0021_00125_0_1_0_0_0_01.png,train,0,s0021,0,1,0,0,01,data/raw/mrlEyes_2018_01/s0021/s0021_00125_0_1_0_0_0_01.png
s0036_05486_1_1_1_0_0_01.png,train,1,s0036,1,1,0,0,01,data/raw/mrlEyes_2018_01/s0036/s0036_05486_1_1_1_0_0_01.png
s0020_00024_0_0_0_0_1_01.png,train,0,s0020,0,0,0,1,01,data/raw/mrlEyes_2018_01/s0020/s0020_00024_0_0_0_0_1_01.png
s0037_09643_1_1_1_0_0_01.png,train,1,s0037,1,1,0,0,01,data/raw/mrlEyes_2018_01/s0037/s0037_09643_1_1_1_0_0_01.png
s0028_00344_0_1_1_0_0_01.png,train,1,s0028,0,1,0,0,01,data/raw/mrlEyes_2018_01/s0028/s0028_00344_0_1_1_0_0_01.png
s0002_01035_0_0_1_0_0_01.png,train,1,s0002,0,0,0,0,01,data/raw/mrlEyes_2018_01/s0002/s0002_01035_0_0_1_0_0_01.png
s0003_00663_0_0_1_0_0_01.png,test,1,s0003,0,0,0,0,01,data/raw/mrlEyes_2018_01/s0003/s0003_00663_0_0_1_0_0_01.png
s0012_01329_0_0_0_0_0_03.png,train,0,s0012,0,0,0,0,03,data/raw/mrlEyes_2018_01/s0012/s0012_01329_0_0_0_0_0_03.png
s0033_00056_0_0_0_0_0_01.png,test,0,s0033,0,0,0,0,01,data/raw/mrlEyes_2018_01/s0033/s0033_00056_0_0_0_0_0_01.png
s0015_01071_0_0_1_0_0_01.png,test,1,s0015,0,0,0,0,01,data/raw/mrlEyes_2018_01/s0015/s0015_01071_0_0_1_0_0_01.png
s0019_06049_0_0_1_0_0_01.png,train,1,s0019,0,0,0,0,01,data/raw/mrlEyes_2018_01/s0019/s0019_06049_0_0_1_0_0_01.png
s0002_00745_0_0_0_0_0_01.png,train,0,s0002,0,0,0,0,01,data/raw/mrlEyes_2018_01/s0002/s0002_00745_0_0_0_0_0_01.png
s0009_00175_0_0_0_0_0_01.png,test,0,s0009,0,0,0,0,01,data/raw/mrlEyes_2018_01/s0009/s0009_00175_0_0_0_0_0_01.png
s0029_00133_0_0_0_0_1_01.png,train,0,s0029,0,0,0,1,01,data/raw/mrlEyes_2018_01/s0029/s0029_00133_0_0_0_0_1_01.png
s0018_04321_0_1_1_2_0_01.png,train,1,s0018,0,1,2,0,01,data/raw/mrlEyes_2018_01/s0018/s0018_04321_0_1_1_2_0_01.png
s0012_06113_0_0_1_0_0_03.png,train,1,s0012,0,0,0,0,03,data/raw/mrlEyes_2018_01/s0012/s0012_06113_0_0_1_0_0_03.png
s0008_00125_0_1_0_2_0_01.png,train,0,s0008,0,1,2,0,01,data/raw/mrlEyes_2018_01/s0008/s0008_00125_0_1_0_2_0_01.png
s0025_01183_0_0_1_0_0_01.png,train,1,s0025,0,0,0,0,01,data/raw/mrlEyes_2018_01/s0025/s0025_01183_0_0_1_0_0_01.png
s0024_00173_0_1_0_0_0_01.png,train,0,s0024,0,1,0,0,01,data/raw/mrlEyes_2018_01/s0024/s0024_00173_0_1_0_0_0_01.png
s0005_00676_0_0_0_0_0_01.png,val,0,s0005,0,0,0,0,01,data/raw/mrlEyes_2018_01/s0005/s0005_00676_0_0_0_0_0_01.png
s0029_00027_0_0_0_0_1_01.png,train,0,s0029,0,0,0,1,01,data/raw/mrlEyes_2018_01/s0029/s0029_00027_0_0_0_0_1_01.png
s0015_00999_0_0_1_0_1_01.png,test,1,s0015,0,0,0,1,01,data/raw/mrlEyes_2018_01/s0015/s0015_00999_0_0_1_0_1_01.png
s0037_00576_1_0_0_0_1_01.png,train,0,s0037,1,0,0,1,01,data/raw/mrlEyes_2018_01/s0037/s0037_00576_1_0_0_0_1_01.png
s0012_04112_0_1_0_0_0_01.png,train,0,s0012,0,1,0,0,01,data/raw/mrlEyes_2018_01/s0012/s0012_04112_0_1_0_0_0_01.png
s0013_00253_0_0_0_0_0_01.png,val,0,s0013,0,0,0,0,01,data/raw/mrlEyes_2018_01/s0013/s0013_00253_0_0_0_0_0_01.png
s0014_06805_0_1_1_2_0_01.png,train,1,s0014,0,1,2,0,01,data/raw/mrlEyes_2018_01/s0014/s0014_06805_0_1_1_2_0_01.png
s0034_00021_0_0_0_0_0_02.png,train,0,s0034,0,0,0,0,02,data/raw/mrlEyes_2018_01/s0034/s0034_00021_0_0_0_0_0_02.png
s0001_02651_0_1_1_2_0_01.png,val,1,s0001,0,1,2,0,01,data/raw/mrlEyes_2018_01/s0001/s0001_02651_0_1_1_2_0_01.png
s0028_00262_0_1_1_0_0_01.png,train,1,s0028,0,1,0,0,01,data/raw/mrlEyes_2018_01/s0028/s0028_00262_0_1_1_0_0_01.png
s0022_00092_0_1_0_2_1_01.png,train,0,s0022,0,1,2,1,01,data/raw/mrlEyes_2018_01/s0022/s0022_00092_0_1_0_2_1_01.png
s0034_00432_0_0_1_0_0_02.png,train,1,s0034,0,0,0,0,02,data/raw/mrlEyes_2018_01/s0034/s0034_00432_0_0_1_0_0_02.png
s0008_00628_0_1_0_1_0_01.png,train,0,s0008,0,1,1,0,01,data/raw/mrlEyes_2018_01/s0008/s0008_00628_0_1_0_1_0_01.png
s0005_00732_0_0_1_0_0_01.png,val,1,s0005,0,0,0,0,01,data/raw/mrlEyes_2018_01/s0005/s0005_00732_0_0_1_0_0_01.png
s0023_00007_0_0_0_0_1_01.png,train,0,s0023,0,0,0,1,01,data/raw/mrlEyes_2018_01/s0023/s0023_00007_0_0_0_0_1_01.png
s0011_00969_0_0_0_0_0_01.png,train,0,s0011,0,0,0,0,01,data/raw/mrlEyes_2018_01/s0011/s0011_00969_0_0_0_0_0_01.png
s0016_01720_1_0_1_0_0_01.png,test,1,s0016,1,0,0,0,01,data/raw/mrlEyes_2018_01/s0016/s0016_01720_1_0_1_0_0_01.png
s0021_00084_0_1_0_0_0_01.png,train,0,s0021,0,1,0,0,01,data/raw/mrlEyes_2018_01/s0021/s0021_00084_0_1_0_0_0_01.png
s0022_00050_0_0_0_0_1_01.png,train,0,s0022,0,0,0,1,01,data/raw/mrlEyes_2018_01/s0022/s0022_00050_0_0_0_0_1_01.png
s0009_00354_0_0_0_0_0_01.png,test,0,s0009,0,0,0,0,01,data/raw/mrlEyes_2018_01/s0009/s0009_00354_0_0_0_0_0_01.png
s0001_02375_0_0_1_0_0_01.png,val,1,s0001,0,0,0,0,01,data/raw/mrlEyes_2018_01/s0001/s0001_02375_0_0_1_0_0_01.png
s0003_00489_0_0_0_0_0_01.png,test,0,s0003,0,0,0,0,01,data/raw/mrlEyes_2018_01/s0003/s0003_00489_0_0_0_0_0_01.png
s0013_00016_0_0_0_0_0_01.png,val,0,s0013,0,0,0,0,01,data/raw/mrlEyes_2018_01/s0013/s0013_00016_0_0_0_0_0_01.png
s0024_00090_0_1_0_0_0_01.png,train,0,s0024,0,1,0,0,01,data/raw/mrlEyes_2018_01/s0024/s0024_00090_0_1_0_0_0_01.png
s0029_01162_0_0_1_0_1_01.png,train,1,s0029,0,0,0,1,01,data/raw/mrlEyes_2018_01/s0029/s0029_01162_0_0_1_0_1_01.png
s0029_00002_0_0_0_0_1_01.png,train,0,s0029,0,0,0,1,01,data/raw/mrlEyes_2018_01/s0029/s0029_00002_0_0_0_0_1_01.png
s0002_01087_0_0_1_0_0_01.png,train,1,s0002,0,0,0,0,01,data/raw/mrlEyes_2018_01/s0002/s0002_01087_0_0_1_0_0_01.png
s0029_00560_0_0_1_0_1_01.png,train,1,s0029,0,0,0,1,01,data/raw/mrlEyes_2018_01/s0029/s0029_00560_0_0_1_0_1_01.png
s0014_03121_0_1_0_0_0_01.png,train,0,s0014,0,1,0,0,01,data/raw/mrlEyes_2018_01/s0014/s0014_03121_0_1_0_0_0_01.png
s0026_00822_0_0_1_0_0_01.png,val,1,s0026,0,0,0,0,01,data/raw/mrlEyes_2018_01/s0026/s0026_00822_0_0_1_0_0_01.png
s0009_00372_0_0_1_0_0_01.png,test,1,s0009,0,0,0,0,01,data/raw/mrlEyes_2018_01/s0009/s0009_00372_0_0_1_0_0_01.png
s0025_00119_0_0_0_0_0_01.png,train,0,s0025,0,0,0,0,01,data/raw/mrlEyes_2018_01/s0025/s0025_00119_0_0_0_0_0_01.png
s0005_00666_0_0_0_0_0_01.png,val,0,s0005,0,0,0,0,01,data/raw/mrlEyes_2018_01/s0005/s0005_00666_0_0_0_0_0_01.png
s0021_00116_0_1_0_0_0_01.png,train,0,s0021,0,1,0,0,01,data/raw/mrlEyes_2018_01/s0021/s0021_00116_0_1_0_0_0_01.png
s0022_00154_0_0_1_0_1_01.png,train,1,s0022,0,0,0,1,01,data/raw/mrlEyes_2018_01/s0022/s0022_00154_0_0_1_0_1_01.png
s0034_00462_0_0_1_0_0_02.png,train,1,s0034,0,0,0,0,02,data/raw/mrlEyes_2018_01/s0034/s0034_00462_0_0_1_0_0_02.png
s0018_04225_0_1_1_2_0_01.png,train,1,s0018,0,1,2,0,01,data/raw/mrlEyes_2018_01/s0018/s0018_04225_0_1_1_2_0_01.png
s0022_00176_0_0_1_0_1_01.png,train,1,s0022,0,0,0,1,01,data/raw/mrlEyes_2018_01/s0022/s0022_00176_0_0_1_0_1_01.png
s0014_08755_0_0_1_0_0_01.png,train,1,s0014,0,0,0,0,01,data/raw/mrlEyes_2018_01/s0014/s0014_08755_0_0_1_0_0_01.png
s0031_00155_1_0_0_2_1_02.png,train,0,s0031,1,0,2,1,02,data/raw/mrlEyes_2018_01/s0031/s0031_00155_1_0_0_2_1_02.png
s0013_01565_0_0_0_0_0_01.png,val,0,s0013,0,0,0,0,01,data/raw/mrlEyes_2018_01/s0013/s0013_01565_0_0_0_0_0_01.png
s0027_00494_0_1_1_1_0_01.png,val,1,s0027,0,1,1,0,01,data/raw/mrlEyes_2018_01/s0027/s0027_00494_0_1_1_1_0_01.png
s0029_00128_0_0_0_0_1_01.png,train,0,s0029,0,0,0,1,01,data/raw/mrlEyes_2018_01/s0029/s0029_00128_0_0_0_0_1_01.png
s0013_02431_0_1_0_0_0_01.png,val,0,s0013,0,1,0,0,01,data/raw/mrlEyes_2018_01/s0013/s0013_02431_0_1_0_0_0_01.png
s0012_03479_0_1_0_0_0_01.png,train,0,s0012,0,1,0,0,01,data/raw/mrlEyes_2018_01/s0012/s0012_03479_0_1_0_0_0_01.png
s0002_01048_0_0_1_0_0_01.png,train,1,s0002,0,0,0,0,01,data/raw/mrlEyes_2018_01/s0002/s0002_01048_0_0_1_0_0_01.png
s0017_01389_1_0_1_0_1_01.png,test,1,s0017,1,0,0,1,01,data/raw/mrlEyes_2018_01/s0017/s0017_01389_1_0_1_0_1_01.png
s0031_00796_1_0_1_0_1_02.png,train,1,s0031,1,0,0,1,02,data/raw/mrlEyes_2018_01/s0031/s0031_00796_1_0_1_0_1_02.png
s0007_00310_0_0_0_0_0_01.png,test,0,s0007,0,0,0,0,01,data/raw/mrlEyes_2018_01/s0007/s0007_00310_0_0_0_0_0_01.png
s0026_01056_0_0_1_0_1_01.png,val,1,s0026,0,0,0,1,01,data/raw/mrlEyes_2018_01/s0026/s0026_01056_0_0_1_0_1_01.png
s0013_03247_0_0_1_0_0_01.png,val,1,s0013,0,0,0,0,01,data/raw/mrlEyes_2018_01/s0013/s0013_03247_0_0_1_0_0_01.png
s0025_00423_0_0_1_0_0_01.png,train,1,s0025,0,0,0,0,01,data/raw/mrlEyes_2018_01/s0025/s0025_00423_0_0_1_0_0_01.png
s0014_05704_0_0_1_0_1_01.png,train,1,s0014,0,0,0,1,01,data/raw/mrlEyes_2018_01/s0014/s0014_05704_0_0_1_0_1_01.png
s0024_00363_0_0_1_0_0_01.png,train,1,s0024,0,0,0,0,01,data/raw/mrlEyes_2018_01/s0024/s0024_00363_0_0_1_0_0_01.png
s0017_01603_1_0_1_0_1_01.png,test,1,s0017,1,0,0,1,01,data/raw/mrlEyes_2018_01/s0017/s0017_01603_1_0_1_0_1_01.png
s0033_00072_0_0_0_0_0_01.png,test,0,s0033,0,0,0,0,01,data/raw/mrlEyes_2018_01/s0033/s0033_00072_0_0_0_0_0_01.png
s0003_00415_0_0_0_0_0_01.png,test,0,s0003,0,0,0,0,01,data/raw/mrlEyes_2018_01/s0003/s0003_00415_0_0_0_0_0_01.png
s0022_00163_0_0_1_0_1_01.png,train,1,s0022,0,0,0,1,01,data/raw/mrlEyes_2018_01/s0022/s0022_00163_0_0_1_0_1_01.png
s0031_00068_1_0_0_0_1_02.png,train,0,s0031,1,0,0,1,02,data/raw/mrlEyes_2018_01/s0031/s0031_00068_1_0_0_0_1_02.png
s0029_00155_0_0_0_0_1_01.png,train,0,s0029,0,0,0,1,01,data/raw/mrlEyes_2018_01/s0029/s0029_00155_0_0_0_0_1_01.png
s0016_01006_1_0_0_0_1_01.png,test,0,s0016,1,0,0,1,01,data/raw/mrlEyes_2018_01/s0016/s0016_01006_1_0_0_0_1_01.png
s0009_00307_0_0_0_0_0_01.png,test,0,s0009,0,0,0,0,01,data/raw/mrlEyes_2018_01/s0009/s0009_00307_0_0_0_0_0_01.png
s0033_00509_0_0_1_0_1_01.png,test,1,s0033,0,0,0,1,01,data/raw/mrlEyes_2018_01/s0033/s0033_00509_0_0_1_0_1_01.png
s0014_00035_0_0_0_0_0_01.png,train,0,s0014,0,0,0,0,01,data/raw/mrlEyes_2018_01/s0014/s0014_00035_0_0_0_0_0_01.png
s0016_00276_1_0_0_0_1_01.png,test,0,s0016,1,0,0,1,01,data/raw/mrlEyes_2018_01/s0016/s0016_00276_1_0_0_0_1_01.png
s0012_05858_0_0_1_2_1_03.png,train,1,s0012,0,0,2,1,03,data/raw/mrlEyes_2018_01/s0012/s0012_05858_0_0_1_2_1_03.png
s0019_02028_0_0_0_0_0_01.png,train,0,s0019,0,0,0,0,01,data/raw/mrlEyes_2018_01/s0019/s0019_02028_0_0_0_0_0_01.png
s0012_07455_0_0_1_1_1_01.png,train,1,s0012,0,0,1,1,01,data/raw/mrlEyes_2018_01/s0012/s0012_07455_0_0_1_1_1_01.png
s0016_01731_1_0_1_0_0_01.png,test,1,s0016,1,0,0,0,01,data/raw/mrlEyes_2018_01/s0016/s0016_01731_1_0_1_0_0_01.png
s0012_03370_0_1_0_0_0_01.png,train,0,s0012,0,1,0,0,01,data/raw/mrlEyes_2018_01/s0012/s0012_03370_0_1_0_0_0_01.png
s0009_00236_0_0_0_0_0_01.png,test,0,s0009,0,0,0,0,01,data/raw/mrlEyes_2018_01/s0009/s0009_00236_0_0_0_0_0_01.png
s0001_02722_0_1_1_2_0_01.png,val,1,s0001,0,1,2,0,01,data/raw/mrlEyes_2018_01/s0001/s0001_02722_0_1_1_2_0_01.png
s0015_01060_0_0_1_0_1_01.png,test,1,s0015,0,0,0,1,01,data/raw/mrlEyes_2018_01/s0015/s0015_01060_0_0_1_0_1_01.png
s0026_00099_0_0_0_0_0_01.png,val,0,s0026,0,0,0,0,01,data/raw/mrlEyes_2018_01/s0026/s0026_00099_0_0_0_0_0_01.png
s0020_00645_0_0_1_0_0_01.png,train,1,s0020,0,0,0,0,01,data/raw/mrlEyes_2018_01/s0020/s0020_00645_0_0_1_0_0_01.png
s0013_03175_0_0_1_0_0_01.png,val,1,s0013,0,0,0,0,01,data/raw/mrlEyes_2018_01/s0013/s0013_03175_0_0_1_0_0_01.png
s0001_01688_0_1_0_0_0_01.png,val,0,s0001,0,1,0,0,01,data/raw/mrlEyes_2018_01/s0001/s0001_01688_0_1_0_0_0_01.png
s0012_02898_0_1_0_2_1_01.png,train,0,s0012,0,1,2,1,01,data/raw/mrlEyes_2018_01/s0012/s0012_02898_0_1_0_2_1_01.png
s0025_01398_0_0_1_0_1_01.png,train,1,s0025,0,0,0,1,01,data/raw/mrlEyes_2018_01/s0025/s0025_01398_0_0_1_0_1_01.png
s0005_00648_0_0_0_0_0_01.png,val,0,s0005,0,0,0,0,01,data/raw/mrlEyes_2018_01/s0005/s0005_00648_0_0_0_0_0_01.png
s0024_00085_0_1_0_0_0_01.png,train,0,s0024,0,1,0,0,01,data/raw/mrlEyes_2018_01/s0024/s0024_00085_0_1_0_0_0_01.png
s0017_00373_1_0_0_0_1_01.png,test,0,s0017,1,0,0,1,01,data/raw/mrlEyes_2018_01/s0017/s0017_00373_1_0_0_0_1_01.png
s0002_00283_0_0_0_0_0_01.png,train,0,s0002,0,0,0,0,01,data/raw/mrlEyes_2018_01/s0002/s0002_00283_0_0_0_0_0_01.png
s0036_02549_1_0_1_0_1_01.png,train,1,s0036,1,0,0,1,01,data/raw/mrlEyes_2018_01/s0036/s0036_02549_1_0_1_0_1_01.png
s0026_00506_0_0_1_0_0_01.png,val,1,s0026,0,0,0,0,01,data/raw/mrlEyes_2018_01/s0026/s0026_00506_0_0_1_0_0_01.png
s0021_00857_0_1_1_1_0_01.png,train,1,s0021,0,1,1,0,01,data/raw/mrlEyes_2018_01/s0021/s0021_00857_0_1_1_1_0_01.png
s0018_03942_0_0_1_0_1_01.png,train,1,s0018,0,0,0,1,01,data/raw/mrlEyes_2018_01/s0018/s0018_03942_0_0_1_0_1_01.png
s0027_00062_0_1_0_2_0_01.png,val,0,s0027,0,1,2,0,01,data/raw/mrlEyes_2018_01/s0027/s0027_00062_0_1_0_2_0_01.png
s0015_00237_0_0_0_0_1_01.png,test,0,s0015,0,0,0,1,01,data/raw/mrlEyes_2018_01/s0015/s0015_00237_0_0_0_0_1_01.png
s0028_00668_0_1_1_0_0_01.png,train,1,s0028,0,1,0,0,01,data/raw/mrlEyes_2018_01/s0028/s0028_00668_0_1_1_0_0_01.png
s0024_00102_0_1_0_2_0_01.png,train,0,s0024,0,1,2,0,01,data/raw/mrlEyes_2018_01/s0024/s0024_00102_0_1_0_2_0_01.png
s0023_00436_0_0_1_0_1_01.png,train,1,s0023,0,0,0,1,01,data/raw/mrlEyes_2018_01/s0023/s0023_00436_0_0_1_0_1_01.png
s0012_08291_0_0_1_1_0_02.png,train,1,s0012,0,0,1,0,02,data/raw/mrlEyes_2018_01/s0012/s0012_08291_0_0_1_1_0_02.png
s0015_00981_0_0_1_0_1_01.png,test,1,s0015,0,0,0,1,01,data/raw/mrlEyes_2018_01/s0015/s0015_00981_0_0_1_0_1_01.png
s0021_00593_0_1_1_2_0_01.png,train,1,s0021,0,1,2,0,01,data/raw/mrlEyes_2018_01/s0021/s0021_00593_0_1_1_2_0_01.png
s0032_00051_0_0_0_0_1_02.png,test,0,s0032,0,0,0,1,02,data/raw/mrlEyes_2018_01/s0032/s0032_00051_0_0_0_0_1_02.png
s0031_01459_1_0_1_2_1_02.png,train,1,s0031,1,0,2,1,02,data/raw/mrlEyes_2018_01/s0031/s0031_01459_1_0_1_2_1_02.png
s0002_01057_0_0_1_0_0_01.png,train,1,s0002,0,0,0,0,01,data/raw/mrlEyes_2018_01/s0002/s0002_01057_0_0_1_0_0_01.png
s0014_05824_0_0_1_0_0_01.png,train,1,s0014,0,0,0,0,01,data/raw/mrlEyes_2018_01/s0014/s0014_05824_0_0_1_0_0_01.png
s0004_00252_0_0_0_0_0_01.png,val,0,s0004,0,0,0,0,01,data/raw/mrlEyes_2018_01/s0004/s0004_00252_0_0_0_0_0_01.png
s0008_00616_0_1_0_1_0_01.png,train,0,s0008,0,1,1,0,01,data/raw/mrlEyes_2018_01/s0008/s0008_00616_0_1_0_1_0_01.png
s0017_01370_1_0_1_0_0_01.png,test,1,s0017,1,0,0,0,01,data/raw/mrlEyes_2018_01/s0017/s0017_01370_1_0_1_0_0_01.png
s0023_00046_0_0_0_0_1_01.png,train,0,s0023,0,0,0,1,01,data/raw/mrlEyes_2018_01/s0023/s0023_00046_0_0_0_0_1_01.png
s0029_00077_0_0_0_0_1_01.png,train,0,s0029,0,0,0,1,01,data/raw/mrlEyes_2018_01/s0029/s0029_00077_0_0_0_0_1_01.png
s0022_00368_0_1_1_2_1_01.png,train,1,s0022,0,1,2,1,01,data/raw/mrlEyes_2018_01/s0022/s0022_00368_0_1_1_2_1_01.png
s0001_01962_0_0_1_0_0_01.png,val,1,s0001,0,0,0,0,01,data/raw/mrlEyes_2018_01/s0001/s0001_01962_0_0_1_0_0_01.png
s0025_01297_0_0_1_0_1_01.png,train,1,s0025,0,0,0,1,01,data/raw/mrlEyes_2018_01/s0025/s0025_01297_0_0_1_0_1_01.png
s0034_00283_0_0_1_0_0_02.png,train,1,s0034,0,0,0,0,02,data/raw/mrlEyes_2018_01/s0034/s0034_00283_0_0_1_0_0_02.png
s0036_05434_1_1_1_0_0_01.png,train,1,s0036,1,1,0,0,01,data/raw/mrlEyes_2018_01/s0036/s0036_05434_1_1_1_0_0_01.png
s0019_04391_0_0_1_0_0_01.png,train,1,s0019,0,0,0,0,01,data/raw/mrlEyes_2018_01/s0019/s0019_04391_0_0_1_0_0_01.png
s0031_00184_1_0_0_2_1_02.png,train,0,s0031,1,0,2,1,02,data/raw/mrlEyes_2018_01/s0031/s0031_00184_1_0_0_2_1_02.png
s0005_00731_0_0_1_0_0_01.png,val,1,s0005,0,0,0,0,01,data/raw/mrlEyes_2018_01/s0005/s0005_00731_0_0_1_0_0_01.png
s0009_00005_0_0_0_0_0_01.png,test,0,s0009,0,0,0,0,01,data/raw/mrlEyes_2018_01/s0009/s0009_00005_0_0_0_0_0_01.png
s0022_00091_0_1_0_2_1_01.png,train,0,s0022,0,1,2,1,01,data/raw/mrlEyes_2018_01/s0022/s0022_00091_0_1_0_2_1_01.png
s0002_01113_0_0_1_0_0_01.png,train,1,s0002,0,0,0,0,01,data/raw/mrlEyes_2018_01/s0002/s0002_01113_0_0_1_0_0_01.png
s0007_00133_0_0_0_0_1_01.png,test,0,s0007,0,0,0,1,01,data/raw/mrlEyes_2018_01/s0007/s0007_00133_0_0_0_0_1_01.png
s0011_01586_0_0_1_0_0_01.png,train,1,s0011,0,0,0,0,01,data/raw/mrlEyes_2018_01/s0011/s0011_01586_0_0_1_0_0_01.png
s0026_00322_0_0_0_0_0_01.png,val,0,s0026,0,0,0,0,01,data/raw/mrlEyes_2018_01/s0026/s0026_00322_0_0_0_0_0_01.png
s0032_00119_0_0_0_2_1_02.png,test,0,s0032,0,0,2,1,02,data/raw/mrlEyes_2018_01/s0032/s0032_00119_0_0_0_2_1_02.png
s0002_00422_0_0_0_0_1_01.png,train,0,s0002,0,0,0,1,01,data/raw/mrlEyes_2018_01/s0002/s0002_00422_0_0_0_0_1_01.png
s0013_00070_0_0_0_0_0_01.png,val,0,s0013,0,0,0,0,01,data/raw/mrlEyes_2018_01/s0013/s0013_00070_0_0_0_0_0_01.png
s0028_00239_0_0_1_0_0_01.png,train,1,s0028,0,0,0,0,01,data/raw/mrlEyes_2018_01/s0028/s0028_00239_0_0_1_0_0_01.png
s0036_00068_1_0_0_0_1_01.png,train,0,s0036,1,0,0,1,01,data/raw/mrlEyes_2018_01/s0036/s0036_00068_1_0_0_0_1_01.png
s0018_04393_0_1_1_2_0_01.png,train,1,s0018,0,1,2,0,01,data/raw/mrlEyes_2018_01/s0018/s0018_04393_0_1_1_2_0_01.png
s0024_00170_0_1_0_0_0_01.png,train,0,s0024,0,1,0,0,01,data/raw/mrlEyes_2018_01/s0024/s0024_00170_0_1_0_0_0_01.png
s0025_00732_0_0_1_0_0_01.png,train,1,s0025,0,0,0,0,01,data/raw/mrlEyes_2018_01/s0025/s0025_00732_0_0_1_0_0_01.png
s0024_00134_0_1_0_0_0_01.png,train,0,s0024,0,1,0,0,01,data/raw/mrlEyes_2018_01/s0024/s0024_00134_0_1_0_0_0_01.png
s0020_00297_0_0_1_0_0_01.png,train,1,s0020,0,0,0,0,01,data/raw/mrlEyes_2018_01/s0020/s0020_00297_0_0_1_0_0_01.png
s0036_04086_1_0_1_0_1_01.png,train,1,s0036,1,0,0,1,01,data/raw/mrlEyes_2018_01/s0036/s0036_04086_1_0_1_0_1_01.png
s0001_03112_0_1_1_2_0_01.png,val,1,s0001,0,1,2,0,01,data/raw/mrlEyes_2018_01/s0001/s0001_03112_0_1_1_2_0_01.png
s0024_00099_0_1_0_2_0_01.png,train,0,s0024,0,1,2,0,01,data/raw/mrlEyes_2018_01/s0024/s0024_00099_0_1_0_2_0_01.png
s0031_00898_1_0_1_1_1_02.png,train,1,s0031,1,0,1,1,02,data/raw/mrlEyes_2018_01/s0031/s0031_00898_1_0_1_1_1_02.png
s0009_00376_0_0_1_0_0_01.png,test,1,s0009,0,0,0,0,01,data/raw/mrlEyes_2018_01/s0009/s0009_00376_0_0_1_0_0_01.png
s0007_00416_0_0_0_0_0_01.png,test,0,s0007,0,0,0,0,01,data/raw/mrlEyes_2018_01/s0007/s0007_00416_0_0_0_0_0_01.png
s0037_06786_1_0_1_0_0_01.png,train,1,s0037,1,0,0,0,01,data/raw/mrlEyes_2018_01/s0037/s0037_06786_1_0_1_0_0_01.png
s0020_00675_0_0_1_0_1_01.png,train,1,s0020,0,0,0,1,01,data/raw/mrlEyes_2018_01/s0020/s0020_00675_0_0_1_0_1_01.png
s0028_00436_0_1_1_0_0_01.png,train,1,s0028,0,1,0,0,01,data/raw/mrlEyes_2018_01/s0028/s0028_00436_0_1_1_0_0_01.png
s0003_00064_0_0_0_0_0_01.png,test,0,s0003,0,0,0,0,01,data/raw/mrlEyes_2018_01/s0003/s0003_00064_0_0_0_0_0_01.png
s0011_00293_0_0_0_0_0_01.png,train,0,s0011,0,0,0,0,01,data/raw/mrlEyes_2018_01/s0011/s0011_00293_0_0_0_0_0_01.png
s0001_00054_0_0_0_0_0_01.png,val,0,s0001,0,0,0,0,01,data/raw/mrlEyes_2018_01/s0001/s0001_00054_0_0_0_0_0_01.png
s0029_00918_0_0_1_0_1_01.png,train,1,s0029,0,0,0,1,01,data/raw/mrlEyes_2018_01/s0029/s0029_00918_0_0_1_0_1_01.png
s0030_01137_0_0_1_0_1_01.png,val,1,s0030,0,0,0,1,01,data/raw/mrlEyes_2018_01/s0030/s0030_01137_0_0_1_0_1_01.png
s0022_00175_0_0_1_0_1_01.png,train,1,s0022,0,0,0,1,01,data/raw/mrlEyes_2018_01/s0022/s0022_00175_0_0_1_0_1_01.png
s0018_02639_0_1_0_0_0_01.png,train,0,s0018,0,1,0,0,01,data/raw/mrlEyes_2018_01/s0018/s0018_02639_0_1_0_0_0_01.png
s0020_00474_0_0_1_0_1_01.png,train,1,s0020,0,0,0,1,01,data/raw/mrlEyes_2018_01/s0020/s0020_00474_0_0_1_0_1_01.png
s0011_01500_0_0_0_0_0_01.png,train,0,s0011,0,0,0,0,01,data/raw/mrlEyes_2018_01/s0011/s0011_01500_0_0_0_0_0_01.png
s0028_00097_0_0_1_0_0_01.png,train,1,s0028,0,0,0,0,01,data/raw/mrlEyes_2018_01/s0028/s0028_00097_0_0_1_0_0_01.png
s0020_00587_0_0_1_0_1_01.png,train,1,s0020,0,0,0,1,01,data/raw/mrlEyes_2018_01/s0020/s0020_00587_0_0_1_0_1_01.png
s0022_00142_0_0_1_0_1_01.png,train,1,s0022,0,0,0,1,01,data/raw/mrlEyes_2018_01/s0022/s0022_00142_0_0_1_0_1_01.png
s0017_01574_1_0_1_0_1_01.png,test,1,s0017,1,0,0,1,01,data/raw/mrlEyes_2018_01/s0017/s0017_01574_1_0_1_0_1_01.png
s0024_00443_0_0_1_0_0_01.png,train,1,s0024,0,0,0,0,01,data/raw/mrlEyes_2018_01/s0024/s0024_00443_0_0_1_0_0_01.png
s0023_00028_0_0_0_0_1_01.png,train,0,s0023,0,0,0,1,01,data/raw/mrlEyes_2018_01/s0023/s0023_00028_0_0_0_0_1_01.png
s0014_04033_0_0_1_0_0_01.png,train,1,s0014,0,0,0,0,01,data/raw/mrlEyes_2018_01/s0014/s0014_04033_0_0_1_0_0_01.png
s0013_03472_0_1_1_1_0_01.png,val,1,s0013,0,1,1,0,01,data/raw/mrlEyes_2018_01/s0013/s0013_03472_0_1_1_1_0_01.png
s0019_01779_0_0_0_0_1_01.png,train,0,s0019,0,0,0,1,01,data/raw/mrlEyes_2018_01/s0019/s0019_01779_0_0_0_0_1_01.png
s0018_01084_0_0_0_0_1_01.png,train,0,s0018,0,0,0,1,01,data/raw/mrlEyes_2018_01/s0018/s0018_01084_0_0_0_0_1_01.png
s0026_00790_0_0_1_0_0_01.png,val,1,s0026,0,0,0,0,01,data/raw/mrlEyes_2018_01/s0026/s0026_00790_0_0_1_0_0_01.png
s0022_00350_0_1_1_2_1_01.png,train,1,s0022,0,1,2,1,01,data/raw/mrlEyes_2018_01/s0022/s0022_00350_0_1_1_2_1_01.png
s0022_00351_0_1_1_2_1_01.png,train,1,s0022,0,1,2,1,01,data/raw/mrlEyes_2018_01/s0022/s0022_00351_0_1_1_2_1_01.png
s0007_00598_0_0_0_0_0_01.png,test,0,s0007,0,0,0,0,01,data/raw/mrlEyes_2018_01/s0007/s0007_00598_0_0_0_0_0_01.png
s0023_00053_0_0_0_0_1_01.png,train,0,s0023,0,0,0,1,01,data/raw/mrlEyes_2018_01/s0023/s0023_00053_0_0_0_0_1_01.png
s0011_01555_0_0_1_0_0_01.png,train,1,s0011,0,0,0,0,01,data/raw/mrlEyes_2018_01/s0011/s0011_01555_0_0_1_0_0_01.png
s0018_03336_0_1_0_0_1_01.png,train,0,s0018,0,1,0,1,01,data/raw/mrlEyes_2018_01/s0018/s0018_03336_0_1_0_0_1_01.png
s0030_00995_0_0_1_0_0_01.png,val,1,s0030,0,0,0,0,01,data/raw/mrlEyes_2018_01/s0030/s0030_00995_0_0_1_0_0_01.png
s0014_07753_0_0_1_1_1_02.png,train,1,s0014,0,0,1,1,02,data/raw/mrlEyes_2018_01/s0014/s0014_07753_0_0_1_1_1_02.png
s0036_00018_1_0_0_0_1_01.png,train,0,s0036,1,0,0,1,01,data/raw/mrlEyes_2018_01/s0036/s0036_00018_1_0_0_0_1_01.png
s0001_01863_0_0_1_0_0_01.png,val,1,s0001,0,0,0,0,01,data/raw/mrlEyes_2018_01/s0001/s0001_01863_0_0_1_0_0_01.png
s0015_01017_0_0_1_0_0_01.png,test,1,s0015,0,0,0,0,01,data/raw/mrlEyes_2018_01/s0015/s0015_01017_0_0_1_0_0_01.png
s0036_03921_1_0_1_0_0_01.png,train,1,s0036,1,0,0,0,01,data/raw/mrlEyes_2018_01/s0036/s0036_03921_1_0_1_0_0_01.png
s0023_00169_0_0_1_0_1_01.png,train,1,s0023,0,0,0,1,01,data/raw/mrlEyes_2018_01/s0023/s0023_00169_0_0_1_0_1_01.png
s0022_00319_0_1_1_2_1_01.png,train,1,s0022,0,1,2,1,01,data/raw/mrlEyes_2018_01/s0022/s0022_00319_0_1_1_2_1_01.png
s0026_00433_0_0_1_0_0_01.png,val,1,s0026,0,0,0,0,01,data/raw/mrlEyes_2018_01/s0026/s0026_00433_0_0_1_0_0_01.png
s0033_00130_0_0_1_0_1_01.png,test,1,s0033,0,0,0,1,01,data/raw/mrlEyes_2018_01/s0033/s0033_00130_0_0_1_0_1_01.png
s0001_00331_0_0_0_0_1_01.png,val,0,s0001,0,0,0,1,01,data/raw/mrlEyes_2018_01/s0001/s0001_00331_0_0_0_0_1_01.png
s0021_00015_0_0_0_0_0_01.png,train,0,s0021,0,0,0,0,01,data/raw/mrlEyes_2018_01/s0021/s0021_00015_0_0_0_0_0_01.png
s0032_00068_0_0_0_0_1_02.png,test,0,s0032,0,0,0,1,02,data/raw/mrlEyes_2018_01/s0032/s0032_00068_0_0_0_0_1_02.png
s0003_00166_0_0_0_0_0_01.png,test,0,s0003,0,0,0,0,01,data/raw/mrlEyes_2018_01/s0003/s0003_00166_0_0_0_0_0_01.png
s0012_05715_0_0_1_0_0_03.png,train,1,s0012,0,0,0,0,03,data/raw/mrlEyes_2018_01/s0012/s0012_05715_0_0_1_0_0_03.png
s0022_00292_0_1_1_2_1_01.png,train,1,s0022,0,1,2,1,01,data/raw/mrlEyes_2018_01/s0022/s0022_00292_0_1_1_2_1_01.png
s0002_00340_0_0_0_0_0_01.png,train,0,s0002,0,0,0,0,01,data/raw/mrlEyes_2018_01/s0002/s0002_00340_0_0_0_0_0_01.png
s0034_00399_0_0_1_0_0_02.png,train,1,s0034,0,0,0,0,02,data/raw/mrlEyes_2018_01/s0034/s0034_00399_0_0_1_0_0_02.png
s0035_00299_0_1_1_0_0_02.png,train,1,s0035,0,1,0,0,02,data/raw/mrlEyes_2018_01/s0035/s0035_00299_0_1_1_0_0_02.png
s0033_00022_0_0_0_0_1_01.png,test,0,s0033,0,0,0,1,01,data/raw/mrlEyes_2018_01/s0033/s0033_00022_0_0_0_0_1_01.png
s0014_06327_0_0_1_0_1_01.png,train,1,s0014,0,0,0,1,01,data/raw/mrlEyes_2018_01/s0014/s0014_06327_0_0_1_0_1_01.png
s0031_01734_1_0_1_0_1_02.png,train,1,s0031,1,0,0,1,02,data/raw/mrlEyes_2018_01/s0031/s0031_01734_1_0_1_0_1_02.png
s0036_02506_1_0_1_0_0_01.png,train,1,s0036,1,0,0,0,01,data/raw/mrlEyes_2018_01/s0036/s0036_02506_1_0_1_0_0_01.png
s0015_00815_0_0_1_0_1_01.png,test,1,s0015,0,0,0,1,01,data/raw/mrlEyes_2018_01/s0015/s0015_00815_0_0_1_0_1_01.png
s0031_00868_1_0_1_0_1_02.png,train,1,s0031,1,0,0,1,02,data/raw/mrlEyes_2018_01/s0031/s0031_00868_1_0_1_0_1_02.png
s0036_04248_1_0_1_0_0_01.png,train,1,s0036,1,0,0,0,01,data/raw/mrlEyes_2018_01/s0036/s0036_04248_1_0_1_0_0_01.png
s0007_00577_0_0_0_0_0_01.png,test,0,s0007,0,0,0,0,01,data/raw/mrlEyes_2018_01/s0007/s0007_00577_0_0_0_0_0_01.png
s0031_00153_1_0_0_2_1_02.png,train,0,s0031,1,0,2,1,02,data/raw/mrlEyes_2018_01/s0031/s0031_00153_1_0_0_2_1_02.png
s0003_00625_0_0_1_0_0_01.png,test,1,s0003,0,0,0,0,01,data/raw/mrlEyes_2018_01/s0003/s0003_00625_0_0_1_0_0_01.png
s0002_01112_0_0_1_0_0_01.png,train,1,s0002,0,0,0,0,01,data/raw/mrlEyes_2018_01/s0002/s0002_01112_0_0_1_0_0_01.png
s0016_01888_1_0_1_0_0_01.png,test,1,s0016,1,0,0,0,01,data/raw/mrlEyes_2018_01/s0016/s0016_01888_1_0_1_0_0_01.png
s0035_00291_0_1_1_0_0_02.png,train,1,s0035,0,1,0,0,02,data/raw/mrlEyes_2018_01/s0035/s0035_00291_0_1_1_0_0_02.png
s0035_00069_0_1_1_0_1_02.png,train,1,s0035,0,1,0,1,02,data/raw/mrlEyes_2018_01/s0035/s0035_00069_0_1_1_0_1_02.png
s0010_00209_0_0_0_0_0_01.png,train,0,s0010,0,0,0,0,01,data/raw/mrlEyes_2018_01/s0010/s0010_00209_0_0_0_0_0_01.png
s0037_09594_1_1_1_0_0_01.png,train,1,s0037,1,1,0,0,01,data/raw/mrlEyes_2018_01/s0037/s0037_09594_1_1_1_0_0_01.png
s0002_00044_0_0_0_0_0_01.png,train,0,s0002,0,0,0,0,01,data/raw/mrlEyes_2018_01/s0002/s0002_00044_0_0_0_0_0_01.png
s0014_02466_0_0_0_1_1_03.png,train,0,s0014,0,0,1,1,03,data/raw/mrlEyes_2018_01/s0014/s0014_02466_0_0_0_1_1_03.png
s0025_00903_0_0_1_0_0_01.png,train,1,s0025,0,0,0,0,01,data/raw/mrlEyes_2018_01/s0025/s0025_00903_0_0_1_0_0_01.png
s0029_00170_0_0_0_0_1_01.png,train,0,s0029,0,0,0,1,01,data/raw/mrlEyes_2018_01/s0029/s0029_00170_0_0_0_0_1_01.png
s0032_03702_0_0_1_0_0_02.png,test,1,s0032,0,0,0,0,02,data/raw/mrlEyes_2018_01/s0032/s0032_03702_0_0_1_0_0_02.png
s0010_00241_0_0_0_0_0_01.png,train,0,s0010,0,0,0,0,01,data/raw/mrlEyes_2018_01/s0010/s0010_00241_0_0_0_0_0_01.png
s0026_00092_0_0_0_0_0_01.png,val,0,s0026,0,0,0,0,01,data/raw/mrlEyes_2018_01/s0026/s0026_00092_0_0_0_0_0_01.png
s0017_01225_1_0_0_0_0_01.png,test,0,s0017,1,0,0,0,01,data/raw/mrlEyes_2018_01/s0017/s0017_01225_1_0_0_0_0_01.png
s0037_02313_1_0_0_0_0_01.png,train,0,s0037,1,0,0,0,01,data/raw/mrlEyes_2018_01/s0037/s0037_02313_1_0_0_0_0_01.png
s0006_00361_0_1_0_0_0_01.png,train,0,s0006,0,1,0,0,01,data/raw/mrlEyes_2018_01/s0006/s0006_00361_0_1_0_0_0_01.png
s0027_00011_0_0_0_0_0_01.png,val,0,s0027,0,0,0,0,01,data/raw/mrlEyes_2018_01/s0027/s0027_00011_0_0_0_0_0_01.png
s0014_00375_0_0_0_0_0_01.png,train,0,s0014,0,0,0,0,01,data/raw/mrlEyes_2018_01/s0014/s0014_00375_0_0_0_0_0_01.png
s0035_00420_0_1_1_0_1_02.png,train,1,s0035,0,1,0,1,02,data/raw/mrlEyes_2018_01/s0035/s0035_00420_0_1_1_0_1_02.png
s0009_00158_0_0_0_0_0_01.png,test,0,s0009,0,0,0,0,01,data/raw/mrlEyes_2018_01/s0009/s0009_00158_0_0_0_0_0_01.png
s0010_00343_0_0_1_0_0_01.png,train,1,s0010,0,0,0,0,01,data/raw/mrlEyes_2018_01/s0010/s0010_00343_0_0_1_0_0_01.png
s0001_01578_0_1_0_0_0_01.png,val,0,s0001,0,1,0,0,01,data/raw/mrlEyes_2018_01/s0001/s0001_01578_0_1_0_0_0_01.png
s0014_06505_0_1_1_2_1_01.png,train,1,s0014,0,1,2,1,01,data/raw/mrlEyes_2018_01/s0014/s0014_06505_0_1_1_2_1_01.png
s0016_01877_1_0_1_0_0_01.png,test,1,s0016,1,0,0,0,01,data/raw/mrlEyes_2018_01/s0016/s0016_01877_1_0_1_0_0_01.png
s0028_00011_0_1_0_0_0_01.png,train,0,s0028,0,1,0,0,01,data/raw/mrlEyes_2018_01/s0028/s0028_00011_0_1_0_0_0_01.png
s0037_06089_1_0_1_0_0_01.png,train,1,s0037,1,0,0,0,01,data/raw/mrlEyes_2018_01/s0037/s0037_06089_1_0_1_0_0_01.png
s0011_01537_0_0_1_0_0_01.png,train,1,s0011,0,0,0,0,01,data/raw/mrlEyes_2018_01/s0011/s0011_01537_0_0_1_0_0_01.png
s0014_05818_0_0_1_0_0_01.png,train,1,s0014,0,0,0,0,01,data/raw/mrlEyes_2018_01/s0014/s0014_05818_0_0_1_0_0_01.png
s0015_00160_0_0_0_0_1_01.png,test,0,s0015,0,0,0,1,01,data/raw/mrlEyes_2018_01/s0015/s0015_00160_0_0_0_0_1_01.png
s0031_01325_1_0_1_2_1_02.png,train,1,s0031,1,0,2,1,02,data/raw/mrlEyes_2018_01/s0031/s0031_01325_1_0_1_2_1_02.png
s0023_00191_0_0_1_0_1_01.png,train,1,s0023,0,0,0,1,01,data/raw/mrlEyes_2018_01/s0023/s0023_00191_0_0_1_0_1_01.png
s0029_00144_0_0_0_0_1_01.png,train,0,s0029,0,0,0,1,01,data/raw/mrlEyes_2018_01/s0029/s0029_00144_0_0_0_0_1_01.png
s0011_01595_0_0_1_0_0_01.png,train,1,s0011,0,0,0,0,01,data/raw/mrlEyes_2018_01/s0011/s0011_01595_0_0_1_0_0_01.png
s0025_00831_0_0_1_0_1_01.png,train,1,s0025,0,0,0,1,01,data/raw/mrlEyes_2018_01/s0025/s0025_00831_0_0_1_0_1_01.png
s0021_00104_0_1_0_0_0_01.png,train,0,s0021,0,1,0,0,01,data/raw/mrlEyes_2018_01/s0021/s0021_00104_0_1_0_0_0_01.png
s0004_00153_0_0_0_0_0_01.png,val,0,s0004,0,0,0,0,01,data/raw/mrlEyes_2018_01/s0004/s0004_00153_0_0_0_0_0_01.png
s0009_00066_0_0_0_0_0_01.png,test,0,s0009,0,0,0,0,01,data/raw/mrlEyes_2018_01/s0009/s0009_00066_0_0_0_0_0_01.png
s0027_00487_0_1_1_0_0_01.png,val,1,s0027,0,1,0,0,01,data/raw/mrlEyes_2018_01/s0027/s0027_00487_0_1_1_0_0_01.png
s0011_01577_0_0_1_0_0_01.png,train,1,s0011,0,0,0,0,01,data/raw/mrlEyes_2018_01/s0011/s0011_01577_0_0_1_0_0_01.png
s0012_05124_0_0_1_2_1_03.png,train,1,s0012,0,0,2,1,03,data/raw/mrlEyes_2018_01/s0012/s0012_05124_0_0_1_2_1_03.png
s0002_00786_0_0_0_0_0_01.png,train,0,s0002,0,0,0,0,01,data/raw/mrlEyes_2018_01/s0002/s0002_00786_0_0_0_0_0_01.png
s0024_00100_0_1_0_2_0_01.png,train,0,s0024,0,1,2,0,01,data/raw/mrlEyes_2018_01/s0024/s0024_00100_0_1_0_2_0_01.png
s0032_03971_0_0_1_0_0_02.png,test,1,s0032,0,0,0,0,02,data/raw/mrlEyes_2018_01/s0032/s0032_03971_0_0_1_0_0_02.png
s0013_03335_0_0_1_0_0_01.png,val,1,s0013,0,0,0,0,01,data/raw/mrlEyes_2018_01/s0013/s0013_03335_0_0_1_0_0_01.png
s0031_00863_1_0_1_0_1_02.png,train,1,s0031,1,0,0,1,02,data/raw/mrlEyes_2018_01/s0031/s0031_00863_1_0_1_0_1_02.png
s0031_00978_1_0_1_1_1_02.png,train,1,s0031,1,0,1,1,02,data/raw/mrlEyes_2018_01/s0031/s0031_00978_1_0_1_1_1_02.png
s0007_00614_0_0_1_0_0_01.png,test,1,s0007,0,0,0,0,01,data/raw/mrlEyes_2018_01/s0007/s0007_00614_0_0_1_0_0_01.png
s0026_00621_0_0_1_0_0_01.png,val,1,s0026,0,0,0,0,01,data/raw/mrlEyes_2018_01/s0026/s0026_00621_0_0_1_0_0_01.png
s0010_00158_0_0_0_0_0_01.png,train,0,s0010,0,0,0,0,01,data/raw/mrlEyes_2018_01/s0010/s0010_00158_0_0_0_0_0_01.png
s0021_00926_0_1_1_0_0_01.png,train,1,s0021,0,1,0,0,01,data/raw/mrlEyes_2018_01/s0021/s0021_00926_0_1_1_0_0_01.png
s0013_01331_0_0_0_0_0_01.png,val,0,s0013,0,0,0,0,01,data/raw/mrlEyes_2018_01/s0013/s0013_01331_0_0_0_0_0_01.png
s0037_01375_1_0_0_0_1_01.png,train,0,s0037,1,0,0,1,01,data/raw/mrlEyes_2018_01/s0037/s0037_01375_1_0_0_0_1_01.png
s0035_00143_0_1_1_0_0_02.png,train,1,s0035,0,1,0,0,02,data/raw/mrlEyes_2018_01/s0035/s0035_00143_0_1_1_0_0_02.png
s0034_00167_0_0_1_0_0_02.png,train,1,s0034,0,0,0,0,02,data/raw/mrlEyes_2018_01/s0034/s0034_00167_0_0_1_0_0_02.png
s0006_00472_0_1_0_0_0_01.png,train,0,s0006,0,1,0,0,01,data/raw/mrlEyes_2018_01/s0006/s0006_00472_0_1_0_0_0_01.png
s0026_00809_0_0_1_0_0_01.png,val,1,s0026,0,0,0,0,01,data/raw/mrlEyes_2018_01/s0026/s0026_00809_0_0_1_0_0_01.png
s0001_01531_0_1_0_0_0_01.png,val,0,s0001,0,1,0,0,01,data/raw/mrlEyes_2018_01/s0001/s0001_01531_0_1_0_0_0_01.png
s0028_00465_0_1_1_0_0_01.png,train,1,s0028,0,1,0,0,01,data/raw/mrlEyes_2018_01/s0028/s0028_00465_0_1_1_0_0_01.png
s0001_02298_0_0_1_0_0_01.png,val,1,s0001,0,0,0,0,01,data/raw/mrlEyes_2018_01/s0001/s0001_02298_0_0_1_0_0_01.png
s0033_00103_0_0_0_0_1_01.png,test,0,s0033,0,0,0,1,01,data/raw/mrlEyes_2018_01/s0033/s0033_00103_0_0_0_0_1_01.png
s0012_01485_0_0_0_0_1_01.png,train,0,s0012,0,0,0,1,01,data/raw/mrlEyes_2018_01/s0012/s0012_01485_0_0_0_0_1_01.png
s0011_01126_0_0_0_0_0_01.png,train,0,s0011,0,0,0,0,01,data/raw/mrlEyes_2018_01/s0011/s0011_01126_0_0_0_0_0_01.png
s0026_00196_0_0_0_0_0_01.png,val,0,s0026,0,0,0,0,01,data/raw/mrlEyes_2018_01/s0026/s0026_00196_0_0_0_0_0_01.png
s0011_01522_0_0_1_0_0_01.png,train,1,s0011,0,0,0,0,01,data/raw/mrlEyes_2018_01/s0011/s0011_01522_0_0_1_0_0_01.png
s0021_00034_0_0_0_0_0_01.png,train,0,s0021,0,0,0,0,01,data/raw/mrlEyes_2018_01/s0021/s0021_00034_0_0_0_0_0_01.png
s0023_00037_0_0_0_0_1_01.png,train,0,s0023,0,0,0,1,01,data/raw/mrlEyes_2018_01/s0023/s0023_00037_0_0_0_0_1_01.png
s0010_00369_0_0_1_0_0_01.png,train,1,s0010,0,0,0,0,01,data/raw/mrlEyes_2018_01/s0010/s0010_00369_0_0_1_0_0_01.png
s0004_00540_0_0_0_0_1_01.png,val,0,s0004,0,0,0,1,01,data/raw/mrlEyes_2018_01/s0004/s0004_00540_0_0_0_0_1_01.png
s0031_00502_1_0_1_0_0_02.png,train,1,s0031,1,0,0,0,02,data/raw/mrlEyes_2018_01/s0031/s0031_00502_1_0_1_0_0_02.png
s0011_01055_0_0_0_0_0_01.png,train,0,s0011,0,0,0,0,01,data/raw/mrlEyes_2018_01/s0011/s0011_01055_0_0_0_0_0_01.png
s0027_00640_0_1_1_2_0_01.png,val,1,s0027,0,1,2,0,01,data/raw/mrlEyes_2018_01/s0027/s0027_00640_0_1_1_2_0_01.png
s0014_00815_0_0_0_0_1_01.png,train,0,s0014,0,0,0,1,01,data/raw/mrlEyes_2018_01/s0014/s0014_00815_0_0_0_0_1_01.png
s0017_01563_1_0_1_0_1_01.png,test,1,s0017,1,0,0,1,01,data/raw/mrlEyes_2018_01/s0017/s0017_01563_1_0_1_0_1_01.png
s0009_00174_0_0_0_0_0_01.png,test,0,s0009,0,0,0,0,01,data/raw/mrlEyes_2018_01/s0009/s0009_00174_0_0_0_0_0_01.png
s0017_00382_1_0_0_0_1_01.png,test,0,s0017,1,0,0,1,01,data/raw/mrlEyes_2018_01/s0017/s0017_00382_1_0_0_0_1_01.png
s0002_01050_0_0_1_0_0_01.png,train,1,s0002,0,0,0,0,01,data/raw/mrlEyes_2018_01/s0002/s0002_01050_0_0_1_0_0_01.png
s0031_00770_1_0_1_0_1_02.png,train,1,s0031,1,0,0,1,02,data/raw/mrlEyes_2018_01/s0031/s0031_00770_1_0_1_0_1_02.png
s0032_02721_0_1_1_2_1_02.png,test,1,s0032,0,1,2,1,02,data/raw/mrlEyes_2018_01/s0032/s0032_02721_0_1_1_2_1_02.png
s0012_04008_0_1_0_2_0_01.png,train,0,s0012,0,1,2,0,01,data/raw/mrlEyes_2018_01/s0012/s0012_04008_0_1_0_2_0_01.png
s0013_03180_0_0_1_0_0_01.png,val,1,s0013,0,0,0,0,01,data/raw/mrlEyes_2018_01/s0013/s0013_03180_0_0_1_0_0_01.png
s0003_00561_0_0_1_0_0_01.png,test,1,s0003,0,0,0,0,01,data/raw/mrlEyes_2018_01/s0003/s0003_00561_0_0_1_0_0_01.png
s0005_00335_0_0_0_0_0_01.png,val,0,s0005,0,0,0,0,01,data/raw/mrlEyes_2018_01/s0005/s0005_00335_0_0_0_0_0_01.png
s0030_00676_0_0_1_0_0_01.png,val,1,s0030,0,0,0,0,01,data/raw/mrlEyes_2018_01/s0030/s0030_00676_0_0_1_0_0_01.png
s0031_01118_1_0_1_2_1_02.png,train,1,s0031,1,0,2,1,02,data/raw/mrlEyes_2018_01/s0031/s0031_01118_1_0_1_2_1_02.png
s0033_00091_0_0_0_0_1_01.png,test,0,s0033,0,0,0,1,01,data/raw/mrlEyes_2018_01/s0033/s0033_00091_0_0_0_0_1_01.png
s0012_05096_0_0_1_2_1_03.png,train,1,s0012,0,0,2,1,03,data/raw/mrlEyes_2018_01/s0012/s0012_05096_0_0_1_2_1_03.png
s0018_03838_0_0_1_0_0_01.png,train,1,s0018,0,0,0,0,01,data/raw/mrlEyes_2018_01/s0018/s0018_03838_0_0_1_0_0_01.png
s0010_00266_0_0_0_0_0_01.png,train,0,s0010,0,0,0,0,01,data/raw/mrlEyes_2018_01/s0010/s0010_00266_0_0_0_0_0_01.png
s0001_02565_0_1_1_2_1_01.png,val,1,s0001,0,1,2,1,01,data/raw/mrlEyes_2018_01/s0001/s0001_02565_0_1_1_2_1_01.png
s0027_00576_0_1_1_2_0_01.png,val,1,s0027,0,1,2,0,01,data/raw/mrlEyes_2018_01/s0027/s0027_00576_0_1_1_2_0_01.png
s0030_00409_0_0_1_0_1_01.png,val,1,s0030,0,0,0,1,01,data/raw/mrlEyes_2018_01/s0030/s0030_00409_0_0_1_0_1_01.png
s0016_01814_1_0_1_0_0_01.png,test,1,s0016,1,0,0,0,01,data/raw/mrlEyes_2018_01/s0016/s0016_01814_1_0_1_0_0_01.png
s0013_03289_0_0_1_0_0_01.png,val,1,s0013,0,0,0,0,01,data/raw/mrlEyes_2018_01/s0013/s0013_03289_0_0_1_0_0_01.png
s0001_00804_0_0_0_0_0_01.png,val,0,s0001,0,0,0,0,01,data/raw/mrlEyes_2018_01/s0001/s0001_00804_0_0_0_0_0_01.png
s0021_00549_0_1_1_2_0_01.png,train,1,s0021,0,1,2,0,01,data/raw/mrlEyes_2018_01/s0021/s0021_00549_0_1_1_2_0_01.png
s0018_04175_0_1_1_2_1_01.png,train,1,s0018,0,1,2,1,01,data/raw/mrlEyes_2018_01/s0018/s0018_04175_0_1_1_2_1_01.png
s0019_02596_0_0_0_0_0_01.png,train,0,s0019,0,0,0,0,01,data/raw/mrlEyes_2018_01/s0019/s0019_02596_0_0_0_0_0_01.png
s0018_04284_0_1_1_2_0_01.png,train,1,s0018,0,1,2,0,01,data/raw/mrlEyes_2018_01/s0018/s0018_04284_0_1_1_2_0_01.png
s0007_00507_0_0_0_0_0_01.png,test,0,s0007,0,0,0,0,01,data/raw/mrlEyes_2018_01/s0007/s0007_00507_0_0_0_0_0_01.png
s0029_00322_0_0_1_0_0_01.png,train,1,s0029,0,0,0,0,01,data/raw/mrlEyes_2018_01/s0029/s0029_00322_0_0_1_0_0_01.png
s0036_01115_1_1_0_2_0_01.png,train,0,s0036,1,1,2,0,01,data/raw/mrlEyes_2018_01/s0036/s0036_01115_1_1_0_2_0_01.png
s0022_00018_0_0_0_0_1_01.png,train,0,s0022,0,0,0,1,01,data/raw/mrlEyes_2018_01/s0022/s0022_00018_0_0_0_0_1_01.png
s0016_01774_1_0_1_0_1_01.png,test,1,s0016,1,0,0,1,01,data/raw/mrlEyes_2018_01/s0016/s0016_01774_1_0_1_0_1_01.png
s0020_00242_0_0_1_0_1_01.png,train,1,s0020,0,0,0,1,01,data/raw/mrlEyes_2018_01/s0020/s0020_00242_0_0_1_0_1_01.png
s0035_00548_0_1_1_0_0_02.png,train,1,s0035,0,1,0,0,02,data/raw/mrlEyes_2018_01/s0035/s0035_00548_0_1_1_0_0_02.png
s0025_00030_0_0_0_0_1_01.png,train,0,s0025,0,0,0,1,01,data/raw/mrlEyes_2018_01/s0025/s0025_00030_0_0_0_0_1_01.png
s0025_00629_0_0_1_0_0_01.png,train,1,s0025,0,0,0,0,01,data/raw/mrlEyes_2018_01/s0025/s0025_00629_0_0_1_0_0_01.png
s0014_01342_0_0_0_0_0_01.png,train,0,s0014,0,0,0,0,01,data/raw/mrlEyes_2018_01/s0014/s0014_01342_0_0_0_0_0_01.png
s0020_00165_0_0_1_0_1_01.png,train,1,s0020,0,0,0,1,01,data/raw/mrlEyes_2018_01/s0020/s0020_00165_0_0_1_0_1_01.png
s0009_00313_0_0_0_0_0_01.png,test,0,s0009,0,0,0,0,01,data/raw/mrlEyes_2018_01/s0009/s0009_00313_0_0_0_0_0_01.png
s0019_05820_0_0_1_0_0_01.png,train,1,s0019,0,0,0,0,01,data/raw/mrlEyes_2018_01/s0019/s0019_05820_0_0_1_0_0_01.png
s0031_00453_1_0_1_1_1_02.png,train,1,s0031,1,0,1,1,02,data/raw/mrlEyes_2018_01/s0031/s0031_00453_1_0_1_1_1_02.png
s0026_00343_0_0_0_0_1_01.png,val,0,s0026,0,0,0,1,01,data/raw/mrlEyes_2018_01/s0026/s0026_00343_0_0_0_0_1_01.png
s0011_00289_0_0_0_0_0_01.png,train,0,s0011,0,0,0,0,01,data/raw/mrlEyes_2018_01/s0011/s0011_00289_0_0_0_0_0_01.png
s0014_02463_0_0_0_2_1_03.png,train,0,s0014,0,0,2,1,03,data/raw/mrlEyes_2018_01/s0014/s0014_02463_0_0_0_2_1_03.png
s0026_00133_0_0_0_0_0_01.png,val,0,s0026,0,0,0,0,01,data/raw/mrlEyes_2018_01/s0026/s0026_00133_0_0_0_0_0_01.png
s0027_00025_0_0_0_0_1_01.png,val,0,s0027,0,0,0,1,01,data/raw/mrlEyes_2018_01/s0027/s0027_00025_0_0_0_0_1_01.png
s0031_00013_1_0_0_0_1_02.png,train,0,s0031,1,0,0,1,02,data/raw/mrlEyes_2018_01/s0031/s0031_00013_1_0_0_0_1_02.png
s0013_03324_0_0_1_0_0_01.png,val,1,s0013,0,0,0,0,01,data/raw/mrlEyes_2018_01/s0013/s0013_03324_0_0_1_0_0_01.png
s0002_00846_0_0_0_0_0_01.png,train,0,s0002,0,0,0,0,01,data/raw/mrlEyes_2018_01/s0002/s0002_00846_0_0_0_0_0_01.png
s0033_00023_0_0_0_0_1_01.png,test,0,s0033,0,0,0,1,01,data/raw/mrlEyes_2018_01/s0033/s0033_00023_0_0_0_0_1_01.png
s0032_00103_0_0_0_2_1_02.png,test,0,s0032,0,0,2,1,02,data/raw/mrlEyes_2018_01/s0032/s0032_00103_0_0_0_2_1_02.png
s0030_00071_0_0_0_0_1_01.png,val,0,s0030,0,0,0,1,01,data/raw/mrlEyes_2018_01/s0030/s0030_00071_0_0_0_0_1_01.png
s0033_00108_0_0_0_0_1_01.png,test,0,s0033,0,0,0,1,01,data/raw/mrlEyes_2018_01/s0033/s0033_00108_0_0_0_0_1_01.png
s0026_00600_0_0_1_0_1_01.png,val,1,s0026,0,0,0,1,01,data/raw/mrlEyes_2018_01/s0026/s0026_00600_0_0_1_0_1_01.png
s0033_00009_0_0_0_0_1_01.png,test,0,s0033,0,0,0,1,01,data/raw/mrlEyes_2018_01/s0033/s0033_00009_0_0_0_0_1_01.png
s0016_01856_1_0_1_0_0_01.png,test,1,s0016,1,0,0,0,01,data/raw/mrlEyes_2018_01/s0016/s0016_01856_1_0_1_0_0_01.png
s0012_03888_0_1_0_1_0_01.png,train,0,s0012,0,1,1,0,01,data/raw/mrlEyes_2018_01/s0012/s0012_03888_0_1_0_1_0_01.png
s0025_00132_0_0_0_0_0_01.png,train,0,s0025,0,0,0,0,01,data/raw/mrlEyes_2018_01/s0025/s0025_00132_0_0_0_0_0_01.png
s0017_00781_1_0_0_0_0_01.png,test,0,s0017,1,0,0,0,01,data/raw/mrlEyes_2018_01/s0017/s0017_00781_1_0_0_0_0_01.png
s0034_00016_0_0_0_0_0_02.png,train,0,s0034,0,0,0,0,02,data/raw/mrlEyes_2018_01/s0034/s0034_00016_0_0_0_0_0_02.png
s0006_00085_0_1_0_2_0_01.png,train,0,s0006,0,1,2,0,01,data/raw/mrlEyes_2018_01/s0006/s0006_00085_0_1_0_2_0_01.png
s0010_00366_0_0_1_0_0_01.png,train,1,s0010,0,0,0,0,01,data/raw/mrlEyes_2018_01/s0010/s0010_00366_0_0_1_0_0_01.png
s0020_00313_0_0_1_0_1_01.png,train,1,s0020,0,0,0,1,01,data/raw/mrlEyes_2018_01/s0020/s0020_00313_0_0_1_0_1_01.png
s0037_03834_1_1_0_0_0_01.png,train,0,s0037,1,1,0,0,01,data/raw/mrlEyes_2018_01/s0037/s0037_03834_1_1_0_0_0_01.png
s0017_01360_1_0_1_0_1_01.png,test,1,s0017,1,0,0,1,01,data/raw/mrlEyes_2018_01/s0017/s0017_01360_1_0_1_0_1_01.png
s0037_08281_1_0_1_0_0_01.png,train,1,s0037,1,0,0,0,01,data/raw/mrlEyes_2018_01/s0037/s0037_08281_1_0_1_0_0_01.png
s0035_00307_0_1_1_2_1_02.png,train,1,s0035,0,1,2,1,02,data/raw/mrlEyes_2018_01/s0035/s0035_00307_0_1_1_2_1_02.png
s0010_00351_0_0_1_0_0_01.png,train,1,s0010,0,0,0,0,01,data/raw/mrlEyes_2018_01/s0010/s0010_00351_0_0_1_0_0_01.png
s0037_03063_1_1_0_0_0_01.png,train,0,s0037,1,1,0,0,01,data/raw/mrlEyes_2018_01/s0037/s0037_03063_1_1_0_0_0_01.png
s0003_00078_0_0_0_0_0_01.png,test,0,s0003,0,0,0,0,01,data/raw/mrlEyes_2018_01/s0003/s0003_00078_0_0_0_0_0_01.png
s0032_00073_0_0_0_0_1_02.png,test,0,s0032,0,0,0,1,02,data/raw/mrlEyes_2018_01/s0032/s0032_00073_0_0_0_0_1_02.png
s0006_00296_0_1_0_0_0_01.png,train,0,s0006,0,1,0,0,01,data/raw/mrlEyes_2018_01/s0006/s0006_00296_0_1_0_0_0_01.png
s0033_00232_0_0_1_0_1_01.png,test,1,s0033,0,0,0,1,01,data/raw/mrlEyes_2018_01/s0033/s0033_00232_0_0_1_0_1_01.png
s0029_00008_0_0_0_0_1_01.png,train,0,s0029,0,0,0,1,01,data/raw/mrlEyes_2018_01/s0029/s0029_00008_0_0_0_0_1_01.png
s0015_00950_0_0_1_0_1_01.png,test,1,s0015,0,0,0,1,01,data/raw/mrlEyes_2018_01/s0015/s0015_00950_0_0_1_0_1_01.png
s0027_00133_0_0_1_0_1_01.png,val,1,s0027,0,0,0,1,01,data/raw/mrlEyes_2018_01/s0027/s0027_00133_0_0_1_0_1_01.png
s0019_00207_0_0_0_0_0_01.png,train,0,s0019,0,0,0,0,01,data/raw/mrlEyes_2018_01/s0019/s0019_00207_0_0_0_0_0_01.png
s0030_01239_0_0_1_0_0_01.png,val,1,s0030,0,0,0,0,01,data/raw/mrlEyes_2018_01/s0030/s0030_01239_0_0_1_0_0_01.png
s0018_03000_0_1_0_0_0_01.png,train,0,s0018,0,1,0,0,01,data/raw/mrlEyes_2018_01/s0018/s0018_03000_0_1_0_0_0_01.png
s0016_01796_1_0_1_0_1_01.png,test,1,s0016,1,0,0,1,01,data/raw/mrlEyes_2018_01/s0016/s0016_01796_1_0_1_0_1_01.png
s0011_00552_0_0_0_0_0_01.png,train,0,s0011,0,0,0,0,01,data/raw/mrlEyes_2018_01/s0011/s0011_00552_0_0_0_0_0_01.png
s0010_00347_0_0_1_0_0_01.png,train,1,s0010,0,0,0,0,01,data/raw/mrlEyes_2018_01/s0010/s0010_00347_0_0_1_0_0_01.png
s0007_00620_0_0_1_0_0_01.png,test,1,s0007,0,0,0,0,01,data/raw/mrlEyes_2018_01/s0007/s0007_00620_0_0_1_0_0_01.png
s0010_00349_0_0_1_0_0_01.png,train,1,s0010,0,0,0,0,01,data/raw/mrlEyes_2018_01/s0010/s0010_00349_0_0_1_0_0_01.png
s0032_00031_0_0_0_0_1_02.png,test,0,s0032,0,0,0,1,02,data/raw/mrlEyes_2018_01/s0032/s0032_00031_0_0_0_0_1_02.png
s0015_00901_0_0_1_0_1_01.png,test,1,s0015,0,0,0,1,01,data/raw/mrlEyes_2018_01/s0015/s0015_00901_0_0_1_0_1_01.png
s0028_00608_0_1_1_0_0_01.png,train,1,s0028,0,1,0,0,01,data/raw/mrlEyes_2018_01/s0028/s0028_00608_0_1_1_0_0_01.png
s0023_00120_0_0_1_0_1_01.png,train,1,s0023,0,0,0,1,01,data/raw/mrlEyes_2018_01/s0023/s0023_00120_0_0_1_0_1_01.png
s0002_00096_0_0_0_0_0_01.png,train,0,s0002,0,0,0,0,01,data/raw/mrlEyes_2018_01/s0002/s0002_00096_0_0_0_0_0_01.png
s0018_02871_0_1_0_0_1_01.png,train,0,s0018,0,1,0,1,01,data/raw/mrlEyes_2018_01/s0018/s0018_02871_0_1_0_0_1_01.png
s0025_00432_0_0_1_0_0_01.png,train,1,s0025,0,0,0,0,01,data/raw/mrlEyes_2018_01/s0025/s0025_00432_0_0_1_0_0_01.png
s0010_00019_0_0_0_0_0_01.png,train,0,s0010,0,0,0,0,01,data/raw/mrlEyes_2018_01/s0010/s0010_00019_0_0_0_0_0_01.png
s0003_00151_0_0_0_0_0_01.png,test,0,s0003,0,0,0,0,01,data/raw/mrlEyes_2018_01/s0003/s0003_00151_0_0_0_0_0_01.png
s0013_00012_0_0_0_0_0_01.png,val,0,s0013,0,0,0,0,01,data/raw/mrlEyes_2018_01/s0013/s0013_00012_0_0_0_0_0_01.png
s0016_01853_1_0_1_0_0_01.png,test,1,s0016,1,0,0,0,01,data/raw/mrlEyes_2018_01/s0016/s0016_01853_1_0_1_0_0_01.png
s0011_01299_0_0_0_0_0_01.png,train,0,s0011,0,0,0,0,01,data/raw/mrlEyes_2018_01/s0011/s0011_01299_0_0_0_0_0_01.png
s0014_02789_0_1_0_2_0_01.png,train,0,s0014,0,1,2,0,01,data/raw/mrlEyes_2018_01/s0014/s0014_02789_0_1_0_2_0_01.png
s0014_01205_0_0_0_0_1_01.png,train,0,s0014,0,0,0,1,01,data/raw/mrlEyes_2018_01/s0014/s0014_01205_0_0_0_0_1_01.png
s0014_07831_0_0_1_1_0_02.png,train,1,s0014,0,0,1,0,02,data/raw/mrlEyes_2018_01/s0014/s0014_07831_0_0_1_1_0_02.png
s0015_00164_0_0_0_0_1_01.png,test,0,s0015,0,0,0,1,01,data/raw/mrlEyes_2018_01/s0015/s0015_00164_0_0_0_0_1_01.png
s0006_00487_0_1_0_0_0_01.png,train,0,s0006,0,1,0,0,01,data/raw/mrlEyes_2018_01/s0006/s0006_00487_0_1_0_0_0_01.png
s0011_01616_0_0_1_0_0_01.png,train,1,s0011,0,0,0,0,01,data/raw/mrlEyes_2018_01/s0011/s0011_01616_0_0_1_0_0_01.png
s0034_00304_0_0_1_0_0_02.png,train,1,s0034,0,0,0,0,02,data/raw/mrlEyes_2018_01/s0034/s0034_00304_0_0_1_0_0_02.png
s0001_01430_0_1_0_2_0_01.png,val,0,s0001,0,1,2,0,01,data/raw/mrlEyes_2018_01/s0001/s0001_01430_0_1_0_2_0_01.png
s0010_00377_0_0_1_0_0_01.png,train,1,s0010,0,0,0,0,01,data/raw/mrlEyes_2018_01/s0010/s0010_00377_0_0_1_0_0_01.png
s0026_00340_0_0_0_0_0_01.png,val,0,s0026,0,0,0,0,01,data/raw/mrlEyes_2018_01/s0026/s0026_00340_0_0_0_0_0_01.png
s0021_00951_0_1_1_0_0_01.png,train,1,s0021,0,1,0,0,01,data/raw/mrlEyes_2018_01/s0021/s0021_00951_0_1_1_0_0_01.png
s0001_02716_0_1_1_2_0_01.png,val,1,s0001,0,1,2,0,01,data/raw/mrlEyes_2018_01/s0001/s0001_02716_0_1_1_2_0_01.png
s0001_02451_0_0_1_0_0_01.png,val,1,s0001,0,0,0,0,01,data/raw/mrlEyes_2018_01/s0001/s0001_02451_0_0_1_0_0_01.png
s0031_00194_1_0_0_2_1_02.png,train,0,s0031,1,0,2,1,02,data/raw/mrlEyes_2018_01/s0031/s0031_00194_1_0_0_2_1_02.png
s0025_00109_0_0_0_0_0_01.png,train,0,s0025,0,0,0,0,01,data/raw/mrlEyes_2018_01/s0025/s0025_00109_0_0_0_0_0_01.png
s0031_00137_1_0_0_2_1_02.png,train,0,s0031,1,0,2,1,02,data/raw/mrlEyes_2018_01/s0031/s0031_00137_1_0_0_2_1_02.png
s0034_00458_0_0_1_0_0_02.png,train,1,s0034,0,0,0,0,02,data/raw/mrlEyes_2018_01/s0034/s0034_00458_0_0_1_0_0_02.png
s0033_00059_0_0_0_0_0_01.png,test,0,s0033,0,0,0,0,01,data/raw/mrlEyes_2018_01/s0033/s0033_00059_0_0_0_0_0_01.png
s0024_00446_0_0_1_0_0_01.png,train,1,s0024,0,0,0,0,01,data/raw/mrlEyes_2018_01/s0024/s0024_00446_0_0_1_0_0_01.png
s0002_00515_0_0_0_0_0_01.png,train,0,s0002,0,0,0,0,01,data/raw/mrlEyes_2018_01/s0002/s0002_00515_0_0_0_0_0_01.png
s0017_01579_1_0_1_0_0_01.png,test,1,s0017,1,0,0,0,01,data/raw/mrlEyes_2018_01/s0017/s0017_01579_1_0_1_0_0_01.png
s0021_00017_0_0_0_0_0_01.png,train,0,s0021,0,0,0,0,01,data/raw/mrlEyes_2018_01/s0021/s0021_00017_0_0_0_0_0_01.png
s0004_00638_0_0_0_0_0_01.png,val,0,s0004,0,0,0,0,01,data/raw/mrlEyes_2018_01/s0004/s0004_00638_0_0_0_0_0_01.png
s0004_00169_0_0_0_0_0_01.png,val,0,s0004,0,0,0,0,01,data/raw/mrlEyes_2018_01/s0004/s0004_00169_0_0_0_0_0_01.png
s0001_02296_0_0_1_0_0_01.png,val,1,s0001,0,0,0,0,01,data/raw/mrlEyes_2018_01/s0001/s0001_02296_0_0_1_0_0_01.png
s0032_00089_0_0_0_2_1_02.png,test,0,s0032,0,0,2,1,02,data/raw/mrlEyes_2018_01/s0032/s0032_00089_0_0_0_2_1_02.png
s0032_01743_0_1_1_2_1_02.png,test,1,s0032,0,1,2,1,02,data/raw/mrlEyes_2018_01/s0032/s0032_01743_0_1_1_2_1_02.png
s0017_00133_1_0_0_0_1_01.png,test,0,s0017,1,0,0,1,01,data/raw/mrlEyes_2018_01/s0017/s0017_00133_1_0_0_0_1_01.png
s0026_01108_0_0_1_0_0_01.png,val,1,s0026,0,0,0,0,01,data/raw/mrlEyes_2018_01/s0026/s0026_01108_0_0_1_0_0_01.png
s0007_00242_0_0_0_0_0_01.png,test,0,s0007,0,0,0,0,01,data/raw/mrlEyes_2018_01/s0007/s0007_00242_0_0_0_0_0_01.png
s0030_01374_0_0_1_0_1_01.png,val,1,s0030,0,0,0,1,01,data/raw/mrlEyes_2018_01/s0030/s0030_01374_0_0_1_0_1_01.png
s0027_00066_0_1_0_2_0_01.png,val,0,s0027,0,1,2,0,01,data/raw/mrlEyes_2018_01/s0027/s0027_00066_0_1_0_2_0_01.png
s0018_04405_0_1_1_2_0_01.png,train,1,s0018,0,1,2,0,01,data/raw/mrlEyes_2018_01/s0018/s0018_04405_0_1_1_2_0_01.png
s0021_00115_0_1_0_0_0_01.png,train,0,s0021,0,1,0,0,01,data/raw/mrlEyes_2018_01/s0021/s0021_00115_0_1_0_0_0_01.png
s0034_00176_0_0_1_0_0_02.png,train,1,s0034,0,0,0,0,02,data/raw/mrlEyes_2018_01/s0034/s0034_00176_0_0_1_0_0_02.png
s0016_00402_1_0_0_0_1_01.png,test,0,s0016,1,0,0,1,01,data/raw/mrlEyes_2018_01/s0016/s0016_00402_1_0_0_0_1_01.png
s0023_00300_0_0_1_0_1_01.png,train,1,s0023,0,0,0,1,01,data/raw/mrlEyes_2018_01/s0023/s0023_00300_0_0_1_0_1_01.png
s0035_00502_0_1_1_1_0_02.png,train,1,s0035,0,1,1,0,02,data/raw/mrlEyes_2018_01/s0035/s0035_00502_0_1_1_1_0_02.png
s0030_01311_0_0_1_0_0_01.png,val,1,s0030,0,0,0,0,01,data/raw/mrlEyes_2018_01/s0030/s0030_01311_0_0_1_0_0_01.png
s0011_00059_0_0_0_0_1_01.png,train,0,s0011,0,0,0,1,01,data/raw/mrlEyes_2018_01/s0011/s0011_00059_0_0_0_0_1_01.png
s0030_00473_0_0_1_0_1_01.png,val,1,s0030,0,0,0,1,01,data/raw/mrlEyes_2018_01/s0030/s0030_00473_0_0_1_0_1_01.png
s0003_00174_0_0_0_0_0_01.png,test,0,s0003,0,0,0,0,01,data/raw/mrlEyes_2018_01/s0003/s0003_00174_0_0_0_0_0_01.png
s0030_00376_0_0_1_0_1_01.png,val,1,s0030,0,0,0,1,01,data/raw/mrlEyes_2018_01/s0030/s0030_00376_0_0_1_0_1_01.png
s0010_00396_0_0_1_0_0_01.png,train,1,s0010,0,0,0,0,01,data/raw/mrlEyes_2018_01/s0010/s0010_00396_0_0_1_0_0_01.png
s0030_01154_0_0_1_0_1_01.png,val,1,s0030,0,0,0,1,01,data/raw/mrlEyes_2018_01/s0030/s0030_01154_0_0_1_0_1_01.png
s0034_00720_0_0_1_0_0_02.png,train,1,s0034,0,0,0,0,02,data/raw/mrlEyes_2018_01/s0034/s0034_00720_0_0_1_0_0_02.png
s0034_00654_0_0_1_0_0_02.png,train,1,s0034,0,0,0,0,02,data/raw/mrlEyes_2018_01/s0034/s0034_00654_0_0_1_0_0_02.png
s0025_00539_0_0_1_0_0_01.png,train,1,s0025,0,0,0,0,01,data/raw/mrlEyes_2018_01/s0025/s0025_00539_0_0_1_0_0_01.png
s0032_00013_0_1_0_2_1_02.png,test,0,s0032,0,1,2,1,02,data/raw/mrlEyes_2018_01/s0032/s0032_00013_0_1_0_2_1_02.png
s0012_02233_0_1_0_2_0_01.png,train,0,s0012,0,1,2,0,01,data/raw/mrlEyes_2018_01/s0012/s0012_02233_0_1_0_2_0_01.png
s0008_00500_0_1_0_0_0_01.png,train,0,s0008,0,1,0,0,01,data/raw/mrlEyes_2018_01/s0008/s0008_00500_0_1_0_0_0_01.png
s0027_00047_0_1_0_2_0_01.png,val,0,s0027,0,1,2,0,01,data/raw/mrlEyes_2018_01/s0027/s0027_00047_0_1_0_2_0_01.png
s0016_00392_1_0_0_0_1_01.png,test,0,s0016,1,0,0,1,01,data/raw/mrlEyes_2018_01/s0016/s0016_00392_1_0_0_0_1_01.png
s0032_04929_0_0_1_2_1_02.png,test,1,s0032,0,0,2,1,02,data/raw/mrlEyes_2018_01/s0032/s0032_04929_0_0_1_2_1_02.png
s0002_00962_0_0_0_0_0_01.png,train,0,s0002,0,0,0,0,01,data/raw/mrlEyes_2018_01/s0002/s0002_00962_0_0_0_0_0_01.png
s0037_06192_1_0_1_0_1_01.png,train,1,s0037,1,0,0,1,01,data/raw/mrlEyes_2018_01/s0037/s0037_06192_1_0_1_0_1_01.png
s0016_01417_1_0_0_0_1_01.png,test,0,s0016,1,0,0,1,01,data/raw/mrlEyes_2018_01/s0016/s0016_01417_1_0_0_0_1_01.png
s0014_00712_0_0_0_0_0_01.png,train,0,s0014,0,0,0,0,01,data/raw/mrlEyes_2018_01/s0014/s0014_00712_0_0_0_0_0_01.png
s0014_01243_0_0_0_0_0_01.png,train,0,s0014,0,0,0,0,01,data/raw/mrlEyes_2018_01/s0014/s0014_01243_0_0_0_0_0_01.png
s0030_01321_0_0_1_0_1_01.png,val,1,s0030,0,0,0,1,01,data/raw/mrlEyes_2018_01/s0030/s0030_01321_0_0_1_0_1_01.png
s0019_01097_0_0_0_0_0_01.png,train,0,s0019,0,0,0,0,01,data/raw/mrlEyes_2018_01/s0019/s0019_01097_0_0_0_0_0_01.png
s0001_02589_0_1_1_0_0_01.png,val,1,s0001,0,1,0,0,01,data/raw/mrlEyes_2018_01/s0001/s0001_02589_0_1_1_0_0_01.png
s0025_01326_0_0_1_0_1_01.png,train,1,s0025,0,0,0,1,01,data/raw/mrlEyes_2018_01/s0025/s0025_01326_0_0_1_0_1_01.png
s0024_00004_0_0_0_0_0_01.png,train,0,s0024,0,0,0,0,01,data/raw/mrlEyes_2018_01/s0024/s0024_00004_0_0_0_0_0_01.png
s0013_03169_0_0_1_0_0_01.png,val,1,s0013,0,0,0,0,01,data/raw/mrlEyes_2018_01/s0013/s0013_03169_0_0_1_0_0_01.png
s0008_00334_0_1_0_1_0_01.png,train,0,s0008,0,1,1,0,01,data/raw/mrlEyes_2018_01/s0008/s0008_00334_0_1_0_1_0_01.png
s0018_03880_0_0_1_0_0_01.png,train,1,s0018,0,0,0,0,01,data/raw/mrlEyes_2018_01/s0018/s0018_03880_0_0_1_0_0_01.png
s0006_00225_0_1_0_2_0_01.png,train,0,s0006,0,1,2,0,01,data/raw/mrlEyes_2018_01/s0006/s0006_00225_0_1_0_2_0_01.png
s0030_00065_0_0_0_0_1_01.png,val,0,s0030,0,0,0,1,01,data/raw/mrlEyes_2018_01/s0030/s0030_00065_0_0_0_0_1_01.png
s0034_00174_0_0_1_0_0_02.png,train,1,s0034,0,0,0,0,02,data/raw/mrlEyes_2018_01/s0034/s0034_00174_0_0_1_0_0_02.png
s0028_00041_0_0_1_0_0_01.png,train,1,s0028,0,0,0,0,01,data/raw/mrlEyes_2018_01/s0028/s0028_00041_0_0_1_0_0_01.png
s0029_00114_0_0_0_0_1_01.png,train,0,s0029,0,0,0,1,01,data/raw/mrlEyes_2018_01/s0029/s0029_00114_0_0_0_0_1_01.png
s0021_00123_0_1_0_0_0_01.png,train,0,s0021,0,1,0,0,01,data/raw/mrlEyes_2018_01/s0021/s0021_00123_0_1_0_0_0_01.png
s0003_00611_0_0_1_0_0_01.png,test,1,s0003,0,0,0,0,01,data/raw/mrlEyes_2018_01/s0003/s0003_00611_0_0_1_0_0_01.png
s0017_01173_1_0_0_0_1_01.png,test,0,s0017,1,0,0,1,01,data/raw/mrlEyes_2018_01/s0017/s0017_01173_1_0_0_0_1_01.png
s0032_02064_0_1_1_2_1_02.png,test,1,s0032,0,1,2,1,02,data/raw/mrlEyes_2018_01/s0032/s0032_02064_0_1_1_2_1_02.png
s0025_00088_0_0_0_0_0_01.png,train,0,s0025,0,0,0,0,01,data/raw/mrlEyes_2018_01/s0025/s0025_00088_0_0_0_0_0_01.png
s0031_00825_1_0_1_1_1_02.png,train,1,s0031,1,0,1,1,02,data/raw/mrlEyes_2018_01/s0031/s0031_00825_1_0_1_1_1_02.png
s0031_01600_1_0_1_2_1_02.png,train,1,s0031,1,0,2,1,02,data/raw/mrlEyes_2018_01/s0031/s0031_01600_1_0_1_2_1_02.png
s0021_00935_0_1_1_0_0_01.png,train,1,s0021,0,1,0,0,01,data/raw/mrlEyes_2018_01/s0021/s0021_00935_0_1_1_0_0_01.png
s0033_00222_0_0_1_0_1_01.png,test,1,s0033,0,0,0,1,01,data/raw/mrlEyes_2018_01/s0033/s0033_00222_0_0_1_0_1_01.png
s0010_00136_0_0_0_0_0_01.png,train,0,s0010,0,0,0,0,01,data/raw/mrlEyes_2018_01/s0010/s0010_00136_0_0_0_0_0_01.png
s0027_00438_0_1_1_2_0_01.png,val,1,s0027,0,1,2,0,01,data/raw/mrlEyes_2018_01/s0027/s0027_00438_0_1_1_2_0_01.png
s0019_02346_0_0_0_0_0_01.png,train,0,s0019,0,0,0,0,01,data/raw/mrlEyes_2018_01/s0019/s0019_02346_0_0_0_0_0_01.png
s0026_00206_0_0_0_0_1_01.png,val,0,s0026,0,0,0,1,01,data/raw/mrlEyes_2018_01/s0026/s0026_00206_0_0_0_0_1_01.png
s0030_01142_0_0_1_0_0_01.png,val,1,s0030,0,0,0,0,01,data/raw/mrlEyes_2018_01/s0030/s0030_01142_0_0_1_0_0_01.png
s0022_00096_0_1_0_2_1_01.png,train,0,s0022,0,1,2,1,01,data/raw/mrlEyes_2018_01/s0022/s0022_00096_0_1_0_2_1_01.png
s0021_00100_0_1_0_0_0_01.png,train,0,s0021,0,1,0,0,01,data/raw/mrlEyes_2018_01/s0021/s0021_00100_0_1_0_0_0_01.png
s0018_03110_0_1_0_0_1_01.png,train,0,s0018,0,1,0,1,01,data/raw/mrlEyes_2018_01/s0018/s0018_03110_0_1_0_0_1_01.png
s0031_01089_1_0_1_1_0_02.png,train,1,s0031,1,0,1,0,02,data/raw/mrlEyes_2018_01/s0031/s0031_01089_1_0_1_1_0_02.png
s0020_00100_0_0_1_0_1_01.png,train,1,s0020,0,0,0,1,01,data/raw/mrlEyes_2018_01/s0020/s0020_00100_0_0_1_0_1_01.png
s0021_00527_0_1_1_2_0_01.png,train,1,s0021,0,1,2,0,01,data/raw/mrlEyes_2018_01/s0021/s0021_00527_0_1_1_2_0_01.png
s0009_00237_0_0_0_0_0_01.png,test,0,s0009,0,0,0,0,01,data/raw/mrlEyes_2018_01/s0009/s0009_00237_0_0_0_0_0_01.png
s0036_05813_1_1_1_0_0_01.png,train,1,s0036,1,1,0,0,01,data/raw/mrlEyes_2018_01/s0036/s0036_05813_1_1_1_0_0_01.png
s0015_00588_0_0_0_0_1_01.png,test,0,s0015,0,0,0,1,01,data/raw/mrlEyes_2018_01/s0015/s0015_00588_0_0_0_0_1_01.png
s0020_00155_0_0_1_0_1_01.png,train,1,s0020,0,0,0,1,01,data/raw/mrlEyes_2018_01/s0020/s0020_00155_0_0_1_0_1_01.png
s0025_00051_0_0_0_0_0_01.png,train,0,s0025,0,0,0,0,01,data/raw/mrlEyes_2018_01/s0025/s0025_00051_0_0_0_0_0_01.png
s0019_05137_0_0_1_0_0_01.png,train,1,s0019,0,0,0,0,01,data/raw/mrlEyes_2018_01/s0019/s0019_05137_0_0_1_0_0_01.png
s0027_00009_0_0_0_0_0_01.png,val,0,s0027,0,0,0,0,01,data/raw/mrlEyes_2018_01/s0027/s0027_00009_0_0_0_0_0_01.png
s0032_05123_0_0_1_2_1_02.png,test,1,s0032,0,0,2,1,02,data/raw/mrlEyes_2018_01/s0032/s0032_05123_0_0_1_2_1_02.png
s0021_00113_0_1_0_0_0_01.png,train,0,s0021,0,1,0,0,01,data/raw/mrlEyes_2018_01/s0021/s0021_00113_0_1_0_0_0_01.png
s0004_00440_0_0_0_0_0_01.png,val,0,s0004,0,0,0,0,01,data/raw/mrlEyes_2018_01/s0004/s0004_00440_0_0_0_0_0_01.png
s0007_00618_0_0_1_0_0_01.png,test,1,s0007,0,0,0,0,01,data/raw/mrlEyes_2018_01/s0007/s0007_00618_0_0_1_0_0_01.png
s0009_00038_0_0_0_0_0_01.png,test,0,s0009,0,0,0,0,01,data/raw/mrlEyes_2018_01/s0009/s0009_00038_0_0_0_0_0_01.png
s0011_00873_0_0_0_0_0_01.png,train,0,s0011,0,0,0,0,01,data/raw/mrlEyes_2018_01/s0011/s0011_00873_0_0_0_0_0_01.png
s0033_00094_0_0_0_0_1_01.png,test,0,s0033,0,0,0,1,01,data/raw/mrlEyes_2018_01/s0033/s0033_00094_0_0_0_0_1_01.png
s0023_00112_0_0_1_0_1_01.png,train,1,s0023,0,0,0,1,01,data/raw/mrlEyes_2018_01/s0023/s0023_00112_0_0_1_0_1_01.png
s0015_00537_0_0_0_0_1_01.png,test,0,s0015,0,0,0,1,01,data/raw/mrlEyes_2018_01/s0015/s0015_00537_0_0_0_0_1_01.png
s0030_01317_0_0_1_0_0_01.png,val,1,s0030,0,0,0,0,01,data/raw/mrlEyes_2018_01/s0030/s0030_01317_0_0_1_0_0_01.png
s0020_00425_0_0_1_0_0_01.png,train,1,s0020,0,0,0,0,01,data/raw/mrlEyes_2018_01/s0020/s0020_00425_0_0_1_0_0_01.png
s0005_00396_0_0_0_0_0_01.png,val,0,s0005,0,0,0,0,01,data/raw/mrlEyes_2018_01/s0005/s0005_00396_0_0_0_0_0_01.png
s0025_00898_0_0_1_0_0_01.png,train,1,s0025,0,0,0,0,01,data/raw/mrlEyes_2018_01/s0025/s0025_00898_0_0_1_0_0_01.png
s0034_00068_0_0_0_0_0_02.png,train,0,s0034,0,0,0,0,02,data/raw/mrlEyes_2018_01/s0034/s0034_00068_0_0_0_0_0_02.png
s0011_00095_0_0_0_0_1_01.png,train,0,s0011,0,0,0,1,01,data/raw/mrlEyes_2018_01/s0011/s0011_00095_0_0_0_0_1_01.png
s0004_00338_0_0_0_0_0_01.png,val,0,s0004,0,0,0,0,01,data/raw/mrlEyes_2018_01/s0004/s0004_00338_0_0_0_0_0_01.png
s0030_00669_0_0_1_0_1_01.png,val,1,s0030,0,0,0,1,01,data/raw/mrlEyes_2018_01/s0030/s0030_00669_0_0_1_0_1_01.png
s0031_00033_1_0_0_0_1_02.png,train,0,s0031,1,0,0,1,02,data/raw/mrlEyes_2018_01/s0031/s0031_00033_1_0_0_0_1_02.png
s0019_05402_0_0_1_0_0_01.png,train,1,s0019,0,0,0,0,01,data/raw/mrlEyes_2018_01/s0019/s0019_05402_0_0_1_0_0_01.png
s0033_00407_0_0_1_0_1_01.png,test,1,s0033,0,0,0,1,01,data/raw/mrlEyes_2018_01/s0033/s0033_00407_0_0_1_0_1_01.png
s0020_00383_0_0_1_0_0_01.png,train,1,s0020,0,0,0,0,01,data/raw/mrlEyes_2018_01/s0020/s0020_00383_0_0_1_0_0_01.png
s0021_00510_0_1_1_2_0_01.png,train,1,s0021,0,1,2,0,01,data/raw/mrlEyes_2018_01/s0021/s0021_00510_0_1_1_2_0_01.png
s0029_00375_0_0_1_0_1_01.png,train,1,s0029,0,0,0,1,01,data/raw/mrlEyes_2018_01/s0029/s0029_00375_0_0_1_0_1_01.png
s0001_00195_0_0_0_0_0_01.png,val,0,s0001,0,0,0,0,01,data/raw/mrlEyes_2018_01/s0001/s0001_00195_0_0_0_0_0_01.png
s0017_00547_1_0_0_0_1_01.png,test,0,s0017,1,0,0,1,01,data/raw/mrlEyes_2018_01/s0017/s0017_00547_1_0_0_0_1_01.png
s0003_00573_0_0_1_0_0_01.png,test,1,s0003,0,0,0,0,01,data/raw/mrlEyes_2018_01/s0003/s0003_00573_0_0_1_0_0_01.png
s0027_00048_0_1_0_2_0_01.png,val,0,s0027,0,1,2,0,01,data/raw/mrlEyes_2018_01/s0027/s0027_00048_0_1_0_2_0_01.png
s0013_02683_0_1_0_0_0_01.png,val,0,s0013,0,1,0,0,01,data/raw/mrlEyes_2018_01/s0013/s0013_02683_0_1_0_0_0_01.png
s0027_00058_0_1_0_2_0_01.png,val,0,s0027,0,1,2,0,01,data/raw/mrlEyes_2018_01/s0027/s0027_00058_0_1_0_2_0_01.png
s0011_01527_0_0_1_0_0_01.png,train,1,s0011,0,0,0,0,01,data/raw/mrlEyes_2018_01/s0011/s0011_01527_0_0_1_0_0_01.png
s0006_00631_0_1_0_1_0_01.png,train,0,s0006,0,1,1,0,01,data/raw/mrlEyes_2018_01/s0006/s0006_00631_0_1_0_1_0_01.png
s0001_01978_0_0_1_0_0_01.png,val,1,s0001,0,0,0,0,01,data/raw/mrlEyes_2018_01/s0001/s0001_01978_0_0_1_0_0_01.png
s0008_00781_0_1_0_0_0_01.png,train,0,s0008,0,1,0,0,01,data/raw/mrlEyes_2018_01/s0008/s0008_00781_0_1_0_0_0_01.png
s0015_01047_0_0_1_0_1_01.png,test,1,s0015,0,0,0,1,01,data/raw/mrlEyes_2018_01/s0015/s0015_01047_0_0_1_0_1_01.png
s0021_00068_0_1_0_0_0_01.png,train,0,s0021,0,1,0,0,01,data/raw/mrlEyes_2018_01/s0021/s0021_00068_0_1_0_0_0_01.png
s0013_01196_0_0_0_0_0_01.png,val,0,s0013,0,0,0,0,01,data/raw/mrlEyes_2018_01/s0013/s0013_01196_0_0_0_0_0_01.png
s0016_00063_1_0_0_0_1_01.png,test,0,s0016,1,0,0,1,01,data/raw/mrlEyes_2018_01/s0016/s0016_00063_1_0_0_0_1_01.png
s0031_00001_1_0_0_0_1_02.png,train,0,s0031,1,0,0,1,02,data/raw/mrlEyes_2018_01/s0031/s0031_00001_1_0_0_0_1_02.png
s0030_01251_0_0_1_0_1_01.png,val,1,s0030,0,0,0,1,01,data/raw/mrlEyes_2018_01/s0030/s0030_01251_0_0_1_0_1_01.png
s0031_01561_1_0_1_0_1_02.png,train,1,s0031,1,0,0,1,02,data/raw/mrlEyes_2018_01/s0031/s0031_01561_1_0_1_0_1_02.png
s0037_05843_1_1_0_0_1_01.png,train,0,s0037,1,1,0,1,01,data/raw/mrlEyes_2018_01/s0037/s0037_05843_1_1_0_0_1_01.png
s0020_00191_0_0_1_0_1_01.png,train,1,s0020,0,0,0,1,01,data/raw/mrlEyes_2018_01/s0020/s0020_00191_0_0_1_0_1_01.png
s0008_00381_0_1_0_1_0_01.png,train,0,s0008,0,1,1,0,01,data/raw/mrlEyes_2018_01/s0008/s0008_00381_0_1_0_1_0_01.png
s0037_09073_1_1_1_0_0_01.png,train,1,s0037,1,1,0,0,01,data/raw/mrlEyes_2018_01/s0037/s0037_09073_1_1_1_0_0_01.png
s0013_02134_0_1_0_0_0_01.png,val,0,s0013,0,1,0,0,01,data/raw/mrlEyes_2018_01/s0013/s0013_02134_0_1_0_0_0_01.png
s0027_00314_0_0_1_0_0_01.png,val,1,s0027,0,0,0,0,01,data/raw/mrlEyes_2018_01/s0027/s0027_00314_0_0_1_0_0_01.png
s0008_00290_0_1_0_0_0_01.png,train,0,s0008,0,1,0,0,01,data/raw/mrlEyes_2018_01/s0008/s0008_00290_0_1_0_0_0_01.png
s0011_01519_0_0_1_0_0_01.png,train,1,s0011,0,0,0,0,01,data/raw/mrlEyes_2018_01/s0011/s0011_01519_0_0_1_0_0_01.png
s0036_00872_1_1_0_0_0_01.png,train,0,s0036,1,1,0,0,01,data/raw/mrlEyes_2018_01/s0036/s0036_00872_1_1_0_0_0_01.png
s0017_01554_1_0_1_0_0_01.png,test,1,s0017,1,0,0,0,01,data/raw/mrlEyes_2018_01/s0017/s0017_01554_1_0_1_0_0_01.png
s0028_00171_0_0_1_0_0_01.png,train,1,s0028,0,0,0,0,01,data/raw/mrlEyes_2018_01/s0028/s0028_00171_0_0_1_0_0_01.png
s0018_04296_0_1_1_2_0_01.png,train,1,s0018,0,1,2,0,01,data/raw/mrlEyes_2018_01/s0018/s0018_04296_0_1_1_2_0_01.png
s0014_03447_0_1_0_0_0_01.png,train,0,s0014,0,1,0,0,01,data/raw/mrlEyes_2018_01/s0014/s0014_03447_0_1_0_0_0_01.png
s0033_00217_0_0_1_0_1_01.png,test,1,s0033,0,0,0,1,01,data/raw/mrlEyes_2018_01/s0033/s0033_00217_0_0_1_0_1_01.png
s0011_01152_0_0_0_0_0_01.png,train,0,s0011,0,0,0,0,01,data/raw/mrlEyes_2018_01/s0011/s0011_01152_0_0_0_0_0_01.png
s0012_04080_0_1_0_0_0_01.png,train,0,s0012,0,1,0,0,01,data/raw/mrlEyes_2018_01/s0012/s0012_04080_0_1_0_0_0_01.png
s0036_01756_1_1_0_2_0_01.png,train,0,s0036,1,1,2,0,01,data/raw/mrlEyes_2018_01/s0036/s0036_01756_1_1_0_2_0_01.png
s0027_00185_0_0_1_0_0_01.png,val,1,s0027,0,0,0,0,01,data/raw/mrlEyes_2018_01/s0027/s0027_00185_0_0_1_0_0_01.png
s0028_00004_0_0_0_0_0_01.png,train,0,s0028,0,0,0,0,01,data/raw/mrlEyes_2018_01/s0028/s0028_00004_0_0_0_0_0_01.png
s0035_00604_0_1_1_0_0_02.png,train,1,s0035,0,1,0,0,02,data/raw/mrlEyes_2018_01/s0035/s0035_00604_0_1_1_0_0_02.png
s0021_00059_0_1_0_2_0_01.png,train,0,s0021,0,1,2,0,01,data/raw/mrlEyes_2018_01/s0021/s0021_00059_0_1_0_2_0_01.png
s0034_00454_0_0_1_0_0_02.png,train,1,s0034,0,0,0,0,02,data/raw/mrlEyes_2018_01/s0034/s0034_00454_0_0_1_0_0_02.png
s0034_00425_0_0_1_0_0_02.png,train,1,s0034,0,0,0,0,02,data/raw/mrlEyes_2018_01/s0034/s0034_00425_0_0_1_0_0_02.png
s0026_01096_0_0_1_0_0_01.png,val,1,s0026,0,0,0,0,01,data/raw/mrlEyes_2018_01/s0026/s0026_01096_0_0_1_0_0_01.png
s0030_01109_0_0_1_0_0_01.png,val,1,s0030,0,0,0,0,01,data/raw/mrlEyes_2018_01/s0030/s0030_01109_0_0_1_0_0_01.png
s0026_00365_0_0_0_0_1_01.png,val,0,s0026,0,0,0,1,01,data/raw/mrlEyes_2018_01/s0026/s0026_00365_0_0_0_0_1_01.png
s0005_00397_0_0_0_0_0_01.png,val,0,s0005,0,0,0,0,01,data/raw/mrlEyes_2018_01/s0005/s0005_00397_0_0_0_0_0_01.png
s0034_00087_0_0_0_0_0_02.png,train,0,s0034,0,0,0,0,02,data/raw/mrlEyes_2018_01/s0034/s0034_00087_0_0_0_0_0_02.png
s0033_00087_0_0_0_0_1_01.png,test,0,s0033,0,0,0,1,01,data/raw/mrlEyes_2018_01/s0033/s0033_00087_0_0_0_0_1_01.png
s0017_00860_1_0_0_0_0_01.png,test,0,s0017,1,0,0,0,01,data/raw/mrlEyes_2018_01/s0017/s0017_00860_1_0_0_0_0_01.png
s0019_05527_0_0_1_0_0_01.png,train,1,s0019,0,0,0,0,01,data/raw/mrlEyes_2018_01/s0019/s0019_05527_0_0_1_0_0_01.png
s0023_00180_0_0_1_0_1_01.png,train,1,s0023,0,0,0,1,01,data/raw/mrlEyes_2018_01/s0023/s0023_00180_0_0_1_0_1_01.png
s0012_08432_0_0_1_1_0_02.png,train,1,s0012,0,0,1,0,02,data/raw/mrlEyes_2018_01/s0012/s0012_08432_0_0_1_1_0_02.png
s0033_00008_0_0_0_0_1_01.png,test,0,s0033,0,0,0,1,01,data/raw/mrlEyes_2018_01/s0033/s0033_00008_0_0_0_0_1_01.png
s0025_00827_0_0_1_0_1_01.png,train,1,s0025,0,0,0,1,01,data/raw/mrlEyes_2018_01/s0025/s0025_00827_0_0_1_0_1_01.png
s0026_00240_0_0_0_0_1_01.png,val,0,s0026,0,0,0,1,01,data/raw/mrlEyes_2018_01/s0026/s0026_00240_0_0_0_0_1_01.png
s0017_01323_1_0_1_0_0_01.png,test,1,s0017,1,0,0,0,01,data/raw/mrlEyes_2018_01/s0017/s0017_01323_1_0_1_0_0_01.png
s0030_00681_0_0_1_0_0_01.png,val,1,s0030,0,0,0,0,01,data/raw/mrlEyes_2018_01/s0030/s0030_00681_0_0_1_0_0_01.png
s0027_00089_0_1_0_0_0_01.png,val,0,s0027,0,1,0,0,01,data/raw/mrlEyes_2018_01/s0027/s0027_00089_0_1_0_0_0_01.png
s0022_00230_0_0_1_0_1_01.png,train,1,s0022,0,0,0,1,01,data/raw/mrlEyes_2018_01/s0022/s0022_00230_0_0_1_0_1_01.png
s0036_03330_1_0_1_0_0_01.png,train,1,s0036,1,0,0,0,01,data/raw/mrlEyes_2018_01/s0036/s0036_03330_1_0_1_0_0_01.png
s0025_00015_0_0_0_0_0_01.png,train,0,s0025,0,0,0,0,01,data/raw/mrlEyes_2018_01/s0025/s0025_00015_0_0_0_0_0_01.png
s0016_00023_1_0_0_0_1_01.png,test,0,s0016,1,0,0,1,01,data/raw/mrlEyes_2018_01/s0016/s0016_00023_1_0_0_0_1_01.png
s0001_01457_0_1_0_0_0_01.png,val,0,s0001,0,1,0,0,01,data/raw/mrlEyes_2018_01/s0001/s0001_01457_0_1_0_0_0_01.png
s0013_03037_0_0_1_0_0_01.png,val,1,s0013,0,0,0,0,01,data/raw/mrlEyes_2018_01/s0013/s0013_03037_0_0_1_0_0_01.png
s0034_00315_0_0_1_0_0_02.png,train,1,s0034,0,0,0,0,02,data/raw/mrlEyes_2018_01/s0034/s0034_00315_0_0_1_0_0_02.png
s0001_02448_0_0_1_0_0_01.png,val,1,s0001,0,0,0,0,01,data/raw/mrlEyes_2018_01/s0001/s0001_02448_0_0_1_0_0_01.png
s0019_02299_0_0_0_0_0_01.png,train,0,s0019,0,0,0,0,01,data/raw/mrlEyes_2018_01/s0019/s0019_02299_0_0_0_0_0_01.png
s0019_00332_0_0_0_0_0_01.png,train,0,s0019,0,0,0,0,01,data/raw/mrlEyes_2018_01/s0019/s0019_00332_0_0_0_0_0_01.png
s0020_00513_0_0_1_0_1_01.png,train,1,s0020,0,0,0,1,01,data/raw/mrlEyes_2018_01/s0020/s0020_00513_0_0_1_0_1_01.png
s0027_00094_0_0_1_0_1_01.png,val,1,s0027,0,0,0,1,01,data/raw/mrlEyes_2018_01/s0027/s0027_00094_0_0_1_0_1_01.png
s0017_01522_1_0_1_0_1_01.png,test,1,s0017,1,0,0,1,01,data/raw/mrlEyes_2018_01/s0017/s0017_01522_1_0_1_0_1_01.png
s0032_00115_0_0_0_2_1_02.png,test,0,s0032,0,0,2,1,02,data/raw/mrlEyes_2018_01/s0032/s0032_00115_0_0_0_2_1_02.png
s0037_04386_1_1_0_2_0_01.png,train,0,s0037,1,1,2,0,01,data/raw/mrlEyes_2018_01/s0037/s0037_04386_1_1_0_2_0_01.png
s0035_00341_0_1_1_2_1_02.png,train,1,s0035,0,1,2,1,02,data/raw/mrlEyes_2018_01/s0035/s0035_00341_0_1_1_2_1_02.png
s0023_00369_0_0_1_0_1_01.png,train,1,s0023,0,0,0,1,01,data/raw/mrlEyes_2018_01/s0023/s0023_00369_0_0_1_0_1_01.png
s0020_00016_0_0_0_0_0_01.png,train,0,s0020,0,0,0,0,01,data/raw/mrlEyes_2018_01/s0020/s0020_00016_0_0_0_0_0_01.png
s0018_04233_0_1_1_2_0_01.png,train,1,s0018,0,1,2,0,01,data/raw/mrlEyes_2018_01/s0018/s0018_04233_0_1_1_2_0_01.png
s0027_00411_0_1_1_0_0_01.png,val,1,s0027,0,1,0,0,01,data/raw/mrlEyes_2018_01/s0027/s0027_00411_0_1_1_0_0_01.png
s0015_00241_0_0_0_0_1_01.png,test,0,s0015,0,0,0,1,01,data/raw/mrlEyes_2018_01/s0015/s0015_00241_0_0_0_0_1_01.png
s0002_01094_0_0_1_0_0_01.png,train,1,s0002,0,0,0,0,01,data/raw/mrlEyes_2018_01/s0002/s0002_01094_0_0_1_0_0_01.png
s0007_00398_0_0_0_0_0_01.png,test,0,s0007,0,0,0,0,01,data/raw/mrlEyes_2018_01/s0007/s0007_00398_0_0_0_0_0_01.png
s0032_04918_0_0_1_2_1_02.png,test,1,s0032,0,0,2,1,02,data/raw/mrlEyes_2018_01/s0032/s0032_04918_0_0_1_2_1_02.png
s0007_00534_0_0_0_0_0_01.png,test,0,s0007,0,0,0,0,01,data/raw/mrlEyes_2018_01/s0007/s0007_00534_0_0_0_0_0_01.png
s0032_05440_0_0_1_2_1_02.png,test,1,s0032,0,0,2,1,02,data/raw/mrlEyes_2018_01/s0032/s0032_05440_0_0_1_2_1_02.png
s0024_00158_0_1_0_0_0_01.png,train,0,s0024,0,1,0,0,01,data/raw/mrlEyes_2018_01/s0024/s0024_00158_0_1_0_0_0_01.png
s0027_00349_0_0_1_0_1_01.png,val,1,s0027,0,0,0,1,01,data/raw/mrlEyes_2018_01/s0027/s0027_00349_0_0_1_0_1_01.png
s0029_00606_0_0_1_0_1_01.png,train,1,s0029,0,0,0,1,01,data/raw/mrlEyes_2018_01/s0029/s0029_00606_0_0_1_0_1_01.png
s0003_00605_0_0_1_0_0_01.png,test,1,s0003,0,0,0,0,01,data/raw/mrlEyes_2018_01/s0003/s0003_00605_0_0_1_0_0_01.png
s0021_00700_0_1_1_1_1_01.png,train,1,s0021,0,1,1,1,01,data/raw/mrlEyes_2018_01/s0021/s0021_00700_0_1_1_1_1_01.png
s0005_00671_0_0_0_0_0_01.png,val,0,s0005,0,0,0,0,01,data/raw/mrlEyes_2018_01/s0005/s0005_00671_0_0_0_0_0_01.png
s0028_00155_0_0_1_0_0_01.png,train,1,s0028,0,0,0,0,01,data/raw/mrlEyes_2018_01/s0028/s0028_00155_0_0_1_0_0_01.png
s0036_01133_1_1_0_0_0_01.png,train,0,s0036,1,1,0,0,01,data/raw/mrlEyes_2018_01/s0036/s0036_01133_1_1_0_0_0_01.png
s0027_00032_0_1_0_2_0_01.png,val,0,s0027,0,1,2,0,01,data/raw/mrlEyes_2018_01/s0027/s0027_00032_0_1_0_2_0_01.png
s0034_00641_0_0_1_0_0_02.png,train,1,s0034,0,0,0,0,02,data/raw/mrlEyes_2018_01/s0034/s0034_00641_0_0_1_0_0_02.png
s0010_00220_0_0_0_0_0_01.png,train,0,s0010,0,0,0,0,01,data/raw/mrlEyes_2018_01/s0010/s0010_00220_0_0_0_0_0_01.png
s0024_00220_0_0_1_0_0_01.png,train,1,s0024,0,0,0,0,01,data/raw/mrlEyes_2018_01/s0024/s0024_00220_0_0_1_0_0_01.png
s0011_00333_0_0_0_0_0_01.png,train,0,s0011,0,0,0,0,01,data/raw/mrlEyes_2018_01/s0011/s0011_00333_0_0_0_0_0_01.png
s0013_03038_0_0_1_0_0_01.png,val,1,s0013,0,0,0,0,01,data/raw/mrlEyes_2018_01/s0013/s0013_03038_0_0_1_0_0_01.png
s0035_00016_0_1_0_2_1_02.png,train,0,s0035,0,1,2,1,02,data/raw/mrlEyes_2018_01/s0035/s0035_00016_0_1_0_2_1_02.png
s0036_01979_1_1_0_0_0_01.png,train,0,s0036,1,1,0,0,01,data/raw/mrlEyes_2018_01/s0036/s0036_01979_1_1_0_0_0_01.png
s0001_00123_0_0_0_0_0_01.png,val,0,s0001,0,0,0,0,01,data/raw/mrlEyes_2018_01/s0001/s0001_00123_0_0_0_0_0_01.png
s0008_00656_0_1_0_2_0_01.png,train,0,s0008,0,1,2,0,01,data/raw/mrlEyes_2018_01/s0008/s0008_00656_0_1_0_2_0_01.png
s0009_00290_0_0_0_0_0_01.png,test,0,s0009,0,0,0,0,01,data/raw/mrlEyes_2018_01/s0009/s0009_00290_0_0_0_0_0_01.png
s0003_00584_0_0_1_0_0_01.png,test,1,s0003,0,0,0,0,01,data/raw/mrlEyes_2018_01/s0003/s0003_00584_0_0_1_0_0_01.png
s0030_00077_0_0_0_0_1_01.png,val,0,s0030,0,0,0,1,01,data/raw/mrlEyes_2018_01/s0030/s0030_00077_0_0_0_0_1_01.png
s0034_00251_0_0_1_0_0_02.png,train,1,s0034,0,0,0,0,02,data/raw/mrlEyes_2018_01/s0034/s0034_00251_0_0_1_0_0_02.png
s0024_00197_0_1_0_0_0_01.png,train,0,s0024,0,1,0,0,01,data/raw/mrlEyes_2018_01/s0024/s0024_00197_0_1_0_0_0_01.png
s0019_05712_0_0_1_0_0_01.png,train,1,s0019,0,0,0,0,01,data/raw/mrlEyes_2018_01/s0019/s0019_05712_0_0_1_0_0_01.png
s0033_00054_0_0_0_0_0_01.png,test,0,s0033,0,0,0,0,01,data/raw/mrlEyes_2018_01/s0033/s0033_00054_0_0_0_0_0_01.png
s0021_00089_0_1_0_0_0_01.png,train,0,s0021,0,1,0,0,01,data/raw/mrlEyes_2018_01/s0021/s0021_00089_0_1_0_0_0_01.png
s0023_00271_0_0_1_0_1_01.png,train,1,s0023,0,0,0,1,01,data/raw/mrlEyes_2018_01/s0023/s0023_00271_0_0_1_0_1_01.png
s0003_00023_0_0_0_0_0_01.png,test,0,s0003,0,0,0,0,01,data/raw/mrlEyes_2018_01/s0003/s0003_00023_0_0_0_0_0_01.png
s0016_00462_1_0_0_0_0_01.png,test,0,s0016,1,0,0,0,01,data/raw/mrlEyes_2018_01/s0016/s0016_00462_1_0_0_0_0_01.png
s0028_00574_0_1_1_0_0_01.png,train,1,s0028,0,1,0,0,01,data/raw/mrlEyes_2018_01/s0028/s0028_00574_0_1_1_0_0_01.png
s0023_00396_0_0_1_0_1_01.png,train,1,s0023,0,0,0,1,01,data/raw/mrlEyes_2018_01/s0023/s0023_00396_0_0_1_0_1_01.png
s0012_01031_0_0_0_0_0_01.png,train,0,s0012,0,0,0,0,01,data/raw/mrlEyes_2018_01/s0012/s0012_01031_0_0_0_0_0_01.png
s0016_01729_1_0_1_0_1_01.png,test,1,s0016,1,0,0,1,01,data/raw/mrlEyes_2018_01/s0016/s0016_01729_1_0_1_0_1_01.png
s0008_00217_0_1_0_0_0_01.png,train,0,s0008,0,1,0,0,01,data/raw/mrlEyes_2018_01/s0008/s0008_00217_0_1_0_0_0_01.png
s0016_01028_1_0_0_0_1_01.png,test,0,s0016,1,0,0,1,01,data/raw/mrlEyes_2018_01/s0016/s0016_01028_1_0_0_0_1_01.png
s0014_05312_0_0_1_0_1_01.png,train,1,s0014,0,0,0,1,01,data/raw/mrlEyes_2018_01/s0014/s0014_05312_0_0_1_0_1_01.png
s0006_00588_0_1_0_1_0_01.png,train,0,s0006,0,1,1,0,01,data/raw/mrlEyes_2018_01/s0006/s0006_00588_0_1_0_1_0_01.png
s0032_05797_0_0_1_0_1_02.png,test,1,s0032,0,0,0,1,02,data/raw/mrlEyes_2018_01/s0032/s0032_05797_0_0_1_0_1_02.png
s0034_00104_0_0_0_0_0_02.png,train,0,s0034,0,0,0,0,02,data/raw/mrlEyes_2018_01/s0034/s0034_00104_0_0_0_0_0_02.png
s0037_07950_1_0_1_0_0_01.png,train,1,s0037,1,0,0,0,01,data/raw/mrlEyes_2018_01/s0037/s0037_07950_1_0_1_0_0_01.png
s0016_01867_1_0_1_0_0_01.png,test,1,s0016,1,0,0,0,01,data/raw/mrlEyes_2018_01/s0016/s0016_01867_1_0_1_0_0_01.png
s0032_00136_0_0_0_0_1_02.png,test,0,s0032,0,0,0,1,02,data/raw/mrlEyes_2018_01/s0032/s0032_00136_0_0_0_0_1_02.png
s0026_01107_0_0_1_0_1_01.png,val,1,s0026,0,0,0,1,01,data/raw/mrlEyes_2018_01/s0026/s0026_01107_0_0_1_0_1_01.png
s0013_03111_0_0_1_0_0_01.png,val,1,s0013,0,0,0,0,01,data/raw/mrlEyes_2018_01/s0013/s0013_03111_0_0_1_0_0_01.png
s0031_00209_1_0_0_0_1_02.png,train,0,s0031,1,0,0,1,02,data/raw/mrlEyes_2018_01/s0031/s0031_00209_1_0_0_0_1_02.png
s0033_00028_0_0_0_0_1_01.png,test,0,s0033,0,0,0,1,01,data/raw/mrlEyes_2018_01/s0033/s0033_00028_0_0_0_0_1_01.png
s0018_03354_0_1_0_0_0_01.png,train,0,s0018,0,1,0,0,01,data/raw/mrlEyes_2018_01/s0018/s0018_03354_0_1_0_0_0_01.png
s0013_03413_0_0_1_0_0_01.png,val,1,s0013,0,0,0,0,01,data/raw/mrlEyes_2018_01/s0013/s0013_03413_0_0_1_0_0_01.png
s0034_00109_0_0_0_0_0_02.png,train,0,s0034,0,0,0,0,02,data/raw/mrlEyes_2018_01/s0034/s0034_00109_0_0_0_0_0_02.png
s0026_00904_0_0_1_0_1_01.png,val,1,s0026,0,0,0,1,01,data/raw/mrlEyes_2018_01/s0026/s0026_00904_0_0_1_0_1_01.png
s0025_00071_0_0_0_0_0_01.png,train,0,s0025,0,0,0,0,01,data/raw/mrlEyes_2018_01/s0025/s0025_00071_0_0_0_0_0_01.png
s0022_00228_0_0_1_0_1_01.png,train,1,s0022,0,0,0,1,01,data/raw/mrlEyes_2018_01/s0022/s0022_00228_0_0_1_0_1_01.png
s0016_01830_1_0_1_0_0_01.png,test,1,s0016,1,0,0,0,01,data/raw/mrlEyes_2018_01/s0016/s0016_01830_1_0_1_0_0_01.png
s0019_00905_0_0_0_0_0_01.png,train,0,s0019,0,0,0,0,01,data/raw/mrlEyes_2018_01/s0019/s0019_00905_0_0_0_0_0_01.png
s0002_01045_0_0_1_0_0_01.png,train,1,s0002,0,0,0,0,01,data/raw/mrlEyes_2018_01/s0002/s0002_01045_0_0_1_0_0_01.png
s0014_01186_0_0_0_0_0_01.png,train,0,s0014,0,0,0,0,01,data/raw/mrlEyes_2018_01/s0014/s0014_01186_0_0_0_0_0_01.png
s0001_02172_0_0_1_0_0_01.png,val,1,s0001,0,0,0,0,01,data/raw/mrlEyes_2018_01/s0001/s0001_02172_0_0_1_0_0_01.png
s0018_02696_0_1_0_0_0_01.png,train,0,s0018,0,1,0,0,01,data/raw/mrlEyes_2018_01/s0018/s0018_02696_0_1_0_0_0_01.png
s0015_00877_0_0_1_0_1_01.png,test,1,s0015,0,0,0,1,01,data/raw/mrlEyes_2018_01/s0015/s0015_00877_0_0_1_0_1_01.png
s0001_02434_0_0_1_0_0_01.png,val,1,s0001,0,0,0,0,01,data/raw/mrlEyes_2018_01/s0001/s0001_02434_0_0_1_0_0_01.png
s0010_00289_0_0_0_0_0_01.png,train,0,s0010,0,0,0,0,01,data/raw/mrlEyes_2018_01/s0010/s0010_00289_0_0_0_0_0_01.png
s0010_00359_0_0_1_0_0_01.png,train,1,s0010,0,0,0,0,01,data/raw/mrlEyes_2018_01/s0010/s0010_00359_0_0_1_0_0_01.png
s0026_01087_0_0_1_0_0_01.png,val,1,s0026,0,0,0,0,01,data/raw/mrlEyes_2018_01/s0026/s0026_01087_0_0_1_0_0_01.png
s0019_02112_0_0_0_0_0_01.png,train,0,s0019,0,0,0,0,01,data/raw/mrlEyes_2018_01/s0019/s0019_02112_0_0_0_0_0_01.png
s0002_01024_0_0_1_0_0_01.png,train,1,s0002,0,0,0,0,01,data/raw/mrlEyes_2018_01/s0002/s0002_01024_0_0_1_0_0_01.png
s0015_00551_0_0_0_0_1_01.png,test,0,s0015,0,0,0,1,01,data/raw/mrlEyes_2018_01/s0015/s0015_00551_0_0_0_0_1_01.png
s0022_00301_0_1_1_2_1_01.png,train,1,s0022,0,1,2,1,01,data/raw/mrlEyes_2018_01/s0022/s0022_00301_0_1_1_2_1_01.png
s0033_00623_0_0_1_0_1_01.png,test,1,s0033,0,0,0,1,01,data/raw/mrlEyes_2018_01/s0033/s0033_00623_0_0_1_0_1_01.png
s0033_00015_0_0_0_0_1_01.png,test,0,s0033,0,0,0,1,01,data/raw/mrlEyes_2018_01/s0033/s0033_00015_0_0_0_0_1_01.png
s0012_00306_0_0_0_0_0_01.png,train,0,s0012,0,0,0,0,01,data/raw/mrlEyes_2018_01/s0012/s0012_00306_0_0_0_0_0_01.png
s0019_01867_0_0_0_0_1_01.png,train,0,s0019,0,0,0,1,01,data/raw/mrlEyes_2018_01/s0019/s0019_01867_0_0_0_0_1_01.png
s0028_00591_0_1_1_0_0_01.png,train,1,s0028,0,1,0,0,01,data/raw/mrlEyes_2018_01/s0028/s0028_00591_0_1_1_0_0_01.png
s0036_06007_1_1_1_2_0_01.png,train,1,s0036,1,1,2,0,01,data/raw/mrlEyes_2018_01/s0036/s0036_06007_1_1_1_2_0_01.png
s0002_00148_0_0_0_0_0_01.png,train,0,s0002,0,0,0,0,01,data/raw/mrlEyes_2018_01/s0002/s0002_00148_0_0_0_0_0_01.png
s0036_00266_1_0_0_0_0_01.png,train,0,s0036,1,0,0,0,01,data/raw/mrlEyes_2018_01/s0036/s0036_00266_1_0_0_0_0_01.png
s0031_00163_1_0_0_2_1_02.png,train,0,s0031,1,0,2,1,02,data/raw/mrlEyes_2018_01/s0031/s0031_00163_1_0_0_2_1_02.png
s0025_00044_0_0_0_0_0_01.png,train,0,s0025,0,0,0,0,01,data/raw/mrlEyes_2018_01/s0025/s0025_00044_0_0_0_0_0_01.png
s0030_00232_0_0_0_0_0_01.png,val,0,s0030,0,0,0,0,01,data/raw/mrlEyes_2018_01/s0030/s0030_00232_0_0_0_0_0_01.png
s0022_00357_0_1_1_2_1_01.png,train,1,s0022,0,1,2,1,01,data/raw/mrlEyes_2018_01/s0022/s0022_00357_0_1_1_2_1_01.png
s0034_00090_0_0_0_0_0_02.png,train,0,s0034,0,0,0,0,02,data/raw/mrlEyes_2018_01/s0034/s0034_00090_0_0_0_0_0_02.png
s0014_02354_0_0_0_0_1_03.png,train,0,s0014,0,0,0,1,03,data/raw/mrlEyes_2018_01/s0014/s0014_02354_0_0_0_0_1_03.png
s0001_01550_0_1_0_0_0_01.png,val,0,s0001,0,1,0,0,01,data/raw/mrlEyes_2018_01/s0001/s0001_01550_0_1_0_0_0_01.png
s0024_00168_0_1_0_0_0_01.png,train,0,s0024,0,1,0,0,01,data/raw/mrlEyes_2018_01/s0024/s0024_00168_0_1_0_0_0_01.png
s0007_00623_0_0_1_0_0_01.png,test,1,s0007,0,0,0,0,01,data/raw/mrlEyes_2018_01/s0007/s0007_00623_0_0_1_0_0_01.png
s0010_00195_0_0_0_0_0_01.png,train,0,s0010,0,0,0,0,01,data/raw/mrlEyes_2018_01/s0010/s0010_00195_0_0_0_0_0_01.png
s0015_01000_0_0_1_0_1_01.png,test,1,s0015,0,0,0,1,01,data/raw/mrlEyes_2018_01/s0015/s0015_01000_0_0_1_0_1_01.png
s0028_00694_0_1_1_0_0_01.png,train,1,s0028,0,1,0,0,01,data/raw/mrlEyes_2018_01/s0028/s0028_00694_0_1_1_0_0_01.png
s0014_00311_0_0_0_0_0_01.png,train,0,s0014,0,0,0,0,01,data/raw/mrlEyes_2018_01/s0014/s0014_00311_0_0_0_0_0_01.png
s0007_00622_0_0_1_0_0_01.png,test,1,s0007,0,0,0,0,01,data/raw/mrlEyes_2018_01/s0007/s0007_00622_0_0_1_0_0_01.png
s0014_00539_0_0_0_0_0_01.png,train,0,s0014,0,0,0,0,01,data/raw/mrlEyes_2018_01/s0014/s0014_00539_0_0_0_0_0_01.png
s0034_00037_0_0_0_0_0_02.png,train,0,s0034,0,0,0,0,02,data/raw/mrlEyes_2018_01/s0034/s0034_00037_0_0_0_0_0_02.png
s0014_05025_0_0_1_1_1_03.png,train,1,s0014,0,0,1,1,03,data/raw/mrlEyes_2018_01/s0014/s0014_05025_0_0_1_1_1_03.png
s0001_01379_0_1_0_2_0_01.png,val,0,s0001,0,1,2,0,01,data/raw/mrlEyes_2018_01/s0001/s0001_01379_0_1_0_2_0_01.png
s0008_00694_0_1_0_0_0_01.png,train,0,s0008,0,1,0,0,01,data/raw/mrlEyes_2018_01/s0008/s0008_00694_0_1_0_0_0_01.png
s0025_01421_0_0_1_0_1_01.png,train,1,s0025,0,0,0,1,01,data/raw/mrlEyes_2018_01/s0025/s0025_01421_0_0_1_0_1_01.png
s0020_00018_0_0_0_0_1_01.png,train,0,s0020,0,0,0,1,01,data/raw/mrlEyes_2018_01/s0020/s0020_00018_0_0_0_0_1_01.png
s0006_00227_0_1_0_2_0_01.png,train,0,s0006,0,1,2,0,01,data/raw/mrlEyes_2018_01/s0006/s0006_00227_0_1_0_2_0_01.png
s0017_01318_1_0_0_0_0_01.png,test,0,s0017,1,0,0,0,01,data/raw/mrlEyes_2018_01/s0017/s0017_01318_1_0_0_0_0_01.png
s0012_04183_0_1_0_2_0_01.png,train,0,s0012,0,1,2,0,01,data/raw/mrlEyes_2018_01/s0012/s0012_04183_0_1_0_2_0_01.png
s0024_00393_0_0_1_0_0_01.png,train,1,s0024,0,0,0,0,01,data/raw/mrlEyes_2018_01/s0024/s0024_00393_0_0_1_0_0_01.png
s0010_00309_0_0_0_0_0_01.png,train,0,s0010,0,0,0,0,01,data/raw/mrlEyes_2018_01/s0010/s0010_00309_0_0_0_0_0_01.png
s0012_04740_0_0_1_0_0_03.png,train,1,s0012,0,0,0,0,03,data/raw/mrlEyes_2018_01/s0012/s0012_04740_0_0_1_0_0_03.png
s0031_00101_1_0_0_0_1_02.png,train,0,s0031,1,0,0,1,02,data/raw/mrlEyes_2018_01/s0031/s0031_00101_1_0_0_0_1_02.png
s0031_01097_1_0_1_0_1_02.png,train,1,s0031,1,0,0,1,02,data/raw/mrlEyes_2018_01/s0031/s0031_01097_1_0_1_0_1_02.png
s0024_00366_0_0_1_0_0_01.png,train,1,s0024,0,0,0,0,01,data/raw/mrlEyes_2018_01/s0024/s0024_00366_0_0_1_0_0_01.png
s0037_04326_1_1_0_0_0_01.png,train,0,s0037,1,1,0,0,01,data/raw/mrlEyes_2018_01/s0037/s0037_04326_1_1_0_0_0_01.png
s0032_02247_0_1_1_2_1_02.png,test,1,s0032,0,1,2,1,02,data/raw/mrlEyes_2018_01/s0032/s0032_02247_0_1_1_2_1_02.png
s0010_00206_0_0_0_0_0_01.png,train,0,s0010,0,0,0,0,01,data/raw/mrlEyes_2018_01/s0010/s0010_00206_0_0_0_0_0_01.png
s0015_00443_0_0_0_0_1_01.png,test,0,s0015,0,0,0,1,01,data/raw/mrlEyes_2018_01/s0015/s0015_00443_0_0_0_0_1_01.png
s0029_00073_0_0_0_0_1_01.png,train,0,s0029,0,0,0,1,01,data/raw/mrlEyes_2018_01/s0029/s0029_00073_0_0_0_0_1_01.png
s0006_00331_0_1_0_1_0_01.png,train,0,s0006,0,1,1,0,01,data/raw/mrlEyes_2018_01/s0006/s0006_00331_0_1_0_1_0_01.png
s0031_00939_1_0_1_1_1_02.png,train,1,s0031,1,0,1,1,02,data/raw/mrlEyes_2018_01/s0031/s0031_00939_1_0_1_1_1_02.png
s0018_00304_0_0_0_0_1_01.png,train,0,s0018,0,0,0,1,01,data/raw/mrlEyes_2018_01/s0018/s0018_00304_0_0_0_0_1_01.png
s0032_00048_0_0_0_0_1_02.png,test,0,s0032,0,0,0,1,02,data/raw/mrlEyes_2018_01/s0032/s0032_00048_0_0_0_0_1_02.png
s0037_03835_1_1_0_0_0_01.png,train,0,s0037,1,1,0,0,01,data/raw/mrlEyes_2018_01/s0037/s0037_03835_1_1_0_0_0_01.png
s0027_00069_0_1_0_2_0_01.png,val,0,s0027,0,1,2,0,01,data/raw/mrlEyes_2018_01/s0027/s0027_00069_0_1_0_2_0_01.png
s0007_00093_0_0_0_0_1_01.png,test,0,s0007,0,0,0,1,01,data/raw/mrlEyes_2018_01/s0007/s0007_00093_0_0_0_0_1_01.png
s0033_00005_0_0_0_0_1_01.png,test,0,s0033,0,0,0,1,01,data/raw/mrlEyes_2018_01/s0033/s0033_00005_0_0_0_0_1_01.png
s0024_00337_0_0_1_0_0_01.png,train,1,s0024,0,0,0,0,01,data/raw/mrlEyes_2018_01/s0024/s0024_00337_0_0_1_0_0_01.png
s0021_00673_0_1_1_2_0_01.png,train,1,s0021,0,1,2,0,01,data/raw/mrlEyes_2018_01/s0021/s0021_00673_0_1_1_2_0_01.png
s0031_01718_1_0_1_1_0_02.png,train,1,s0031,1,0,1,0,02,data/raw/mrlEyes_2018_01/s0031/s0031_01718_1_0_1_1_0_02.png
s0034_00055_0_0_0_0_0_02.png,train,0,s0034,0,0,0,0,02,data/raw/mrlEyes_2018_01/s0034/s0034_00055_0_0_0_0_0_02.png
s0037_08828_1_1_1_2_0_01.png,train,1,s0037,1,1,2,0,01,data/raw/mrlEyes_2018_01/s0037/s0037_08828_1_1_1_2_0_01.png
s0005_00575_0_0_0_0_1_01.png,val,0,s0005,0,0,0,1,01,data/raw/mrlEyes_2018_01/s0005/s0005_00575_0_0_0_0_1_01.png
s0027_00631_0_1_1_2_0_01.png,val,1,s0027,0,1,2,0,01,data/raw/mrlEyes_2018_01/s0027/s0027_00631_0_1_1_2_0_01.png
s0010_00135_0_0_0_0_0_01.png,train,0,s0010,0,0,0,0,01,data/raw/mrlEyes_2018_01/s0010/s0010_00135_0_0_0_0_0_01.png
s0006_00859_0_1_0_1_0_01.png,train,0,s0006,0,1,1,0,01,data/raw/mrlEyes_2018_01/s0006/s0006_00859_0_1_0_1_0_01.png
s0024_00059_0_0_0_0_0_01.png,train,0,s0024,0,0,0,0,01,data/raw/mrlEyes_2018_01/s0024/s0024_00059_0_0_0_0_0_01.png
s0026_00324_0_0_0_0_0_01.png,val,0,s0026,0,0,0,0,01,data/raw/mrlEyes_2018_01/s0026/s0026_00324_0_0_0_0_0_01.png
s0025_01402_0_0_1_0_1_01.png,train,1,s0025,0,0,0,1,01,data/raw/mrlEyes_2018_01/s0025/s0025_01402_0_0_1_0_1_01.png
s0036_05283_1_1_1_0_0_01.png,train,1,s0036,1,1,0,0,01,data/raw/mrlEyes_2018_01/s0036/s0036_05283_1_1_1_0_0_01.png
s0008_00212_0_1_0_0_0_01.png,train,0,s0008,0,1,0,0,01,data/raw/mrlEyes_2018_01/s0008/s0008_00212_0_1_0_0_0_01.png
s0016_01752_1_0_1_0_1_01.png,test,1,s0016,1,0,0,1,01,data/raw/mrlEyes_2018_01/s0016/s0016_01752_1_0_1_0_1_01.png
s0013_02561_0_1_0_0_0_01.png,val,0,s0013,0,1,0,0,01,data/raw/mrlEyes_2018_01/s0013/s0013_02561_0_1_0_0_0_01.png
s0031_00158_1_0_0_2_1_02.png,train,0,s0031,1,0,2,1,02,data/raw/mrlEyes_2018_01/s0031/s0031_00158_1_0_0_2_1_02.png
s0010_00002_0_0_0_0_0_01.png,train,0,s0010,0,0,0,0,01,data/raw/mrlEyes_2018_01/s0010/s0010_00002_0_0_0_0_0_01.png
s0014_06945_0_1_1_1_1_01.png,train,1,s0014,0,1,1,1,01,data/raw/mrlEyes_2018_01/s0014/s0014_06945_0_1_1_1_1_01.png
s0025_01011_0_0_1_0_1_01.png,train,1,s0025,0,0,0,1,01,data/raw/mrlEyes_2018_01/s0025/s0025_01011_0_0_1_0_1_01.png
s0035_00485_0_1_1_1_0_02.png,train,1,s0035,0,1,1,0,02,data/raw/mrlEyes_2018_01/s0035/s0035_00485_0_1_1_1_0_02.png
s0037_00203_1_0_0_0_0_01.png,train,0,s0037,1,0,0,0,01,data/raw/mrlEyes_2018_01/s0037/s0037_00203_1_0_0_0_0_01.png
s0013_00857_0_0_0_0_0_01.png,val,0,s0013,0,0,0,0,01,data/raw/mrlEyes_2018_01/s0013/s0013_00857_0_0_0_0_0_01.png
s0023_00333_0_0_1_0_1_01.png,train,1,s0023,0,0,0,1,01,data/raw/mrlEyes_2018_01/s0023/s0023_00333_0_0_1_0_1_01.png
s0022_00063_0_1_0_0_1_01.png,train,0,s0022,0,1,0,1,01,data/raw/mrlEyes_2018_01/s0022/s0022_00063_0_1_0_0_1_01.png
s0010_00022_0_0_0_0_0_01.png,train,0,s0010,0,0,0,0,01,data/raw/mrlEyes_2018_01/s0010/s0010_00022_0_0_0_0_0_01.png
s0028_00350_0_1_1_0_0_01.png,train,1,s0028,0,1,0,0,01,data/raw/mrlEyes_2018_01/s0028/s0028_00350_0_1_1_0_0_01.png
s0009_00212_0_0_0_0_0_01.png,test,0,s0009,0,0,0,0,01,data/raw/mrlEyes_2018_01/s0009/s0009_00212_0_0_0_0_0_01.png
s0003_00163_0_0_0_0_0_01.png,test,0,s0003,0,0,0,0,01,data/raw/mrlEyes_2018_01/s0003/s0003_00163_0_0_0_0_0_01.png
s0027_00052_0_1_0_2_0_01.png,val,0,s0027,0,1,2,0,01,data/raw/mrlEyes_2018_01/s0027/s0027_00052_0_1_0_2_0_01.png
s0027_00520_0_1_1_2_1_01.png,val,1,s0027,0,1,2,1,01,data/raw/mrlEyes_2018_01/s0027/s0027_00520_0_1_1_2_1_01.png
s0002_01063_0_0_1_0_0_01.png,train,1,s0002,0,0,0,0,01,data/raw/mrlEyes_2018_01/s0002/s0002_01063_0_0_1_0_0_01.png
s0023_00109_0_0_1_0_1_01.png,train,1,s0023,0,0,0,1,01,data/raw/mrlEyes_2018_01/s0023/s0023_00109_0_0_1_0_1_01.png
s0027_00035_0_1_0_1_0_01.png,val,0,s0027,0,1,1,0,01,data/raw/mrlEyes_2018_01/s0027/s0027_00035_0_1_0_1_0_01.png
s0030_00070_0_0_0_0_1_01.png,val,0,s0030,0,0,0,1,01,data/raw/mrlEyes_2018_01/s0030/s0030_00070_0_0_0_0_1_01.png
s0030_01227_0_0_1_0_1_01.png,val,1,s0030,0,0,0,1,01,data/raw/mrlEyes_2018_01/s0030/s0030_01227_0_0_1_0_1_01.png
s0020_00532_0_0_1_0_0_01.png,train,1,s0020,0,0,0,0,01,data/raw/mrlEyes_2018_01/s0020/s0020_00532_0_0_1_0_0_01.png
s0029_00325_0_0_1_0_0_01.png,train,1,s0029,0,0,0,0,01,data/raw/mrlEyes_2018_01/s0029/s0029_00325_0_0_1_0_0_01.png
s0009_00103_0_0_0_0_0_01.png,test,0,s0009,0,0,0,0,01,data/raw/mrlEyes_2018_01/s0009/s0009_00103_0_0_0_0_0_01.png
s0013_02599_0_1_0_0_0_01.png,val,0,s0013,0,1,0,0,01,data/raw/mrlEyes_2018_01/s0013/s0013_02599_0_1_0_0_0_01.png
s0022_00193_0_0_1_0_1_01.png,train,1,s0022,0,0,0,1,01,data/raw/mrlEyes_2018_01/s0022/s0022_00193_0_0_1_0_1_01.png
s0034_00636_0_0_1_0_0_02.png,train,1,s0034,0,0,0,0,02,data/raw/mrlEyes_2018_01/s0034/s0034_00636_0_0_1_0_0_02.png
s0024_00104_0_1_0_2_0_01.png,train,0,s0024,0,1,2,0,01,data/raw/mrlEyes_2018_01/s0024/s0024_00104_0_1_0_2_0_01.png
s0001_01891_0_0_1_0_0_01.png,val,1,s0001,0,0,0,0,01,data/raw/mrlEyes_2018_01/s0001/s0001_01891_0_0_1_0_0_01.png
s0011_00871_0_0_0_0_0_01.png,train,0,s0011,0,0,0,0,01,data/raw/mrlEyes_2018_01/s0011/s0011_00871_0_0_0_0_0_01.png
s0025_00405_0_0_1_0_0_01.png,train,1,s0025,0,0,0,0,01,data/raw/mrlEyes_2018_01/s0025/s0025_00405_0_0_1_0_0_01.png
s0028_00139_0_0_1_0_0_01.png,train,1,s0028,0,0,0,0,01,data/raw/mrlEyes_2018_01/s0028/s0028_00139_0_0_1_0_0_01.png
s0009_00381_0_0_1_0_0_01.png,test,1,s0009,0,0,0,0,01,data/raw/mrlEyes_2018_01/s0009/s0009_00381_0_0_1_0_0_01.png
s0018_03775_0_0_1_0_1_01.png,train,1,s0018,0,0,0,1,01,data/raw/mrlEyes_2018_01/s0018/s0018_03775_0_0_1_0_1_01.png
s0020_00296_0_0_1_0_0_01.png,train,1,s0020,0,0,0,0,01,data/raw/mrlEyes_2018_01/s0020/s0020_00296_0_0_1_0_0_01.png
s0003_00559_0_0_0_0_0_01.png,test,0,s0003,0,0,0,0,01,data/raw/mrlEyes_2018_01/s0003/s0003_00559_0_0_0_0_0_01.png
s0024_00089_0_1_0_0_0_01.png,train,0,s0024,0,1,0,0,01,data/raw/mrlEyes_2018_01/s0024/s0024_00089_0_1_0_0_0_01.png
s0024_00460_0_0_1_0_0_01.png,train,1,s0024,0,0,0,0,01,data/raw/mrlEyes_2018_01/s0024/s0024_00460_0_0_1_0_0_01.png
s0023_00044_0_0_0_0_1_01.png,train,0,s0023,0,0,0,1,01,data/raw/mrlEyes_2018_01/s0023/s0023_00044_0_0_0_0_1_01.png
s0009_00368_0_0_1_0_0_01.png,test,1,s0009,0,0,0,0,01,data/raw/mrlEyes_2018_01/s0009/s0009_00368_0_0_1_0_0_01.png
s0002_00427_0_0_0_0_1_01.png,train,0,s0002,0,0,0,1,01,data/raw/mrlEyes_2018_01/s0002/s0002_00427_0_0_0_0_1_01.png
s0018_02612_0_1_0_0_1_01.png,train,0,s0018,0,1,0,1,01,data/raw/mrlEyes_2018_01/s0018/s0018_02612_0_1_0_0_1_01.png
s0009_00177_0_0_0_0_0_01.png,test,0,s0009,0,0,0,0,01,data/raw/mrlEyes_2018_01/s0009/s0009_00177_0_0_0_0_0_01.png
s0037_09880_1_1_1_1_0_01.png,train,1,s0037,1,1,1,0,01,data/raw/mrlEyes_2018_01/s0037/s0037_09880_1_1_1_1_0_01.png
s0029_01290_0_0_1_0_1_01.png,train,1,s0029,0,0,0,1,01,data/raw/mrlEyes_2018_01/s0029/s0029_01290_0_0_1_0_1_01.png
s0014_03383_0_1_0_0_0_01.png,train,0,s0014,0,1,0,0,01,data/raw/mrlEyes_2018_01/s0014/s0014_03383_0_1_0_0_0_01.png
s0020_00530_0_0_1_0_0_01.png,train,1,s0020,0,0,0,0,01,data/raw/mrlEyes_2018_01/s0020/s0020_00530_0_0_1_0_0_01.png
s0030_00464_0_0_1_0_1_01.png,val,1,s0030,0,0,0,1,01,data/raw/mrlEyes_2018_01/s0030/s0030_00464_0_0_1_0_1_01.png
s0006_00629_0_1_0_1_0_01.png,train,0,s0006,0,1,1,0,01,data/raw/mrlEyes_2018_01/s0006/s0006_00629_0_1_0_1_0_01.png
s0037_06616_1_0_1_0_0_01.png,train,1,s0037,1,0,0,0,01,data/raw/mrlEyes_2018_01/s0037/s0037_06616_1_0_1_0_0_01.png
s0035_00408_0_1_1_0_1_02.png,train,1,s0035,0,1,0,1,02,data/raw/mrlEyes_2018_01/s0035/s0035_00408_0_1_1_0_1_02.png
s0021_00174_0_0_1_0_0_01.png,train,1,s0021,0,0,0,0,01,data/raw/mrlEyes_2018_01/s0021/s0021_00174_0_0_1_0_0_01.png
s0014_06108_0_0_1_0_1_01.png,train,1,s0014,0,0,0,1,01,data/raw/mrlEyes_2018_01/s0014/s0014_06108_0_0_1_0_1_01.png
s0014_02998_0_1_0_1_1_01.png,train,0,s0014,0,1,1,1,01,data/raw/mrlEyes_2018_01/s0014/s0014_02998_0_1_0_1_1_01.png
s0002_00533_0_0_0_0_0_01.png,train,0,s0002,0,0,0,0,01,data/raw/mrlEyes_2018_01/s0002/s0002_00533_0_0_0_0_0_01.png
s0015_00691_0_0_0_0_1_01.png,test,0,s0015,0,0,0,1,01,data/raw/mrlEyes_2018_01/s0015/s0015_00691_0_0_0_0_1_01.png
s0036_01438_1_1_0_0_0_01.png,train,0,s0036,1,1,0,0,01,data/raw/mrlEyes_2018_01/s0036/s0036_01438_1_1_0_0_0_01.png
s0019_01124_0_0_0_0_0_01.png,train,0,s0019,0,0,0,0,01,data/raw/mrlEyes_2018_01/s0019/s0019_01124_0_0_0_0_0_01.png
s0034_00666_0_0_1_0_0_02.png,train,1,s0034,0,0,0,0,02,data/raw/mrlEyes_2018_01/s0034/s0034_00666_0_0_1_0_0_02.png
s0010_00031_0_0_0_0_0_01.png,train,0,s0010,0,0,0,0,01,data/raw/mrlEyes_2018_01/s0010/s0010_00031_0_0_0_0_0_01.png
s0018_00854_0_0_0_0_1_01.png,train,0,s0018,0,0,0,1,01,data/raw/mrlEyes_2018_01/s0018/s0018_00854_0_0_0_0_1_01.png
s0026_00200_0_0_0_0_0_01.png,val,0,s0026,0,0,0,0,01,data/raw/mrlEyes_2018_01/s0026/s0026_00200_0_0_0_0_0_01.png
s0013_00670_0_0_0_0_0_01.png,val,0,s0013,0,0,0,0,01,data/raw/mrlEyes_2018_01/s0013/s0013_00670_0_0_0_0_0_01.png
s0030_00285_0_0_0_0_1_01.png,val,0,s0030,0,0,0,1,01,data/raw/mrlEyes_2018_01/s0030/s0030_00285_0_0_0_0_1_01.png
s0023_00148_0_0_1_0_1_01.png,train,1,s0023,0,0,0,1,01,data/raw/mrlEyes_2018_01/s0023/s0023_00148_0_0_1_0_1_01.png
s0022_00337_0_1_1_2_1_01.png,train,1,s0022,0,1,2,1,01,data/raw/mrlEyes_2018_01/s0022/s0022_00337_0_1_1_2_1_01.png
s0008_00199_0_1_0_0_0_01.png,train,0,s0008,0,1,0,0,01,data/raw/mrlEyes_2018_01/s0008/s0008_00199_0_1_0_0_0_01.png
s0034_00613_0_0_1_0_0_02.png,train,1,s0034,0,0,0,0,02,data/raw/mrlEyes_2018_01/s0034/s0034_00613_0_0_1_0_0_02.png
s0037_01230_1_0_0_0_1_01.png,train,0,s0037,1,0,0,1,01,data/raw/mrlEyes_2018_01/s0037/s0037_01230_1_0_0_0_1_01.png
s0007_00450_0_0_0_0_1_01.png,test,0,s0007,0,0,0,1,01,data/raw/mrlEyes_2018_01/s0007/s0007_00450_0_0_0_0_1_01.png
s0029_00758_0_0_1_0_1_01.png,train,1,s0029,0,0,0,1,01,data/raw/mrlEyes_2018_01/s0029/s0029_00758_0_0_1_0_1_01.png
s0037_06030_1_0_1_0_0_01.png,train,1,s0037,1,0,0,0,01,data/raw/mrlEyes_2018_01/s0037/s0037_06030_1_0_1_0_0_01.png
s0002_01047_0_0_1_0_0_01.png,train,1,s0002,0,0,0,0,01,data/raw/mrlEyes_2018_01/s0002/s0002_01047_0_0_1_0_0_01.png
s0018_00410_0_0_0_0_1_01.png,train,0,s0018,0,0,0,1,01,data/raw/mrlEyes_2018_01/s0018/s0018_00410_0_0_0_0_1_01.png
s0031_00217_1_0_0_0_0_02.png,train,0,s0031,1,0,0,0,02,data/raw/mrlEyes_2018_01/s0031/s0031_00217_1_0_0_0_0_02.png
s0003_00617_0_0_1_0_0_01.png,test,1,s0003,0,0,0,0,01,data/raw/mrlEyes_2018_01/s0003/s0003_00617_0_0_1_0_0_01.png
s0025_00110_0_0_0_0_0_01.png,train,0,s0025,0,0,0,0,01,data/raw/mrlEyes_2018_01/s0025/s0025_00110_0_0_0_0_0_01.png
s0036_00217_1_0_0_0_1_01.png,train,0,s0036,1,0,0,1,01,data/raw/mrlEyes_2018_01/s0036/s0036_00217_1_0_0_0_1_01.png
s0031_01201_1_0_1_2_1_02.png,train,1,s0031,1,0,2,1,02,data/raw/mrlEyes_2018_01/s0031/s0031_01201_1_0_1_2_1_02.png
s0033_00556_0_0_1_0_1_01.png,test,1,s0033,0,0,0,1,01,data/raw/mrlEyes_2018_01/s0033/s0033_00556_0_0_1_0_1_01.png
s0027_00600_0_1_1_2_1_01.png,val,1,s0027,0,1,2,1,01,data/raw/mrlEyes_2018_01/s0027/s0027_00600_0_1_1_2_1_01.png
s0002_00992_0_0_0_0_0_01.png,train,0,s0002,0,0,0,0,01,data/raw/mrlEyes_2018_01/s0002/s0002_00992_0_0_0_0_0_01.png
s0011_01588_0_0_1_0_0_01.png,train,1,s0011,0,0,0,0,01,data/raw/mrlEyes_2018_01/s0011/s0011_01588_0_0_1_0_0_01.png
s0012_07891_0_0_1_1_0_02.png,train,1,s0012,0,0,1,0,02,data/raw/mrlEyes_2018_01/s0012/s0012_07891_0_0_1_1_0_02.png
s0012_03266_0_1_0_2_0_01.png,train,0,s0012,0,1,2,0,01,data/raw/mrlEyes_2018_01/s0012/s0012_03266_0_1_0_2_0_01.png
s0012_07517_0_0_1_0_1_01.png,train,1,s0012,0,0,0,1,01,data/raw/mrlEyes_2018_01/s0012/s0012_07517_0_0_1_0_1_01.png
s0032_00040_0_0_0_0_1_02.png,test,0,s0032,0,0,0,1,02,data/raw/mrlEyes_2018_01/s0032/s0032_00040_0_0_0_0_1_02.png
s0037_08583_1_0_1_0_1_01.png,train,1,s0037,1,0,0,1,01,data/raw/mrlEyes_2018_01/s0037/s0037_08583_1_0_1_0_1_01.png
s0023_00047_0_0_0_0_1_01.png,train,0,s0023,0,0,0,1,01,data/raw/mrlEyes_2018_01/s0023/s0023_00047_0_0_0_0_1_01.png
s0021_00902_0_1_1_0_0_01.png,train,1,s0021,0,1,0,0,01,data/raw/mrlEyes_2018_01/s0021/s0021_00902_0_1_1_0_0_01.png
s0019_05220_0_0_1_0_0_01.png,train,1,s0019,0,0,0,0,01,data/raw/mrlEyes_2018_01/s0019/s0019_05220_0_0_1_0_0_01.png
s0026_00872_0_0_1_0_1_01.png,val,1,s0026,0,0,0,1,01,data/raw/mrlEyes_2018_01/s0026/s0026_00872_0_0_1_0_1_01.png
s0032_00087_0_0_0_2_1_02.png,test,0,s0032,0,0,2,1,02,data/raw/mrlEyes_2018_01/s0032/s0032_00087_0_0_0_2_1_02.png
s0006_00554_0_1_0_1_0_01.png,train,0,s0006,0,1,1,0,01,data/raw/mrlEyes_2018_01/s0006/s0006_00554_0_1_0_1_0_01.png
s0032_00063_0_0_0_0_1_02.png,test,0,s0032,0,0,0,1,02,data/raw/mrlEyes_2018_01/s0032/s0032_00063_0_0_0_0_1_02.png
s0002_00680_0_0_0_0_0_01.png,train,0,s0002,0,0,0,0,01,data/raw/mrlEyes_2018_01/s0002/s0002_00680_0_0_0_0_0_01.png
s0012_04725_0_0_1_0_1_03.png,train,1,s0012,0,0,0,1,03,data/raw/mrlEyes_2018_01/s0012/s0012_04725_0_0_1_0_1_03.png
s0005_00730_0_0_1_0_0_01.png,val,1,s0005,0,0,0,0,01,data/raw/mrlEyes_2018_01/s0005/s0005_00730_0_0_1_0_0_01.png
s0026_00366_0_0_0_0_0_01.png,val,0,s0026,0,0,0,0,01,data/raw/mrlEyes_2018_01/s0026/s0026_00366_0_0_0_0_0_01.png
s0008_00580_0_1_0_0_0_01.png,train,0,s0008,0,1,0,0,01,data/raw/mrlEyes_2018_01/s0008/s0008_00580_0_1_0_0_0_01.png
s0010_00371_0_0_1_0_0_01.png,train,1,s0010,0,0,0,0,01,data/raw/mrlEyes_2018_01/s0010/s0010_00371_0_0_1_0_0_01.png
s0019_02542_0_0_0_0_0_01.png,train,0,s0019,0,0,0,0,01,data/raw/mrlEyes_2018_01/s0019/s0019_02542_0_0_0_0_0_01.png
s0015_00793_0_0_1_0_1_01.png,test,1,s0015,0,0,0,1,01,data/raw/mrlEyes_2018_01/s0015/s0015_00793_0_0_1_0_1_01.png
s0001_00332_0_0_0_0_0_01.png,val,0,s0001,0,0,0,0,01,data/raw/mrlEyes_2018_01/s0001/s0001_00332_0_0_0_0_0_01.png
s0029_00509_0_0_1_0_1_01.png,train,1,s0029,0,0,0,1,01,data/raw/mrlEyes_2018_01/s0029/s0029_00509_0_0_1_0_1_01.png
s0030_00236_0_0_0_0_1_01.png,val,0,s0030,0,0,0,1,01,data/raw/mrlEyes_2018_01/s0030/s0030_00236_0_0_0_0_1_01.png
s0002_01041_0_0_1_0_0_01.png,train,1,s0002,0,0,0,0,01,data/raw/mrlEyes_2018_01/s0002/s0002_01041_0_0_1_0_0_01.png
s0037_04800_1_1_0_0_1_01.png,train,0,s0037,1,1,0,1,01,data/raw/mrlEyes_2018_01/s0037/s0037_04800_1_1_0_0_1_01.png
s0030_01150_0_0_1_0_1_01.png,val,1,s0030,0,0,0,1,01,data/raw/mrlEyes_2018_01/s0030/s0030_01150_0_0_1_0_1_01.png
s0025_00862_0_0_1_0_1_01.png,train,1,s0025,0,0,0,1,01,data/raw/mrlEyes_2018_01/s0025/s0025_00862_0_0_1_0_1_01.png
s0011_00652_0_0_0_0_0_01.png,train,0,s0011,0,0,0,0,01,data/raw/mrlEyes_2018_01/s0011/s0011_00652_0_0_0_0_0_01.png
s0018_02251_0_1_0_0_0_01.png,train,0,s0018,0,1,0,0,01,data/raw/mrlEyes_2018_01/s0018/s0018_02251_0_1_0_0_0_01.png
s0021_00448_0_0_1_0_0_01.png,train,1,s0021,0,0,0,0,01,data/raw/mrlEyes_2018_01/s0021/s0021_00448_0_0_1_0_0_01.png
s0032_02767_0_1_1_2_1_02.png,test,1,s0032,0,1,2,1,02,data/raw/mrlEyes_2018_01/s0032/s0032_02767_0_1_1_2_1_02.png
s0034_00248_0_0_1_0_0_02.png,train,1,s0034,0,0,0,0,02,data/raw/mrlEyes_2018_01/s0034/s0034_00248_0_0_1_0_0_02.png
s0036_05971_1_1_1_0_0_01.png,train,1,s0036,1,1,0,0,01,data/raw/mrlEyes_2018_01/s0036/s0036_05971_1_1_1_0_0_01.png
s0015_00967_0_0_1_0_1_01.png,test,1,s0015,0,0,0,1,01,data/raw/mrlEyes_2018_01/s0015/s0015_00967_0_0_1_0_1_01.png
s0020_00122_0_0_1_0_1_01.png,train,1,s0020,0,0,0,1,01,data/raw/mrlEyes_2018_01/s0020/s0020_00122_0_0_1_0_1_01.png
s0010_00027_0_0_0_0_0_01.png,train,0,s0010,0,0,0,0,01,data/raw/mrlEyes_2018_01/s0010/s0010_00027_0_0_0_0_0_01.png
s0024_00187_0_1_0_0_0_01.png,train,0,s0024,0,1,0,0,01,data/raw/mrlEyes_2018_01/s0024/s0024_00187_0_1_0_0_0_01.png
s0035_00225_0_1_1_0_0_02.png,train,1,s0035,0,1,0,0,02,data/raw/mrlEyes_2018_01/s0035/s0035_00225_0_1_1_0_0_02.png
s0028_00435_0_1_1_0_0_01.png,train,1,s0028,0,1,0,0,01,data/raw/mrlEyes_2018_01/s0028/s0028_00435_0_1_1_0_0_01.png
s0011_01559_0_0_1_0_0_01.png,train,1,s0011,0,0,0,0,01,data/raw/mrlEyes_2018_01/s0011/s0011_01559_0_0_1_0_0_01.png
s0016_00546_1_0_0_0_1_01.png,test,0,s0016,1,0,0,1,01,data/raw/mrlEyes_2018_01/s0016/s0016_00546_1_0_0_0_1_01.png
s0014_08045_0_0_1_1_0_02.png,train,1,s0014,0,0,1,0,02,data/raw/mrlEyes_2018_01/s0014/s0014_08045_0_0_1_1_0_02.png
s0001_01631_0_1_0_2_0_01.png,val,0,s0001,0,1,2,0,01,data/raw/mrlEyes_2018_01/s0001/s0001_01631_0_1_0_2_0_01.png
s0037_04461_1_1_0_0_0_01.png,train,0,s0037,1,1,0,0,01,data/raw/mrlEyes_2018_01/s0037/s0037_04461_1_1_0_0_0_01.png
s0029_00935_0_0_1_0_1_01.png,train,1,s0029,0,0,0,1,01,data/raw/mrlEyes_2018_01/s0029/s0029_00935_0_0_1_0_1_01.png
s0019_03467_0_0_1_0_0_01.png,train,1,s0019,0,0,0,0,01,data/raw/mrlEyes_2018_01/s0019/s0019_03467_0_0_1_0_0_01.png
s0037_01138_1_0_0_0_0_01.png,train,0,s0037,1,0,0,0,01,data/raw/mrlEyes_2018_01/s0037/s0037_01138_1_0_0_0_0_01.png
s0010_00045_0_0_0_0_0_01.png,train,0,s0010,0,0,0,0,01,data/raw/mrlEyes_2018_01/s0010/s0010_00045_0_0_0_0_0_01.png
s0005_00288_0_0_0_0_0_01.png,val,0,s0005,0,0,0,0,01,data/raw/mrlEyes_2018_01/s0005/s0005_00288_0_0_0_0_0_01.png
s0022_00279_0_0_1_0_1_01.png,train,1,s0022,0,0,0,1,01,data/raw/mrlEyes_2018_01/s0022/s0022_00279_0_0_1_0_1_01.png
s0015_00801_0_0_1_0_1_01.png,test,1,s0015,0,0,0,1,01,data/raw/mrlEyes_2018_01/s0015/s0015_00801_0_0_1_0_1_01.png
s0030_00188_0_0_0_0_1_01.png,val,0,s0030,0,0,0,1,01,data/raw/mrlEyes_2018_01/s0030/s0030_00188_0_0_0_0_1_01.png
s0025_00002_0_0_0_0_0_01.png,train,0,s0025,0,0,0,0,01,data/raw/mrlEyes_2018_01/s0025/s0025_00002_0_0_0_0_0_01.png
s0023_00356_0_0_1_0_1_01.png,train,1,s0023,0,0,0,1,01,data/raw/mrlEyes_2018_01/s0023/s0023_00356_0_0_1_0_1_01.png
s0027_00042_0_1_0_2_0_01.png,val,0,s0027,0,1,2,0,01,data/raw/mrlEyes_2018_01/s0027/s0027_00042_0_1_0_2_0_01.png
s0015_00045_0_0_0_0_1_01.png,test,0,s0015,0,0,0,1,01,data/raw/mrlEyes_2018_01/s0015/s0015_00045_0_0_0_0_1_01.png
s0032_03091_0_0_1_0_1_02.png,test,1,s0032,0,0,0,1,02,data/raw/mrlEyes_2018_01/s0032/s0032_03091_0_0_1_0_1_02.png
s0002_01105_0_0_1_0_0_01.png,train,1,s0002,0,0,0,0,01,data/raw/mrlEyes_2018_01/s0002/s0002_01105_0_0_1_0_0_01.png
s0036_01734_1_1_0_2_0_01.png,train,0,s0036,1,1,2,0,01,data/raw/mrlEyes_2018_01/s0036/s0036_01734_1_1_0_2_0_01.png
s0006_00505_0_1_0_0_0_01.png,train,0,s0006,0,1,0,0,01,data/raw/mrlEyes_2018_01/s0006/s0006_00505_0_1_0_0_0_01.png
s0023_00128_0_0_1_0_1_01.png,train,1,s0023,0,0,0,1,01,data/raw/mrlEyes_2018_01/s0023/s0023_00128_0_0_1_0_1_01.png
s0001_02460_0_0_1_0_0_01.png,val,1,s0001,0,0,0,0,01,data/raw/mrlEyes_2018_01/s0001/s0001_02460_0_0_1_0_0_01.png
s0031_00074_1_0_0_0_1_02.png,train,0,s0031,1,0,0,1,02,data/raw/mrlEyes_2018_01/s0031/s0031_00074_1_0_0_0_1_02.png
s0033_00187_0_0_1_0_1_01.png,test,1,s0033,0,0,0,1,01,data/raw/mrlEyes_2018_01/s0033/s0033_00187_0_0_1_0_1_01.png
s0034_00058_0_0_0_0_0_02.png,train,0,s0034,0,0,0,0,02,data/raw/mrlEyes_2018_01/s0034/s0034_00058_0_0_0_0_0_02.png
s0007_00116_0_0_0_0_1_01.png,test,0,s0007,0,0,0,1,01,data/raw/mrlEyes_2018_01/s0007/s0007_00116_0_0_0_0_1_01.png
s0023_00332_0_0_1_0_1_01.png,train,1,s0023,0,0,0,1,01,data/raw/mrlEyes_2018_01/s0023/s0023_00332_0_0_1_0_1_01.png
s0029_00186_0_0_1_0_1_01.png,train,1,s0029,0,0,0,1,01,data/raw/mrlEyes_2018_01/s0029/s0029_00186_0_0_1_0_1_01.png
s0032_00107_0_0_0_2_1_02.png,test,0,s0032,0,0,2,1,02,data/raw/mrlEyes_2018_01/s0032/s0032_00107_0_0_0_2_1_02.png
s0026_00386_0_0_0_0_0_01.png,val,0,s0026,0,0,0,0,01,data/raw/mrlEyes_2018_01/s0026/s0026_00386_0_0_0_0_0_01.png
s0020_00321_0_0_1_0_1_01.png,train,1,s0020,0,0,0,1,01,data/raw/mrlEyes_2018_01/s0020/s0020_00321_0_0_1_0_1_01.png
s0032_05037_0_0_1_2_1_02.png,test,1,s0032,0,0,2,1,02,data/raw/mrlEyes_2018_01/s0032/s0032_05037_0_0_1_2_1_02.png
s0013_03528_0_1_1_0_0_01.png,val,1,s0013,0,1,0,0,01,data/raw/mrlEyes_2018_01/s0013/s0013_03528_0_1_1_0_0_01.png
s0020_00539_0_0_1_0_0_01.png,train,1,s0020,0,0,0,0,01,data/raw/mrlEyes_2018_01/s0020/s0020_00539_0_0_1_0_0_01.png
s0002_00699_0_0_0_0_0_01.png,train,0,s0002,0,0,0,0,01,data/raw/mrlEyes_2018_01/s0002/s0002_00699_0_0_0_0_0_01.png
s0028_00072_0_0_1_0_0_01.png,train,1,s0028,0,0,0,0,01,data/raw/mrlEyes_2018_01/s0028/s0028_00072_0_0_1_0_0_01.png
s0035_00074_0_1_1_0_0_02.png,train,1,s0035,0,1,0,0,02,data/raw/mrlEyes_2018_01/s0035/s0035_00074_0_1_1_0_0_02.png
s0021_00052_0_0_0_0_0_01.png,train,0,s0021,0,0,0,0,01,data/raw/mrlEyes_2018_01/s0021/s0021_00052_0_0_0_0_0_01.png
s0035_00277_0_1_1_0_0_02.png,train,1,s0035,0,1,0,0,02,data/raw/mrlEyes_2018_01/s0035/s0035_00277_0_1_1_0_0_02.png
s0018_04281_0_1_1_2_0_01.png,train,1,s0018,0,1,2,0,01,data/raw/mrlEyes_2018_01/s0018/s0018_04281_0_1_1_2_0_01.png
s0001_01435_0_1_0_2_0_01.png,val,0,s0001,0,1,2,0,01,data/raw/mrlEyes_2018_01/s0001/s0001_01435_0_1_0_2_0_01.png
s0018_00126_0_0_0_0_0_01.png,train,0,s0018,0,0,0,0,01,data/raw/mrlEyes_2018_01/s0018/s0018_00126_0_0_0_0_0_01.png
s0004_01061_0_0_0_0_0_01.png,val,0,s0004,0,0,0,0,01,data/raw/mrlEyes_2018_01/s0004/s0004_01061_0_0_0_0_0_01.png
s0005_00484_0_0_0_0_0_01.png,val,0,s0005,0,0,0,0,01,data/raw/mrlEyes_2018_01/s0005/s0005_00484_0_0_0_0_0_01.png
s0022_00250_0_0_1_0_1_01.png,train,1,s0022,0,0,0,1,01,data/raw/mrlEyes_2018_01/s0022/s0022_00250_0_0_1_0_1_01.png
s0002_00265_0_0_0_0_0_01.png,train,0,s0002,0,0,0,0,01,data/raw/mrlEyes_2018_01/s0002/s0002_00265_0_0_0_0_0_01.png
s0031_00150_1_0_0_2_1_02.png,train,0,s0031,1,0,2,1,02,data/raw/mrlEyes_2018_01/s0031/s0031_00150_1_0_0_2_1_02.png
s0019_01243_0_0_0_0_0_01.png,train,0,s0019,0,0,0,0,01,data/raw/mrlEyes_2018_01/s0019/s0019_01243_0_0_0_0_0_01.png
s0019_02660_0_0_0_0_0_01.png,train,0,s0019,0,0,0,0,01,data/raw/mrlEyes_2018_01/s0019/s0019_02660_0_0_0_0_0_01.png
s0037_06475_1_0_1_0_1_01.png,train,1,s0037,1,0,0,1,01,data/raw/mrlEyes_2018_01/s0037/s0037_06475_1_0_1_0_1_01.png
s0026_00999_0_0_1_0_1_01.png,val,1,s0026,0,0,0,1,01,data/raw/mrlEyes_2018_01/s0026/s0026_00999_0_0_1_0_1_01.png
s0012_03336_0_1_0_0_0_01.png,train,0,s0012,0,1,0,0,01,data/raw/mrlEyes_2018_01/s0012/s0012_03336_0_1_0_0_0_01.png
s0003_00505_0_0_0_0_0_01.png,test,0,s0003,0,0,0,0,01,data/raw/mrlEyes_2018_01/s0003/s0003_00505_0_0_0_0_0_01.png
s0001_02887_0_1_1_0_1_01.png,val,1,s0001,0,1,0,1,01,data/raw/mrlEyes_2018_01/s0001/s0001_02887_0_1_1_0_1_01.png
s0017_01639_1_0_1_0_1_01.png,test,1,s0017,1,0,0,1,01,data/raw/mrlEyes_2018_01/s0017/s0017_01639_1_0_1_0_1_01.png
s0036_01127_1_1_0_2_0_01.png,train,0,s0036,1,1,2,0,01,data/raw/mrlEyes_2018_01/s0036/s0036_01127_1_1_0_2_0_01.png
s0028_00311_0_1_1_0_0_01.png,train,1,s0028,0,1,0,0,01,data/raw/mrlEyes_2018_01/s0028/s0028_00311_0_1_1_0_0_01.png
s0007_00492_0_0_0_0_0_01.png,test,0,s0007,0,0,0,0,01,data/raw/mrlEyes_2018_01/s0007/s0007_00492_0_0_0_0_0_01.png
s0023_00378_0_0_1_0_1_01.png,train,1,s0023,0,0,0,1,01,data/raw/mrlEyes_2018_01/s0023/s0023_00378_0_0_1_0_1_01.png
s0031_00717_1_0_1_1_1_02.png,train,1,s0031,1,0,1,1,02,data/raw/mrlEyes_2018_01/s0031/s0031_00717_1_0_1_1_1_02.png
s0012_05707_0_0_1_0_0_03.png,train,1,s0012,0,0,0,0,03,data/raw/mrlEyes_2018_01/s0012/s0012_05707_0_0_1_0_0_03.png
s0029_01385_0_0_1_0_1_01.png,train,1,s0029,0,0,0,1,01,data/raw/mrlEyes_2018_01/s0029/s0029_01385_0_0_1_0_1_01.png
s0013_01833_0_1_0_0_0_01.png,val,0,s0013,0,1,0,0,01,data/raw/mrlEyes_2018_01/s0013/s0013_01833_0_1_0_0_0_01.png
s0036_04228_1_0_1_0_0_01.png,train,1,s0036,1,0,0,0,01,data/raw/mrlEyes_2018_01/s0036/s0036_04228_1_0_1_0_0_01.png
s0035_00024_0_1_1_0_1_02.png,train,1,s0035,0,1,0,1,02,data/raw/mrlEyes_2018_01/s0035/s0035_00024_0_1_1_0_1_02.png
s0028_00047_0_0_1_0_0_01.png,train,1,s0028,0,0,0,0,01,data/raw/mrlEyes_2018_01/s0028/s0028_00047_0_0_1_0_0_01.png
s0034_00111_0_0_0_0_0_02.png,train,0,s0034,0,0,0,0,02,data/raw/mrlEyes_2018_01/s0034/s0034_00111_0_0_0_0_0_02.png
s0037_01568_1_0_0_0_0_01.png,train,0,s0037,1,0,0,0,01,data/raw/mrlEyes_2018_01/s0037/s0037_01568_1_0_0_0_0_01.png
s0034_00059_0_0_0_0_0_02.png,train,0,s0034,0,0,0,0,02,data/raw/mrlEyes_2018_01/s0034/s0034_00059_0_0_0_0_0_02.png
s0020_00141_0_0_1_0_1_01.png,train,1,s0020,0,0,0,1,01,data/raw/mrlEyes_2018_01/s0020/s0020_00141_0_0_1_0_1_01.png
s0037_01265_1_0_0_0_0_01.png,train,0,s0037,1,0,0,0,01,data/raw/mrlEyes_2018_01/s0037/s0037_01265_1_0_0_0_0_01.png
s0030_00463_0_0_1_0_1_01.png,val,1,s0030,0,0,0,1,01,data/raw/mrlEyes_2018_01/s0030/s0030_00463_0_0_1_0_1_01.png
s0019_02227_0_0_0_0_1_01.png,train,0,s0019,0,0,0,1,01,data/raw/mrlEyes_2018_01/s0019/s0019_02227_0_0_0_0_1_01.png
s0027_00080_0_1_0_0_0_01.png,val,0,s0027,0,1,0,0,01,data/raw/mrlEyes_2018_01/s0027/s0027_00080_0_1_0_0_0_01.png
s0034_00429_0_0_1_0_0_02.png,train,1,s0034,0,0,0,0,02,data/raw/mrlEyes_2018_01/s0034/s0034_00429_0_0_1_0_0_02.png
s0028_00511_0_1_1_0_0_01.png,train,1,s0028,0,1,0,0,01,data/raw/mrlEyes_2018_01/s0028/s0028_00511_0_1_1_0_0_01.png
s0032_06155_0_0_1_0_1_02.png,test,1,s0032,0,0,0,1,02,data/raw/mrlEyes_2018_01/s0032/s0032_06155_0_0_1_0_1_02.png
s0006_00437_0_1_0_1_0_01.png,train,0,s0006,0,1,1,0,01,data/raw/mrlEyes_2018_01/s0006/s0006_00437_0_1_0_1_0_01.png
s0035_00117_0_1_1_2_1_02.png,train,1,s0035,0,1,2,1,02,data/raw/mrlEyes_2018_01/s0035/s0035_00117_0_1_1_2_1_02.png
s0019_01900_0_0_0_0_1_01.png,train,0,s0019,0,0,0,1,01,data/raw/mrlEyes_2018_01/s0019/s0019_01900_0_0_0_0_1_01.png
s0012_08193_0_0_1_0_0_02.png,train,1,s0012,0,0,0,0,02,data/raw/mrlEyes_2018_01/s0012/s0012_08193_0_0_1_0_0_02.png
s0012_08353_0_0_1_1_0_02.png,train,1,s0012,0,0,1,0,02,data/raw/mrlEyes_2018_01/s0012/s0012_08353_0_0_1_1_0_02.png
s0012_02246_0_1_0_2_0_01.png,train,0,s0012,0,1,2,0,01,data/raw/mrlEyes_2018_01/s0012/s0012_02246_0_1_0_2_0_01.png
s0028_00010_0_0_0_0_0_01.png,train,0,s0028,0,0,0,0,01,data/raw/mrlEyes_2018_01/s0028/s0028_00010_0_0_0_0_0_01.png
s0016_01785_1_0_1_0_1_01.png,test,1,s0016,1,0,0,1,01,data/raw/mrlEyes_2018_01/s0016/s0016_01785_1_0_1_0_1_01.png
s0033_00218_0_0_1_0_1_01.png,test,1,s0033,0,0,0,1,01,data/raw/mrlEyes_2018_01/s0033/s0033_00218_0_0_1_0_1_01.png
s0034_00032_0_0_0_0_0_02.png,train,0,s0034,0,0,0,0,02,data/raw/mrlEyes_2018_01/s0034/s0034_00032_0_0_0_0_0_02.png
s0036_04159_1_0_1_0_1_01.png,train,1,s0036,1,0,0,1,01,data/raw/mrlEyes_2018_01/s0036/s0036_04159_1_0_1_0_1_01.png
s0014_00807_0_0_0_0_0_01.png,train,0,s0014,0,0,0,0,01,data/raw/mrlEyes_2018_01/s0014/s0014_00807_0_0_0_0_0_01.png
s0030_00101_0_0_0_0_0_01.png,val,0,s0030,0,0,0,0,01,data/raw/mrlEyes_2018_01/s0030/s0030_00101_0_0_0_0_0_01.png
s0013_02269_0_1_0_0_0_01.png,val,0,s0013,0,1,0,0,01,data/raw/mrlEyes_2018_01/s0013/s0013_02269_0_1_0_0_0_01.png
s0013_03427_0_0_1_0_0_01.png,val,1,s0013,0,0,0,0,01,data/raw/mrlEyes_2018_01/s0013/s0013_03427_0_0_1_0_0_01.png
s0019_04746_0_0_1_0_0_01.png,train,1,s0019,0,0,0,0,01,data/raw/mrlEyes_2018_01/s0019/s0019_04746_0_0_1_0_0_01.png
s0021_00064_0_1_0_1_0_01.png,train,0,s0021,0,1,1,0,01,data/raw/mrlEyes_2018_01/s0021/s0021_00064_0_1_0_1_0_01.png
s0021_00693_0_1_1_2_0_01.png,train,1,s0021,0,1,2,0,01,data/raw/mrlEyes_2018_01/s0021/s0021_00693_0_1_1_2_0_01.png
s0028_00672_0_1_1_0_0_01.png,train,1,s0028,0,1,0,0,01,data/raw/mrlEyes_2018_01/s0028/s0028_00672_0_1_1_0_0_01.png
s0013_03069_0_0_1_0_0_01.png,val,1,s0013,0,0,0,0,01,data/raw/mrlEyes_2018_01/s0013/s0013_03069_0_0_1_0_0_01.png
s0012_04364_0_1_0_0_0_01.png,train,0,s0012,0,1,0,0,01,data/raw/mrlEyes_2018_01/s0012/s0012_04364_0_1_0_0_0_01.png
s0026_00282_0_0_0_0_1_01.png,val,0,s0026,0,0,0,1,01,data/raw/mrlEyes_2018_01/s0026/s0026_00282_0_0_0_0_1_01.png
s0008_00741_0_1_0_0_0_01.png,train,0,s0008,0,1,0,0,01,data/raw/mrlEyes_2018_01/s0008/s0008_00741_0_1_0_0_0_01.png
s0010_00043_0_0_0_0_0_01.png,train,0,s0010,0,0,0,0,01,data/raw/mrlEyes_2018_01/s0010/s0010_00043_0_0_0_0_0_01.png
s0013_03085_0_0_1_0_0_01.png,val,1,s0013,0,0,0,0,01,data/raw/mrlEyes_2018_01/s0013/s0013_03085_0_0_1_0_0_01.png
s0021_00845_0_1_1_1_0_01.png,train,1,s0021,0,1,1,0,01,data/raw/mrlEyes_2018_01/s0021/s0021_00845_0_1_1_1_0_01.png
s0029_00057_0_0_0_0_0_01.png,train,0,s0029,0,0,0,0,01,data/raw/mrlEyes_2018_01/s0029/s0029_00057_0_0_0_0_0_01.png
s0013_00322_0_0_0_0_0_01.png,val,0,s0013,0,0,0,0,01,data/raw/mrlEyes_2018_01/s0013/s0013_00322_0_0_0_0_0_01.png
s0031_01576_1_0_1_2_1_02.png,train,1,s0031,1,0,2,1,02,data/raw/mrlEyes_2018_01/s0031/s0031_01576_1_0_1_2_1_02.png
s0002_00456_0_0_0_0_0_01.png,train,0,s0002,0,0,0,0,01,data/raw/mrlEyes_2018_01/s0002/s0002_00456_0_0_0_0_0_01.png
s0010_00073_0_0_0_0_0_01.png,train,0,s0010,0,0,0,0,01,data/raw/mrlEyes_2018_01/s0010/s0010_00073_0_0_0_0_0_01.png
s0017_01567_1_0_1_0_0_01.png,test,1,s0017,1,0,0,0,01,data/raw/mrlEyes_2018_01/s0017/s0017_01567_1_0_1_0_0_01.png
s0030_01023_0_0_1_0_1_01.png,val,1,s0030,0,0,0,1,01,data/raw/mrlEyes_2018_01/s0030/s0030_01023_0_0_1_0_1_01.png
s0025_00200_0_0_1_0_0_01.png,train,1,s0025,0,0,0,0,01,data/raw/mrlEyes_2018_01/s0025/s0025_00200_0_0_1_0_0_01.png
s0024_00065_0_0_0_0_0_01.png,train,0,s0024,0,0,0,0,01,data/raw/mrlEyes_2018_01/s0024/s0024_00065_0_0_0_0_0_01.png
s0025_00467_0_0_1_0_0_01.png,train,1,s0025,0,0,0,0,01,data/raw/mrlEyes_2018_01/s0025/s0025_00467_0_0_1_0_0_01.png
s0008_00604_0_1_0_0_0_01.png,train,0,s0008,0,1,0,0,01,data/raw/mrlEyes_2018_01/s0008/s0008_00604_0_1_0_0_0_01.png
s0003_00246_0_0_0_0_0_01.png,test,0,s0003,0,0,0,0,01,data/raw/mrlEyes_2018_01/s0003/s0003_00246_0_0_0_0_0_01.png
s0006_00184_0_1_0_1_0_01.png,train,0,s0006,0,1,1,0,01,data/raw/mrlEyes_2018_01/s0006/s0006_00184_0_1_0_1_0_01.png
s0032_00109_0_0_0_2_1_02.png,test,0,s0032,0,0,2,1,02,data/raw/mrlEyes_2018_01/s0032/s0032_00109_0_0_0_2_1_02.png
s0026_00371_0_0_0_0_1_01.png,val,0,s0026,0,0,0,1,01,data/raw/mrlEyes_2018_01/s0026/s0026_00371_0_0_0_0_1_01.png
s0017_01109_1_0_0_0_1_01.png,test,0,s0017,1,0,0,1,01,data/raw/mrlEyes_2018_01/s0017/s0017_01109_1_0_0_0_1_01.png
s0022_00184_0_0_1_0_1_01.png,train,1,s0022,0,0,0,1,01,data/raw/mrlEyes_2018_01/s0022/s0022_00184_0_0_1_0_1_01.png
s0011_01526_0_0_1_0_0_01.png,train,1,s0011,0,0,0,0,01,data/raw/mrlEyes_2018_01/s0011/s0011_01526_0_0_1_0_0_01.png
s0017_00560_1_0_0_0_0_01.png,test,0,s0017,1,0,0,0,01,data/raw/mrlEyes_2018_01/s0017/s0017_00560_1_0_0_0_0_01.png
s0011_00659_0_0_0_0_0_01.png,train,0,s0011,0,0,0,0,01,data/raw/mrlEyes_2018_01/s0011/s0011_00659_0_0_0_0_0_01.png
s0011_00632_0_0_0_0_0_01.png,train,0,s0011,0,0,0,0,01,data/raw/mrlEyes_2018_01/s0011/s0011_00632_0_0_0_0_0_01.png
s0021_00131_0_1_0_0_0_01.png,train,0,s0021,0,1,0,0,01,data/raw/mrlEyes_2018_01/s0021/s0021_00131_0_1_0_0_0_01.png
s0007_00396_0_0_0_0_0_01.png,test,0,s0007,0,0,0,0,01,data/raw/mrlEyes_2018_01/s0007/s0007_00396_0_0_0_0_0_01.png
s0017_00567_1_0_0_0_1_01.png,test,0,s0017,1,0,0,1,01,data/raw/mrlEyes_2018_01/s0017/s0017_00567_1_0_0_0_1_01.png
s0018_03724_0_0_1_0_1_01.png,train,1,s0018,0,0,0,1,01,data/raw/mrlEyes_2018_01/s0018/s0018_03724_0_0_1_0_1_01.png
s0021_00102_0_1_0_0_0_01.png,train,0,s0021,0,1,0,0,01,data/raw/mrlEyes_2018_01/s0021/s0021_00102_0_1_0_0_0_01.png
s0029_00118_0_0_0_0_1_01.png,train,0,s0029,0,0,0,1,01,data/raw/mrlEyes_2018_01/s0029/s0029_00118_0_0_0_0_1_01.png
s0020_00258_0_0_1_0_0_01.png,train,1,s0020,0,0,0,0,01,data/raw/mrlEyes_2018_01/s0020/s0020_00258_0_0_1_0_0_01.png
s0019_00504_0_0_0_0_1_01.png,train,0,s0019,0,0,0,1,01,data/raw/mrlEyes_2018_01/s0019/s0019_00504_0_0_0_0_1_01.png
s0033_00528_0_0_1_0_1_01.png,test,1,s0033,0,0,0,1,01,data/raw/mrlEyes_2018_01/s0033/s0033_00528_0_0_1_0_1_01.png
s0026_00314_0_0_0_0_1_01.png,val,0,s0026,0,0,0,1,01,data/raw/mrlEyes_2018_01/s0026/s0026_00314_0_0_0_0_1_01.png
s0018_01332_0_0_0_0_0_01.png,train,0,s0018,0,0,0,0,01,data/raw/mrlEyes_2018_01/s0018/s0018_01332_0_0_0_0_0_01.png
s0027_00070_0_1_0_2_0_01.png,val,0,s0027,0,1,2,0,01,data/raw/mrlEyes_2018_01/s0027/s0027_00070_0_1_0_2_0_01.png
s0031_00062_1_0_0_0_1_02.png,train,0,s0031,1,0,0,1,02,data/raw/mrlEyes_2018_01/s0031/s0031_00062_1_0_0_0_1_02.png
s0016_01134_1_0_0_0_1_01.png,test,0,s0016,1,0,0,1,01,data/raw/mrlEyes_2018_01/s0016/s0016_01134_1_0_0_0_1_01.png
s0031_01457_1_0_1_2_1_02.png,train,1,s0031,1,0,2,1,02,data/raw/mrlEyes_2018_01/s0031/s0031_01457_1_0_1_2_1_02.png
s0035_00006_0_1_0_1_1_02.png,train,0,s0035,0,1,1,1,02,data/raw/mrlEyes_2018_01/s0035/s0035_00006_0_1_0_1_1_02.png
s0026_01156_0_0_1_0_0_01.png,val,1,s0026,0,0,0,0,01,data/raw/mrlEyes_2018_01/s0026/s0026_01156_0_0_1_0_0_01.png
s0031_00169_1_0_0_1_1_02.png,train,0,s0031,1,0,1,1,02,data/raw/mrlEyes_2018_01/s0031/s0031_00169_1_0_0_1_1_02.png
s0021_00665_0_1_1_1_0_01.png,train,1,s0021,0,1,1,0,01,data/raw/mrlEyes_2018_01/s0021/s0021_00665_0_1_1_1_0_01.png
s0018_03826_0_0_1_0_1_01.png,train,1,s0018,0,0,0,1,01,data/raw/mrlEyes_2018_01/s0018/s0018_03826_0_0_1_0_1_01.png
s0004_00554_0_0_0_0_1_01.png,val,0,s0004,0,0,0,1,01,data/raw/mrlEyes_2018_01/s0004/s0004_00554_0_0_0_0_1_01.png
s0022_00006_0_0_0_0_1_01.png,train,0,s0022,0,0,0,1,01,data/raw/mrlEyes_2018_01/s0022/s0022_00006_0_0_0_0_1_01.png
s0006_00308_0_1_0_1_0_01.png,train,0,s0006,0,1,1,0,01,data/raw/mrlEyes_2018_01/s0006/s0006_00308_0_1_0_1_0_01.png
s0010_00332_0_0_1_0_0_01.png,train,1,s0010,0,0,0,0,01,data/raw/mrlEyes_2018_01/s0010/s0010_00332_0_0_1_0_0_01.png
s0005_00727_0_0_1_0_0_01.png,val,1,s0005,0,0,0,0,01,data/raw/mrlEyes_2018_01/s0005/s0005_00727_0_0_1_0_0_01.png
s0001_02271_0_0_1_0_0_01.png,val,1,s0001,0,0,0,0,01,data/raw/mrlEyes_2018_01/s0001/s0001_02271_0_0_1_0_0_01.png
s0027_00352_0_0_1_0_1_01.png,val,1,s0027,0,0,0,1,01,data/raw/mrlEyes_2018_01/s0027/s0027_00352_0_0_1_0_1_01.png
s0034_00036_0_0_0_0_0_02.png,train,0,s0034,0,0,0,0,02,data/raw/mrlEyes_2018_01/s0034/s0034_00036_0_0_0_0_0_02.png
s0001_03119_0_1_1_2_0_01.png,val,1,s0001,0,1,2,0,01,data/raw/mrlEyes_2018_01/s0001/s0001_03119_0_1_1_2_0_01.png
s0011_00698_0_0_0_0_0_01.png,train,0,s0011,0,0,0,0,01,data/raw/mrlEyes_2018_01/s0011/s0011_00698_0_0_0_0_0_01.png
s0027_00459_0_1_1_2_1_01.png,val,1,s0027,0,1,2,1,01,data/raw/mrlEyes_2018_01/s0027/s0027_00459_0_1_1_2_1_01.png
s0019_01189_0_0_0_0_0_01.png,train,0,s0019,0,0,0,0,01,data/raw/mrlEyes_2018_01/s0019/s0019_01189_0_0_0_0_0_01.png
s0006_00579_0_1_0_1_0_01.png,train,0,s0006,0,1,1,0,01,data/raw/mrlEyes_2018_01/s0006/s0006_00579_0_1_0_1_0_01.png
s0030_01149_0_0_1_0_1_01.png,val,1,s0030,0,0,0,1,01,data/raw/mrlEyes_2018_01/s0030/s0030_01149_0_0_1_0_1_01.png
s0002_00742_0_0_0_0_0_01.png,train,0,s0002,0,0,0,0,01,data/raw/mrlEyes_2018_01/s0002/s0002_00742_0_0_0_0_0_01.png
s0021_00696_0_1_1_2_0_01.png,train,1,s0021,0,1,2,0,01,data/raw/mrlEyes_2018_01/s0021/s0021_00696_0_1_1_2_0_01.png
s0005_00024_0_0_0_0_0_01.png,val,0,s0005,0,0,0,0,01,data/raw/mrlEyes_2018_01/s0005/s0005_00024_0_0_0_0_0_01.png
s0036_04847_1_0_1_0_0_01.png,train,1,s0036,1,0,0,0,01,data/raw/mrlEyes_2018_01/s0036/s0036_04847_1_0_1_0_0_01.png
s0037_06554_1_0_1_0_0_01.png,train,1,s0037,1,0,0,0,01,data/raw/mrlEyes_2018_01/s0037/s0037_06554_1_0_1_0_0_01.png
s0017_01377_1_0_1_0_0_01.png,test,1,s0017,1,0,0,0,01,data/raw/mrlEyes_2018_01/s0017/s0017_01377_1_0_1_0_0_01.png
s0031_00019_1_0_0_0_1_02.png,train,0,s0031,1,0,0,1,02,data/raw/mrlEyes_2018_01/s0031/s0031_00019_1_0_0_0_1_02.png
s0012_02472_0_1_0_0_0_01.png,train,0,s0012,0,1,0,0,01,data/raw/mrlEyes_2018_01/s0012/s0012_02472_0_1_0_0_0_01.png
s0028_00122_0_0_1_0_0_01.png,train,1,s0028,0,0,0,0,01,data/raw/mrlEyes_2018_01/s0028/s0028_00122_0_0_1_0_0_01.png
s0004_00978_0_0_0_0_1_01.png,val,0,s0004,0,0,0,1,01,data/raw/mrlEyes_2018_01/s0004/s0004_00978_0_0_0_0_1_01.png
s0024_00559_0_1_1_2_0_01.png,train,1,s0024,0,1,2,0,01,data/raw/mrlEyes_2018_01/s0024/s0024_00559_0_1_1_2_0_01.png
s0032_01424_0_1_1_2_1_02.png,test,1,s0032,0,1,2,1,02,data/raw/mrlEyes_2018_01/s0032/s0032_01424_0_1_1_2_1_02.png
s0025_00304_0_0_1_0_0_01.png,train,1,s0025,0,0,0,0,01,data/raw/mrlEyes_2018_01/s0025/s0025_00304_0_0_1_0_0_01.png
s0026_00019_0_0_0_0_1_01.png,val,0,s0026,0,0,0,1,01,data/raw/mrlEyes_2018_01/s0026/s0026_00019_0_0_0_0_1_01.png
s0003_00560_0_0_1_0_0_01.png,test,1,s0003,0,0,0,0,01,data/raw/mrlEyes_2018_01/s0003/s0003_00560_0_0_1_0_0_01.png
s0032_00134_0_0_0_0_1_02.png,test,0,s0032,0,0,0,1,02,data/raw/mrlEyes_2018_01/s0032/s0032_00134_0_0_0_0_1_02.png
s0013_01724_0_0_0_0_0_01.png,val,0,s0013,0,0,0,0,01,data/raw/mrlEyes_2018_01/s0013/s0013_01724_0_0_0_0_0_01.png
s0001_02974_0_1_1_2_0_01.png,val,1,s0001,0,1,2,0,01,data/raw/mrlEyes_2018_01/s0001/s0001_02974_0_1_1_2_0_01.png
s0026_00278_0_0_0_0_1_01.png,val,0,s0026,0,0,0,1,01,data/raw/mrlEyes_2018_01/s0026/s0026_00278_0_0_0_0_1_01.png
s0023_00407_0_0_1_0_1_01.png,train,1,s0023,0,0,0,1,01,data/raw/mrlEyes_2018_01/s0023/s0023_00407_0_0_1_0_1_01.png
s0020_00186_0_0_1_0_1_01.png,train,1,s0020,0,0,0,1,01,data/raw/mrlEyes_2018_01/s0020/s0020_00186_0_0_1_0_1_01.png
s0012_04476_0_1_0_0_0_01.png,train,0,s0012,0,1,0,0,01,data/raw/mrlEyes_2018_01/s0012/s0012_04476_0_1_0_0_0_01.png
s0011_01544_0_0_1_0_0_01.png,train,1,s0011,0,0,0,0,01,data/raw/mrlEyes_2018_01/s0011/s0011_01544_0_0_1_0_0_01.png
s0030_01286_0_0_1_0_1_01.png,val,1,s0030,0,0,0,1,01,data/raw/mrlEyes_2018_01/s0030/s0030_01286_0_0_1_0_1_01.png
s0014_03416_0_1_0_0_1_01.png,train,0,s0014,0,1,0,1,01,data/raw/mrlEyes_2018_01/s0014/s0014_03416_0_1_0_0_1_01.png
s0003_00498_0_0_0_0_0_01.png,test,0,s0003,0,0,0,0,01,data/raw/mrlEyes_2018_01/s0003/s0003_00498_0_0_0_0_0_01.png
s0012_07811_0_0_1_0_0_02.png,train,1,s0012,0,0,0,0,02,data/raw/mrlEyes_2018_01/s0012/s0012_07811_0_0_1_0_0_02.png
s0022_00214_0_0_1_0_1_01.png,train,1,s0022,0,0,0,1,01,data/raw/mrlEyes_2018_01/s0022/s0022_00214_0_0_1_0_1_01.png
s0012_04918_0_0_1_0_0_03.png,train,1,s0012,0,0,0,0,03,data/raw/mrlEyes_2018_01/s0012/s0012_04918_0_0_1_0_0_03.png
s0007_00276_0_0_0_0_0_01.png,test,0,s0007,0,0,0,0,01,data/raw/mrlEyes_2018_01/s0007/s0007_00276_0_0_0_0_0_01.png
s0008_00360_0_1_0_1_0_01.png,train,0,s0008,0,1,1,0,01,data/raw/mrlEyes_2018_01/s0008/s0008_00360_0_1_0_1_0_01.png
s0035_00616_0_1_1_0_0_02.png,train,1,s0035,0,1,0,0,02,data/raw/mrlEyes_2018_01/s0035/s0035_00616_0_1_1_0_0_02.png
s0002_00403_0_0_0_0_1_01.png,train,0,s0002,0,0,0,1,01,data/raw/mrlEyes_2018_01/s0002/s0002_00403_0_0_0_0_1_01.png
s0008_00640_0_1_0_1_0_01.png,train,0,s0008,0,1,1,0,01,data/raw/mrlEyes_2018_01/s0008/s0008_00640_0_1_0_1_0_01.png
s0032_00045_0_0_0_0_1_02.png,test,0,s0032,0,0,0,1,02,data/raw/mrlEyes_2018_01/s0032/s0032_00045_0_0_0_0_1_02.png
s0007_00040_0_0_0_0_0_01.png,test,0,s0007,0,0,0,0,01,data/raw/mrlEyes_2018_01/s0007/s0007_00040_0_0_0_0_0_01.png
s0025_00058_0_0_0_0_0_01.png,train,0,s0025,0,0,0,0,01,data/raw/mrlEyes_2018_01/s0025/s0025_00058_0_0_0_0_0_01.png
s0025_00492_0_0_1_0_0_01.png,train,1,s0025,0,0,0,0,01,data/raw/mrlEyes_2018_01/s0025/s0025_00492_0_0_1_0_0_01.png
s0034_00105_0_0_0_0_0_02.png,train,0,s0034,0,0,0,0,02,data/raw/mrlEyes_2018_01/s0034/s0034_00105_0_0_0_0_0_02.png
s0013_03157_0_0_1_0_0_01.png,val,1,s0013,0,0,0,0,01,data/raw/mrlEyes_2018_01/s0013/s0013_03157_0_0_1_0_0_01.png
s0023_00033_0_0_0_0_1_01.png,train,0,s0023,0,0,0,1,01,data/raw/mrlEyes_2018_01/s0023/s0023_00033_0_0_0_0_1_01.png
s0030_01238_0_0_1_0_0_01.png,val,1,s0030,0,0,0,0,01,data/raw/mrlEyes_2018_01/s0030/s0030_01238_0_0_1_0_0_01.png
s0012_02556_0_1_0_0_0_01.png,train,0,s0012,0,1,0,0,01,data/raw/mrlEyes_2018_01/s0012/s0012_02556_0_1_0_0_0_01.png
s0033_00287_0_0_1_1_1_01.png,test,1,s0033,0,0,1,1,01,data/raw/mrlEyes_2018_01/s0033/s0033_00287_0_0_1_1_1_01.png
s0020_00498_0_0_1_0_0_01.png,train,1,s0020,0,0,0,0,01,data/raw/mrlEyes_2018_01/s0020/s0020_00498_0_0_1_0_0_01.png
s0014_01538_0_0_0_0_0_01.png,train,0,s0014,0,0,0,0,01,data/raw/mrlEyes_2018_01/s0014/s0014_01538_0_0_0_0_0_01.png
s0015_00260_0_0_0_0_1_01.png,test,0,s0015,0,0,0,1,01,data/raw/mrlEyes_2018_01/s0015/s0015_00260_0_0_0_0_1_01.png
s0023_00291_0_0_1_0_1_01.png,train,1,s0023,0,0,0,1,01,data/raw/mrlEyes_2018_01/s0023/s0023_00291_0_0_1_0_1_01.png
s0030_00323_0_0_0_0_1_01.png,val,0,s0030,0,0,0,1,01,data/raw/mrlEyes_2018_01/s0030/s0030_00323_0_0_0_0_1_01.png
s0036_05324_1_1_1_0_0_01.png,train,1,s0036,1,1,0,0,01,data/raw/mrlEyes_2018_01/s0036/s0036_05324_1_1_1_0_0_01.png
s0018_02500_0_1_0_0_0_01.png,train,0,s0018,0,1,0,0,01,data/raw/mrlEyes_2018_01/s0018/s0018_02500_0_1_0_0_0_01.png
s0011_00110_0_0_0_0_1_01.png,train,0,s0011,0,0,0,1,01,data/raw/mrlEyes_2018_01/s0011/s0011_00110_0_0_0_0_1_01.png
s0025_00064_0_0_0_0_0_01.png,train,0,s0025,0,0,0,0,01,data/raw/mrlEyes_2018_01/s0025/s0025_00064_0_0_0_0_0_01.png
s0037_09011_1_1_1_0_0_01.png,train,1,s0037,1,1,0,0,01,data/raw/mrlEyes_2018_01/s0037/s0037_09011_1_1_1_0_0_01.png
s0037_10109_1_1_1_2_0_01.png,train,1,s0037,1,1,2,0,01,data/raw/mrlEyes_2018_01/s0037/s0037_10109_1_1_1_2_0_01.png
s0018_03733_0_0_1_0_1_01.png,train,1,s0018,0,0,0,1,01,data/raw/mrlEyes_2018_01/s0018/s0018_03733_0_0_1_0_1_01.png
s0019_00708_0_0_0_0_0_01.png,train,0,s0019,0,0,0,0,01,data/raw/mrlEyes_2018_01/s0019/s0019_00708_0_0_0_0_0_01.png
s0018_03456_0_1_0_0_0_01.png,train,0,s0018,0,1,0,0,01,data/raw/mrlEyes_2018_01/s0018/s0018_03456_0_1_0_0_0_01.png
s0011_01612_0_0_1_0_0_01.png,train,1,s0011,0,0,0,0,01,data/raw/mrlEyes_2018_01/s0011/s0011_01612_0_0_1_0_0_01.png
s0024_00138_0_1_0_0_0_01.png,train,0,s0024,0,1,0,0,01,data/raw/mrlEyes_2018_01/s0024/s0024_00138_0_1_0_0_0_01.png
s0026_01184_0_0_1_0_0_01.png,val,1,s0026,0,0,0,0,01,data/raw/mrlEyes_2018_01/s0026/s0026_01184_0_0_1_0_0_01.png
s0017_01609_1_0_1_0_1_01.png,test,1,s0017,1,0,0,1,01,data/raw/mrlEyes_2018_01/s0017/s0017_01609_1_0_1_0_1_01.png
s0011_01635_0_0_1_0_0_01.png,train,1,s0011,0,0,0,0,01,data/raw/mrlEyes_2018_01/s0011/s0011_01635_0_0_1_0_0_01.png
s0033_00518_0_0_1_0_1_01.png,test,1,s0033,0,0,0,1,01,data/raw/mrlEyes_2018_01/s0033/s0033_00518_0_0_1_0_1_01.png
s0023_00072_0_0_1_0_1_01.png,train,1,s0023,0,0,0,1,01,data/raw/mrlEyes_2018_01/s0023/s0023_00072_0_0_1_0_1_01.png
s0028_00103_0_0_1_0_1_01.png,train,1,s0028,0,0,0,1,01,data/raw/mrlEyes_2018_01/s0028/s0028_00103_0_0_1_0_1_01.png
s0027_00082_0_1_0_0_0_01.png,val,0,s0027,0,1,0,0,01,data/raw/mrlEyes_2018_01/s0027/s0027_00082_0_1_0_0_0_01.png
s0022_00173_0_0_1_0_1_01.png,train,1,s0022,0,0,0,1,01,data/raw/mrlEyes_2018_01/s0022/s0022_00173_0_0_1_0_1_01.png
s0024_00519_0_1_1_0_0_01.png,train,1,s0024,0,1,0,0,01,data/raw/mrlEyes_2018_01/s0024/s0024_00519_0_1_1_0_0_01.png
s0030_01187_0_0_1_0_0_01.png,val,1,s0030,0,0,0,0,01,data/raw/mrlEyes_2018_01/s0030/s0030_01187_0_0_1_0_0_01.png
s0012_00518_0_0_0_0_0_01.png,train,0,s0012,0,0,0,0,01,data/raw/mrlEyes_2018_01/s0012/s0012_00518_0_0_0_0_0_01.png
s0010_00071_0_0_0_0_0_01.png,train,0,s0010,0,0,0,0,01,data/raw/mrlEyes_2018_01/s0010/s0010_00071_0_0_0_0_0_01.png
s0031_00156_1_0_0_2_1_02.png,train,0,s0031,1,0,2,1,02,data/raw/mrlEyes_2018_01/s0031/s0031_00156_1_0_0_2_1_02.png
s0033_00411_0_0_1_0_1_01.png,test,1,s0033,0,0,0,1,01,data/raw/mrlEyes_2018_01/s0033/s0033_00411_0_0_1_0_1_01.png
s0005_00021_0_0_0_0_0_01.png,val,0,s0005,0,0,0,0,01,data/raw/mrlEyes_2018_01/s0005/s0005_00021_0_0_0_0_0_01.png
s0020_00440_0_0_1_0_1_01.png,train,1,s0020,0,0,0,1,01,data/raw/mrlEyes_2018_01/s0020/s0020_00440_0_0_1_0_1_01.png
s0001_00334_0_0_0_0_0_01.png,val,0,s0001,0,0,0,0,01,data/raw/mrlEyes_2018_01/s0001/s0001_00334_0_0_0_0_0_01.png
s0018_03907_0_0_1_0_0_01.png,train,1,s0018,0,0,0,0,01,data/raw/mrlEyes_2018_01/s0018/s0018_03907_0_0_1_0_0_01.png
s0010_00380_0_0_1_0_0_01.png,train,1,s0010,0,0,0,0,01,data/raw/mrlEyes_2018_01/s0010/s0010_00380_0_0_1_0_0_01.png
s0030_00125_0_0_0_0_0_01.png,val,0,s0030,0,0,0,0,01,data/raw/mrlEyes_2018_01/s0030/s0030_00125_0_0_0_0_0_01.png
s0033_00562_0_0_1_0_1_01.png,test,1,s0033,0,0,0,1,01,data/raw/mrlEyes_2018_01/s0033/s0033_00562_0_0_1_0_1_01.png
s0002_00703_0_0_0_0_0_01.png,train,0,s0002,0,0,0,0,01,data/raw/mrlEyes_2018_01/s0002/s0002_00703_0_0_0_0_0_01.png
s0027_00467_0_1_1_2_1_01.png,val,1,s0027,0,1,2,1,01,data/raw/mrlEyes_2018_01/s0027/s0027_00467_0_1_1_2_1_01.png
s0036_01302_1_1_0_0_0_01.png,train,0,s0036,1,1,0,0,01,data/raw/mrlEyes_2018_01/s0036/s0036_01302_1_1_0_0_0_01.png
s0015_00710_0_0_0_0_1_01.png,test,0,s0015,0,0,0,1,01,data/raw/mrlEyes_2018_01/s0015/s0015_00710_0_0_0_0_1_01.png
s0002_01093_0_0_1_0_0_01.png,train,1,s0002,0,0,0,0,01,data/raw/mrlEyes_2018_01/s0002/s0002_01093_0_0_1_0_0_01.png
s0031_00216_1_0_0_0_1_02.png,train,0,s0031,1,0,0,1,02,data/raw/mrlEyes_2018_01/s0031/s0031_00216_1_0_0_0_1_02.png
s0034_00371_0_0_1_0_0_02.png,train,1,s0034,0,0,0,0,02,data/raw/mrlEyes_2018_01/s0034/s0034_00371_0_0_1_0_0_02.png
s0009_00370_0_0_1_0_0_01.png,test,1,s0009,0,0,0,0,01,data/raw/mrlEyes_2018_01/s0009/s0009_00370_0_0_1_0_0_01.png
s0035_00154_0_1_1_0_0_02.png,train,1,s0035,0,1,0,0,02,data/raw/mrlEyes_2018_01/s0035/s0035_00154_0_1_1_0_0_02.png
s0029_00219_0_0_1_0_1_01.png,train,1,s0029,0,0,0,1,01,data/raw/mrlEyes_2018_01/s0029/s0029_00219_0_0_1_0_1_01.png
s0027_00215_0_0_1_0_1_01.png,val,1,s0027,0,0,0,1,01,data/raw/mrlEyes_2018_01/s0027/s0027_00215_0_0_1_0_1_01.png
s0035_00177_0_1_1_2_1_02.png,train,1,s0035,0,1,2,1,02,data/raw/mrlEyes_2018_01/s0035/s0035_00177_0_1_1_2_1_02.png
s0013_03021_0_0_1_0_0_01.png,val,1,s0013,0,0,0,0,01,data/raw/mrlEyes_2018_01/s0013/s0013_03021_0_0_1_0_0_01.png
s0003_00450_0_0_0_0_0_01.png,test,0,s0003,0,0,0,0,01,data/raw/mrlEyes_2018_01/s0003/s0003_00450_0_0_0_0_0_01.png
s0012_07356_0_0_1_0_1_01.png,train,1,s0012,0,0,0,1,01,data/raw/mrlEyes_2018_01/s0012/s0012_07356_0_0_1_0_1_01.png
s0037_07232_1_0_1_0_0_01.png,train,1,s0037,1,0,0,0,01,data/raw/mrlEyes_2018_01/s0037/s0037_07232_1_0_1_0_0_01.png
s0011_00116_0_0_0_0_1_01.png,train,0,s0011,0,0,0,1,01,data/raw/mrlEyes_2018_01/s0011/s0011_00116_0_0_0_0_1_01.png
s0014_05949_0_0_1_0_1_01.png,train,1,s0014,0,0,0,1,01,data/raw/mrlEyes_2018_01/s0014/s0014_05949_0_0_1_0_1_01.png
s0011_01528_0_0_1_0_0_01.png,train,1,s0011,0,0,0,0,01,data/raw/mrlEyes_2018_01/s0011/s0011_01528_0_0_1_0_0_01.png
s0013_03561_0_1_1_0_0_01.png,val,1,s0013,0,1,0,0,01,data/raw/mrlEyes_2018_01/s0013/s0013_03561_0_1_1_0_0_01.png
s0017_00352_1_0_0_0_0_01.png,test,0,s0017,1,0,0,0,01,data/raw/mrlEyes_2018_01/s0017/s0017_00352_1_0_0_0_0_01.png
s0017_01329_1_0_1_0_0_01.png,test,1,s0017,1,0,0,0,01,data/raw/mrlEyes_2018_01/s0017/s0017_01329_1_0_1_0_0_01.png
s0008_00353_0_1_0_2_0_01.png,train,0,s0008,0,1,2,0,01,data/raw/mrlEyes_2018_01/s0008/s0008_00353_0_1_0_2_0_01.png
s0035_00015_0_1_0_1_1_02.png,train,0,s0035,0,1,1,1,02,data/raw/mrlEyes_2018_01/s0035/s0035_00015_0_1_0_1_1_02.png
s0035_00179_0_1_1_2_1_02.png,train,1,s0035,0,1,2,1,02,data/raw/mrlEyes_2018_01/s0035/s0035_00179_0_1_1_2_1_02.png
s0024_00037_0_0_0_0_0_01.png,train,0,s0024,0,0,0,0,01,data/raw/mrlEyes_2018_01/s0024/s0024_00037_0_0_0_0_0_01.png
s0005_00709_0_0_1_0_0_01.png,val,1,s0005,0,0,0,0,01,data/raw/mrlEyes_2018_01/s0005/s0005_00709_0_0_1_0_0_01.png
s0012_02375_0_1_0_2_0_01.png,train,0,s0012,0,1,2,0,01,data/raw/mrlEyes_2018_01/s0012/s0012_02375_0_1_0_2_0_01.png
s0032_03714_0_0_1_0_1_02.png,test,1,s0032,0,0,0,1,02,data/raw/mrlEyes_2018_01/s0032/s0032_03714_0_0_1_0_1_02.png
s0035_00401_0_1_1_0_0_02.png,train,1,s0035,0,1,0,0,02,data/raw/mrlEyes_2018_01/s0035/s0035_00401_0_1_1_0_0_02.png
s0030_00202_0_0_0_0_1_01.png,val,0,s0030,0,0,0,1,01,data/raw/mrlEyes_2018_01/s0030/s0030_00202_0_0_0_0_1_01.png
s0028_00379_0_1_1_0_0_01.png,train,1,s0028,0,1,0,0,01,data/raw/mrlEyes_2018_01/s0028/s0028_00379_0_1_1_0_0_01.png
s0021_00011_0_0_0_0_0_01.png,train,0,s0021,0,0,0,0,01,data/raw/mrlEyes_2018_01/s0021/s0021_00011_0_0_0_0_0_01.png
s0012_01318_0_0_0_2_1_03.png,train,0,s0012,0,0,2,1,03,data/raw/mrlEyes_2018_01/s0012/s0012_01318_0_0_0_2_1_03.png
s0004_00791_0_0_0_0_0_01.png,val,0,s0004,0,0,0,0,01,data/raw/mrlEyes_2018_01/s0004/s0004_00791_0_0_0_0_0_01.png
s0029_00782_0_0_1_0_1_01.png,train,1,s0029,0,0,0,1,01,data/raw/mrlEyes_2018_01/s0029/s0029_00782_0_0_1_0_1_01.png
s0010_00060_0_0_0_0_0_01.png,train,0,s0010,0,0,0,0,01,data/raw/mrlEyes_2018_01/s0010/s0010_00060_0_0_0_0_0_01.png
s0013_01817_0_1_0_0_0_01.png,val,0,s0013,0,1,0,0,01,data/raw/mrlEyes_2018_01/s0013/s0013_01817_0_1_0_0_0_01.png
s0001_00527_0_0_0_0_0_01.png,val,0,s0001,0,0,0,0,01,data/raw/mrlEyes_2018_01/s0001/s0001_00527_0_0_0_0_0_01.png
s0008_00052_0_1_0_1_0_01.png,train,0,s0008,0,1,1,0,01,data/raw/mrlEyes_2018_01/s0008/s0008_00052_0_1_0_1_0_01.png
s0002_00134_0_0_0_0_0_01.png,train,0,s0002,0,0,0,0,01,data/raw/mrlEyes_2018_01/s0002/s0002_00134_0_0_0_0_0_01.png
s0005_00375_0_0_0_0_0_01.png,val,0,s0005,0,0,0,0,01,data/raw/mrlEyes_2018_01/s0005/s0005_00375_0_0_0_0_0_01.png
s0025_00137_0_0_0_0_0_01.png,train,0,s0025,0,0,0,0,01,data/raw/mrlEyes_2018_01/s0025/s0025_00137_0_0_0_0_0_01.png
s0014_00952_0_0_0_0_1_01.png,train,0,s0014,0,0,0,1,01,data/raw/mrlEyes_2018_01/s0014/s0014_00952_0_0_0_0_1_01.png
s0032_00088_0_0_0_2_1_02.png,test,0,s0032,0,0,2,1,02,data/raw/mrlEyes_2018_01/s0032/s0032_00088_0_0_0_2_1_02.png
s0020_00046_0_0_1_0_0_01.png,train,1,s0020,0,0,0,0,01,data/raw/mrlEyes_2018_01/s0020/s0020_00046_0_0_1_0_0_01.png
s0026_00745_0_0_1_0_0_01.png,val,1,s0026,0,0,0,0,01,data/raw/mrlEyes_2018_01/s0026/s0026_00745_0_0_1_0_0_01.png
s0033_00405_0_0_1_0_1_01.png,test,1,s0033,0,0,0,1,01,data/raw/mrlEyes_2018_01/s0033/s0033_00405_0_0_1_0_1_01.png
s0002_01114_0_0_1_0_0_01.png,train,1,s0002,0,0,0,0,01,data/raw/mrlEyes_2018_01/s0002/s0002_01114_0_0_1_0_0_01.png
s0021_00613_0_1_1_2_0_01.png,train,1,s0021,0,1,2,0,01,data/raw/mrlEyes_2018_01/s0021/s0021_00613_0_1_1_2_0_01.png
s0015_01085_0_0_1_0_1_01.png,test,1,s0015,0,0,0,1,01,data/raw/mrlEyes_2018_01/s0015/s0015_01085_0_0_1_0_1_01.png
s0017_01490_1_0_1_0_1_01.png,test,1,s0017,1,0,0,1,01,data/raw/mrlEyes_2018_01/s0017/s0017_01490_1_0_1_0_1_01.png
s0036_01500_1_1_0_0_0_01.png,train,0,s0036,1,1,0,0,01,data/raw/mrlEyes_2018_01/s0036/s0036_01500_1_1_0_0_0_01.png
s0032_01212_0_1_1_2_1_02.png,test,1,s0032,0,1,2,1,02,data/raw/mrlEyes_2018_01/s0032/s0032_01212_0_1_1_2_1_02.png
s0012_04486_0_0_0_0_0_02.png,train,0,s0012,0,0,0,0,02,data/raw/mrlEyes_2018_01/s0012/s0012_04486_0_0_0_0_0_02.png
s0016_00533_1_0_0_0_1_01.png,test,0,s0016,1,0,0,1,01,data/raw/mrlEyes_2018_01/s0016/s0016_00533_1_0_0_0_1_01.png
s0011_01531_0_0_1_0_0_01.png,train,1,s0011,0,0,0,0,01,data/raw/mrlEyes_2018_01/s0011/s0011_01531_0_0_1_0_0_01.png
s0014_05690_0_0_1_0_0_01.png,train,1,s0014,0,0,0,0,01,data/raw/mrlEyes_2018_01/s0014/s0014_05690_0_0_1_0_0_01.png
s0034_00047_0_0_0_0_0_02.png,train,0,s0034,0,0,0,0,02,data/raw/mrlEyes_2018_01/s0034/s0034_00047_0_0_0_0_0_02.png
s0001_00702_0_0_0_0_0_01.png,val,0,s0001,0,0,0,0,01,data/raw/mrlEyes_2018_01/s0001/s0001_00702_0_0_0_0_0_01.png
s0037_04111_1_1_0_2_0_01.png,train,0,s0037,1,1,2,0,01,data/raw/mrlEyes_2018_01/s0037/s0037_04111_1_1_0_2_0_01.png
s0003_00529_0_0_0_0_0_01.png,test,0,s0003,0,0,0,0,01,data/raw/mrlEyes_2018_01/s0003/s0003_00529_0_0_0_0_0_01.png
s0036_03621_1_0_1_0_0_01.png,train,1,s0036,1,0,0,0,01,data/raw/mrlEyes_2018_01/s0036/s0036_03621_1_0_1_0_0_01.png
s0019_04403_0_0_1_0_0_01.png,train,1,s0019,0,0,0,0,01,data/raw/mrlEyes_2018_01/s0019/s0019_04403_0_0_1_0_0_01.png
s0026_00114_0_0_0_0_0_01.png,val,0,s0026,0,0,0,0,01,data/raw/mrlEyes_2018_01/s0026/s0026_00114_0_0_0_0_0_01.png
s0010_00395_0_0_1_0_0_01.png,train,1,s0010,0,0,0,0,01,data/raw/mrlEyes_2018_01/s0010/s0010_00395_0_0_1_0_0_01.png
s0029_01347_0_0_1_0_1_01.png,train,1,s0029,0,0,0,1,01,data/raw/mrlEyes_2018_01/s0029/s0029_01347_0_0_1_0_1_01.png
s0030_00445_0_0_1_0_1_01.png,val,1,s0030,0,0,0,1,01,data/raw/mrlEyes_2018_01/s0030/s0030_00445_0_0_1_0_1_01.png
s0003_00013_0_0_0_0_0_01.png,test,0,s0003,0,0,0,0,01,data/raw/mrlEyes_2018_01/s0003/s0003_00013_0_0_0_0_0_01.png
s0034_00074_0_0_0_0_0_02.png,train,0,s0034,0,0,0,0,02,data/raw/mrlEyes_2018_01/s0034/s0034_00074_0_0_0_0_0_02.png
s0003_00463_0_0_0_0_0_01.png,test,0,s0003,0,0,0,0,01,data/raw/mrlEyes_2018_01/s0003/s0003_00463_0_0_0_0_0_01.png
s0037_07002_1_0_1_0_1_01.png,train,1,s0037,1,0,0,1,01,data/raw/mrlEyes_2018_01/s0037/s0037_07002_1_0_1_0_1_01.png
s0007_00621_0_0_1_0_0_01.png,test,1,s0007,0,0,0,0,01,data/raw/mrlEyes_2018_01/s0007/s0007_00621_0_0_1_0_0_01.png
s0025_00009_0_0_0_0_0_01.png,train,0,s0025,0,0,0,0,01,data/raw/mrlEyes_2018_01/s0025/s0025_00009_0_0_0_0_0_01.png
s0002_00109_0_0_0_0_1_01.png,train,0,s0002,0,0,0,1,01,data/raw/mrlEyes_2018_01/s0002/s0002_00109_0_0_0_0_1_01.png
s0018_01351_0_0_0_0_1_01.png,train,0,s0018,0,0,0,1,01,data/raw/mrlEyes_2018_01/s0018/s0018_01351_0_0_0_0_1_01.png
s0005_00002_0_0_0_0_0_01.png,val,0,s0005,0,0,0,0,01,data/raw/mrlEyes_2018_01/s0005/s0005_00002_0_0_0_0_0_01.png
s0019_04107_0_0_1_0_0_01.png,train,1,s0019,0,0,0,0,01,data/raw/mrlEyes_2018_01/s0019/s0019_04107_0_0_1_0_0_01.png
s0026_00119_0_0_0_0_0_01.png,val,0,s0026,0,0,0,0,01,data/raw/mrlEyes_2018_01/s0026/s0026_00119_0_0_0_0_0_01.png
s0005_00523_0_0_0_0_1_01.png,val,0,s0005,0,0,0,1,01,data/raw/mrlEyes_2018_01/s0005/s0005_00523_0_0_0_0_1_01.png
s0001_00854_0_0_0_0_0_01.png,val,0,s0001,0,0,0,0,01,data/raw/mrlEyes_2018_01/s0001/s0001_00854_0_0_0_0_0_01.png
s0024_00679_0_1_1_0_0_01.png,train,1,s0024,0,1,0,0,01,data/raw/mrlEyes_2018_01/s0024/s0024_00679_0_1_1_0_0_01.png
s0012_02691_0_1_0_0_0_01.png,train,0,s0012,0,1,0,0,01,data/raw/mrlEyes_2018_01/s0012/s0012_02691_0_1_0_0_0_01.png
s0015_00723_0_0_0_0_1_01.png,test,0,s0015,0,0,0,1,01,data/raw/mrlEyes_2018_01/s0015/s0015_00723_0_0_0_0_1_01.png
s0018_04273_0_1_1_2_1_01.png,train,1,s0018,0,1,2,1,01,data/raw/mrlEyes_2018_01/s0018/s0018_04273_0_1_1_2_1_01.png
s0018_02070_0_1_0_2_0_01.png,train,0,s0018,0,1,2,0,01,data/raw/mrlEyes_2018_01/s0018/s0018_02070_0_1_0_2_0_01.png
s0022_00364_0_1_1_2_1_01.png,train,1,s0022,0,1,2,1,01,data/raw/mrlEyes_2018_01/s0022/s0022_00364_0_1_1_2_1_01.png
s0029_00040_0_0_0_0_1_01.png,train,0,s0029,0,0,0,1,01,data/raw/mrlEyes_2018_01/s0029/s0029_00040_0_0_0_0_1_01.png
s0001_01485_0_1_0_0_0_01.png,val,0,s0001,0,1,0,0,01,data/raw/mrlEyes_2018_01/s0001/s0001_01485_0_1_0_0_0_01.png
s0031_00036_1_0_0_0_1_02.png,train,0,s0031,1,0,0,1,02,data/raw/mrlEyes_2018_01/s0031/s0031_00036_1_0_0_0_1_02.png
s0018_00562_0_0_0_0_1_01.png,train,0,s0018,0,0,0,1,01,data/raw/mrlEyes_2018_01/s0018/s0018_00562_0_0_0_0_1_01.png
s0003_00592_0_0_1_0_0_01.png,test,1,s0003,0,0,0,0,01,data/raw/mrlEyes_2018_01/s0003/s0003_00592_0_0_1_0_0_01.png
s0020_00005_0_0_0_0_1_01.png,train,0,s0020,0,0,0,1,01,data/raw/mrlEyes_2018_01/s0020/s0020_00005_0_0_0_0_1_01.png
s0036_02124_1_0_1_0_1_01.png,train,1,s0036,1,0,0,1,01,data/raw/mrlEyes_2018_01/s0036/s0036_02124_1_0_1_0_1_01.png
s0021_00051_0_0_0_0_0_01.png,train,0,s0021,0,0,0,0,01,data/raw/mrlEyes_2018_01/s0021/s0021_00051_0_0_0_0_0_01.png
s0036_03179_1_0_1_0_1_01.png,train,1,s0036,1,0,0,1,01,data/raw/mrlEyes_2018_01/s0036/s0036_03179_1_0_1_0_1_01.png
s0022_00056_0_0_0_0_1_01.png,train,0,s0022,0,0,0,1,01,data/raw/mrlEyes_2018_01/s0022/s0022_00056_0_0_0_0_1_01.png
s0022_00034_0_0_0_0_1_01.png,train,0,s0022,0,0,0,1,01,data/raw/mrlEyes_2018_01/s0022/s0022_00034_0_0_0_0_1_01.png
s0001_02614_0_1_1_2_0_01.png,val,1,s0001,0,1,2,0,01,data/raw/mrlEyes_2018_01/s0001/s0001_02614_0_1_1_2_0_01.png
s0029_01034_0_0_1_0_0_01.png,train,1,s0029,0,0,0,0,01,data/raw/mrlEyes_2018_01/s0029/s0029_01034_0_0_1_0_0_01.png
s0011_01556_0_0_1_0_0_01.png,train,1,s0011,0,0,0,0,01,data/raw/mrlEyes_2018_01/s0011/s0011_01556_0_0_1_0_0_01.png
s0027_00057_0_1_0_2_1_01.png,val,0,s0027,0,1,2,1,01,data/raw/mrlEyes_2018_01/s0027/s0027_00057_0_1_0_2_1_01.png
s0016_01872_1_0_1_0_0_01.png,test,1,s0016,1,0,0,0,01,data/raw/mrlEyes_2018_01/s0016/s0016_01872_1_0_1_0_0_01.png
s0021_00566_0_1_1_2_0_01.png,train,1,s0021,0,1,2,0,01,data/raw/mrlEyes_2018_01/s0021/s0021_00566_0_1_1_2_0_01.png
s0007_00582_0_0_0_0_0_01.png,test,0,s0007,0,0,0,0,01,data/raw/mrlEyes_2018_01/s0007/s0007_00582_0_0_0_0_0_01.png
s0022_00113_0_1_0_2_1_01.png,train,0,s0022,0,1,2,1,01,data/raw/mrlEyes_2018_01/s0022/s0022_00113_0_1_0_2_1_01.png
s0008_00164_0_1_0_1_0_01.png,train,0,s0008,0,1,1,0,01,data/raw/mrlEyes_2018_01/s0008/s0008_00164_0_1_0_1_0_01.png
s0034_00125_0_0_1_0_0_02.png,train,1,s0034,0,0,0,0,02,data/raw/mrlEyes_2018_01/s0034/s0034_00125_0_0_1_0_0_02.png
s0010_00362_0_0_1_0_0_01.png,train,1,s0010,0,0,0,0,01,data/raw/mrlEyes_2018_01/s0010/s0010_00362_0_0_1_0_0_01.png
s0002_01009_0_0_1_0_0_01.png,train,1,s0002,0,0,0,0,01,data/raw/mrlEyes_2018_01/s0002/s0002_01009_0_0_1_0_0_01.png
s0029_00043_0_0_0_0_1_01.png,train,0,s0029,0,0,0,1,01,data/raw/mrlEyes_2018_01/s0029/s0029_00043_0_0_0_0_1_01.png
s0034_00569_0_0_1_0_0_02.png,train,1,s0034,0,0,0,0,02,data/raw/mrlEyes_2018_01/s0034/s0034_00569_0_0_1_0_0_02.png
s0021_00027_0_0_0_0_0_01.png,train,0,s0021,0,0,0,0,01,data/raw/mrlEyes_2018_01/s0021/s0021_00027_0_0_0_0_0_01.png
s0004_00652_0_0_0_0_0_01.png,val,0,s0004,0,0,0,0,01,data/raw/mrlEyes_2018_01/s0004/s0004_00652_0_0_0_0_0_01.png
s0004_00962_0_0_0_0_0_01.png,val,0,s0004,0,0,0,0,01,data/raw/mrlEyes_2018_01/s0004/s0004_00962_0_0_0_0_0_01.png
s0019_04538_0_0_1_0_0_01.png,train,1,s0019,0,0,0,0,01,data/raw/mrlEyes_2018_01/s0019/s0019_04538_0_0_1_0_0_01.png
s0036_00769_1_0_0_0_0_01.png,train,0,s0036,1,0,0,0,01,data/raw/mrlEyes_2018_01/s0036/s0036_00769_1_0_0_0_0_01.png
s0030_00210_0_0_0_0_1_01.png,val,0,s0030,0,0,0,1,01,data/raw/mrlEyes_2018_01/s0030/s0030_00210_0_0_0_0_1_01.png
s0018_02080_0_1_0_1_0_01.png,train,0,s0018,0,1,1,0,01,data/raw/mrlEyes_2018_01/s0018/s0018_02080_0_1_0_1_0_01.png
s0034_00110_0_0_0_0_0_02.png,train,0,s0034,0,0,0,0,02,data/raw/mrlEyes_2018_01/s0034/s0034_00110_0_0_0_0_0_02.png
s0030_00998_0_0_1_0_1_01.png,val,1,s0030,0,0,0,1,01,data/raw/mrlEyes_2018_01/s0030/s0030_00998_0_0_1_0_1_01.png
s0026_00335_0_0_0_0_1_01.png,val,0,s0026,0,0,0,1,01,data/raw/mrlEyes_2018_01/s0026/s0026_00335_0_0_0_0_1_01.png
s0027_00201_0_0_1_0_1_01.png,val,1,s0027,0,0,0,1,01,data/raw/mrlEyes_2018_01/s0027/s0027_00201_0_0_1_0_1_01.png
s0037_06097_1_0_1_0_0_01.png,train,1,s0037,1,0,0,0,01,data/raw/mrlEyes_2018_01/s0037/s0037_06097_1_0_1_0_0_01.png
s0003_00661_0_0_1_0_0_01.png,test,1,s0003,0,0,0,0,01,data/raw/mrlEyes_2018_01/s0003/s0003_00661_0_0_1_0_0_01.png
s0012_04643_0_0_1_0_1_03.png,train,1,s0012,0,0,0,1,03,data/raw/mrlEyes_2018_01/s0012/s0012_04643_0_0_1_0_1_03.png
s0024_00106_0_1_0_2_0_01.png,train,0,s0024,0,1,2,0,01,data/raw/mrlEyes_2018_01/s0024/s0024_00106_0_1_0_2_0_01.png
s0019_01335_0_0_0_0_0_01.png,train,0,s0019,0,0,0,0,01,data/raw/mrlEyes_2018_01/s0019/s0019_01335_0_0_0_0_0_01.png
s0030_00897_0_0_1_0_0_01.png,val,1,s0030,0,0,0,0,01,data/raw/mrlEyes_2018_01/s0030/s0030_00897_0_0_1_0_0_01.png
s0032_01415_0_1_1_2_1_02.png,test,1,s0032,0,1,2,1,02,data/raw/mrlEyes_2018_01/s0032/s0032_01415_0_1_1_2_1_02.png
s0017_00374_1_0_0_0_1_01.png,test,0,s0017,1,0,0,1,01,data/raw/mrlEyes_2018_01/s0017/s0017_00374_1_0_0_0_1_01.png
s0026_00142_0_0_0_0_0_01.png,val,0,s0026,0,0,0,0,01,data/raw/mrlEyes_2018_01/s0026/s0026_00142_0_0_0_0_0_01.png
s0029_00513_0_0_1_0_1_01.png,train,1,s0029,0,0,0,1,01,data/raw/mrlEyes_2018_01/s0029/s0029_00513_0_0_1_0_1_01.png
s0019_00852_0_0_0_0_0_01.png,train,0,s0019,0,0,0,0,01,data/raw/mrlEyes_2018_01/s0019/s0019_00852_0_0_0_0_0_01.png
s0010_00147_0_0_0_0_0_01.png,train,0,s0010,0,0,0,0,01,data/raw/mrlEyes_2018_01/s0010/s0010_00147_0_0_0_0_0_01.png
s0016_01874_1_0_1_0_0_01.png,test,1,s0016,1,0,0,0,01,data/raw/mrlEyes_2018_01/s0016/s0016_01874_1_0_1_0_0_01.png
s0017_01407_1_0_1_0_1_01.png,test,1,s0017,1,0,0,1,01,data/raw/mrlEyes_2018_01/s0017/s0017_01407_1_0_1_0_1_01.png
s0022_00094_0_1_0_2_1_01.png,train,0,s0022,0,1,2,1,01,data/raw/mrlEyes_2018_01/s0022/s0022_00094_0_1_0_2_1_01.png
s0024_00574_0_1_1_0_0_01.png,train,1,s0024,0,1,0,0,01,data/raw/mrlEyes_2018_01/s0024/s0024_00574_0_1_1_0_0_01.png
s0011_01515_0_0_1_0_0_01.png,train,1,s0011,0,0,0,0,01,data/raw/mrlEyes_2018_01/s0011/s0011_01515_0_0_1_0_0_01.png
s0016_01769_1_0_1_0_1_01.png,test,1,s0016,1,0,0,1,01,data/raw/mrlEyes_2018_01/s0016/s0016_01769_1_0_1_0_1_01.png
s0026_00293_0_0_0_0_0_01.png,val,0,s0026,0,0,0,0,01,data/raw/mrlEyes_2018_01/s0026/s0026_00293_0_0_0_0_0_01.png
s0014_03269_0_1_0_0_0_01.png,train,0,s0014,0,1,0,0,01,data/raw/mrlEyes_2018_01/s0014/s0014_03269_0_1_0_0_0_01.png
s0032_00920_0_1_1_2_1_02.png,test,1,s0032,0,1,2,1,02,data/raw/mrlEyes_2018_01/s0032/s0032_00920_0_1_1_2_1_02.png
s0037_01172_1_0_0_0_0_01.png,train,0,s0037,1,0,0,0,01,data/raw/mrlEyes_2018_01/s0037/s0037_01172_1_0_0_0_0_01.png
s0028_00664_0_1_1_0_0_01.png,train,1,s0028,0,1,0,0,01,data/raw/mrlEyes_2018_01/s0028/s0028_00664_0_1_1_0_0_01.png
s0006_00891_0_1_0_1_0_01.png,train,0,s0006,0,1,1,0,01,data/raw/mrlEyes_2018_01/s0006/s0006_00891_0_1_0_1_0_01.png
s0011_01548_0_0_1_0_0_01.png,train,1,s0011,0,0,0,0,01,data/raw/mrlEyes_2018_01/s0011/s0011_01548_0_0_1_0_0_01.png
s0015_00391_0_0_0_0_1_01.png,test,0,s0015,0,0,0,1,01,data/raw/mrlEyes_2018_01/s0015/s0015_00391_0_0_0_0_1_01.png
s0010_00345_0_0_1_0_0_01.png,train,1,s0010,0,0,0,0,01,data/raw/mrlEyes_2018_01/s0010/s0010_00345_0_0_1_0_0_01.png
s0013_02854_0_1_0_0_0_01.png,val,0,s0013,0,1,0,0,01,data/raw/mrlEyes_2018_01/s0013/s0013_02854_0_1_0_0_0_01.png
s0010_00370_0_0_1_0_0_01.png,train,1,s0010,0,0,0,0,01,data/raw/mrlEyes_2018_01/s0010/s0010_00370_0_0_1_0_0_01.png
s0001_01098_0_1_0_2_0_01.png,val,0,s0001,0,1,2,0,01,data/raw/mrlEyes_2018_01/s0001/s0001_01098_0_1_0_2_0_01.png
s0006_00761_0_1_0_1_0_01.png,train,0,s0006,0,1,1,0,01,data/raw/mrlEyes_2018_01/s0006/s0006_00761_0_1_0_1_0_01.png
s0023_00504_0_0_1_0_1_01.png,train,1,s0023,0,0,0,1,01,data/raw/mrlEyes_2018_01/s0023/s0023_00504_0_0_1_0_1_01.png
s0034_00685_0_0_1_0_0_02.png,train,1,s0034,0,0,0,0,02,data/raw/mrlEyes_2018_01/s0034/s0034_00685_0_0_1_0_0_02.png
s0035_00246_0_1_1_2_1_02.png,train,1,s0035,0,1,2,1,02,data/raw/mrlEyes_2018_01/s0035/s0035_00246_0_1_1_2_1_02.png
s0003_00041_0_0_0_0_0_01.png,test,0,s0003,0,0,0,0,01,data/raw/mrlEyes_2018_01/s0003/s0003_00041_0_0_0_0_0_01.png
s0017_01342_1_0_1_0_0_01.png,test,1,s0017,1,0,0,0,01,data/raw/mrlEyes_2018_01/s0017/s0017_01342_1_0_1_0_0_01.png
s0007_00295_0_0_0_0_0_01.png,test,0,s0007,0,0,0,0,01,data/raw/mrlEyes_2018_01/s0007/s0007_00295_0_0_0_0_0_01.png
s0024_00669_0_1_1_2_0_01.png,train,1,s0024,0,1,2,0,01,data/raw/mrlEyes_2018_01/s0024/s0024_00669_0_1_1_2_0_01.png
s0024_00282_0_0_1_0_0_01.png,train,1,s0024,0,0,0,0,01,data/raw/mrlEyes_2018_01/s0024/s0024_00282_0_0_1_0_0_01.png
s0001_02646_0_1_1_0_0_01.png,val,1,s0001,0,1,0,0,01,data/raw/mrlEyes_2018_01/s0001/s0001_02646_0_1_1_0_0_01.png
s0002_01017_0_0_1_0_0_01.png,train,1,s0002,0,0,0,0,01,data/raw/mrlEyes_2018_01/s0002/s0002_01017_0_0_1_0_0_01.png
s0019_02605_0_0_0_0_0_01.png,train,0,s0019,0,0,0,0,01,data/raw/mrlEyes_2018_01/s0019/s0019_02605_0_0_0_0_0_01.png
s0028_00605_0_1_1_0_0_01.png,train,1,s0028,0,1,0,0,01,data/raw/mrlEyes_2018_01/s0028/s0028_00605_0_1_1_0_0_01.png
s0009_00369_0_0_1_0_0_01.png,test,1,s0009,0,0,0,0,01,data/raw/mrlEyes_2018_01/s0009/s0009_00369_0_0_1_0_0_01.png
s0021_00543_0_1_1_2_0_01.png,train,1,s0021,0,1,2,0,01,data/raw/mrlEyes_2018_01/s0021/s0021_00543_0_1_1_2_0_01.png
s0017_00730_1_0_0_0_1_01.png,test,0,s0017,1,0,0,1,01,data/raw/mrlEyes_2018_01/s0017/s0017_00730_1_0_0_0_1_01.png
s0016_01803_1_0_1_0_1_01.png,test,1,s0016,1,0,0,1,01,data/raw/mrlEyes_2018_01/s0016/s0016_01803_1_0_1_0_1_01.png
s0032_01256_0_1_1_2_1_02.png,test,1,s0032,0,1,2,1,02,data/raw/mrlEyes_2018_01/s0032/s0032_01256_0_1_1_2_1_02.png
s0033_00034_0_0_0_0_1_01.png,test,0,s0033,0,0,0,1,01,data/raw/mrlEyes_2018_01/s0033/s0033_00034_0_0_0_0_1_01.png
s0022_00281_0_0_1_0_1_01.png,train,1,s0022,0,0,0,1,01,data/raw/mrlEyes_2018_01/s0022/s0022_00281_0_0_1_0_1_01.png
s0033_00058_0_0_0_0_0_01.png,test,0,s0033,0,0,0,0,01,data/raw/mrlEyes_2018_01/s0033/s0033_00058_0_0_0_0_0_01.png
s0030_00204_0_0_0_0_1_01.png,val,0,s0030,0,0,0,1,01,data/raw/mrlEyes_2018_01/s0030/s0030_00204_0_0_0_0_1_01.png
s0006_00036_0_1_0_1_0_01.png,train,0,s0006,0,1,1,0,01,data/raw/mrlEyes_2018_01/s0006/s0006_00036_0_1_0_1_0_01.png
s0026_00691_0_0_1_0_1_01.png,val,1,s0026,0,0,0,1,01,data/raw/mrlEyes_2018_01/s0026/s0026_00691_0_0_1_0_1_01.png
s0028_00012_0_1_0_0_0_01.png,train,0,s0028,0,1,0,0,01,data/raw/mrlEyes_2018_01/s0028/s0028_00012_0_1_0_0_0_01.png
s0013_01014_0_0_0_0_0_01.png,val,0,s0013,0,0,0,0,01,data/raw/mrlEyes_2018_01/s0013/s0013_01014_0_0_0_0_0_01.png
s0034_00112_0_0_0_0_0_02.png,train,0,s0034,0,0,0,0,02,data/raw/mrlEyes_2018_01/s0034/s0034_00112_0_0_0_0_0_02.png
s0016_01875_1_0_1_0_0_01.png,test,1,s0016,1,0,0,0,01,data/raw/mrlEyes_2018_01/s0016/s0016_01875_1_0_1_0_0_01.png
s0034_00024_0_0_0_0_0_02.png,train,0,s0034,0,0,0,0,02,data/raw/mrlEyes_2018_01/s0034/s0034_00024_0_0_0_0_0_02.png
s0008_00593_0_1_0_0_0_01.png,train,0,s0008,0,1,0,0,01,data/raw/mrlEyes_2018_01/s0008/s0008_00593_0_1_0_0_0_01.png
s0033_00288_0_0_1_0_0_01.png,test,1,s0033,0,0,0,0,01,data/raw/mrlEyes_2018_01/s0033/s0033_00288_0_0_1_0_0_01.png
s0018_04349_0_1_1_2_0_01.png,train,1,s0018,0,1,2,0,01,data/raw/mrlEyes_2018_01/s0018/s0018_04349_0_1_1_2_0_01.png
s0023_00100_0_0_1_0_1_01.png,train,1,s0023,0,0,0,1,01,data/raw/mrlEyes_2018_01/s0023/s0023_00100_0_0_1_0_1_01.png
s0022_00198_0_0_1_0_1_01.png,train,1,s0022,0,0,0,1,01,data/raw/mrlEyes_2018_01/s0022/s0022_00198_0_0_1_0_1_01.png
s0011_01514_0_0_1_0_0_01.png,train,1,s0011,0,0,0,0,01,data/raw/mrlEyes_2018_01/s0011/s0011_01514_0_0_1_0_0_01.png
s0012_07264_0_0_1_0_1_01.png,train,1,s0012,0,0,0,1,01,data/raw/mrlEyes_2018_01/s0012/s0012_07264_0_0_1_0_1_01.png
s0003_00653_0_0_1_0_0_01.png,test,1,s0003,0,0,0,0,01,data/raw/mrlEyes_2018_01/s0003/s0003_00653_0_0_1_0_0_01.png
s0018_04255_0_1_1_2_0_01.png,train,1,s0018,0,1,2,0,01,data/raw/mrlEyes_2018_01/s0018/s0018_04255_0_1_1_2_0_01.png
s0018_04305_0_1_1_2_0_01.png,train,1,s0018,0,1,2,0,01,data/raw/mrlEyes_2018_01/s0018/s0018_04305_0_1_1_2_0_01.png
s0024_00084_0_1_0_0_0_01.png,train,0,s0024,0,1,0,0,01,data/raw/mrlEyes_2018_01/s0024/s0024_00084_0_1_0_0_0_01.png
s0031_01544_1_0_1_2_1_02.png,train,1,s0031,1,0,2,1,02,data/raw/mrlEyes_2018_01/s0031/s0031_01544_1_0_1_2_1_02.png
s0012_04512_0_0_1_0_0_01.png,train,1,s0012,0,0,0,0,01,data/raw/mrlEyes_2018_01/s0012/s0012_04512_0_0_1_0_0_01.png
s0034_00088_0_0_0_0_0_02.png,train,0,s0034,0,0,0,0,02,data/raw/mrlEyes_2018_01/s0034/s0034_00088_0_0_0_0_0_02.png
s0034_00108_0_0_0_0_0_02.png,train,0,s0034,0,0,0,0,02,data/raw/mrlEyes_2018_01/s0034/s0034_00108_0_0_0_0_0_02.png
s0028_00008_0_0_0_0_0_01.png,train,0,s0028,0,0,0,0,01,data/raw/mrlEyes_2018_01/s0028/s0028_00008_0_0_0_0_0_01.png
s0022_00181_0_0_1_0_1_01.png,train,1,s0022,0,0,0,1,01,data/raw/mrlEyes_2018_01/s0022/s0022_00181_0_0_1_0_1_01.png
s0017_00691_1_0_0_0_0_01.png,test,0,s0017,1,0,0,0,01,data/raw/mrlEyes_2018_01/s0017/s0017_00691_1_0_0_0_0_01.png
s0024_00169_0_1_0_0_0_01.png,train,0,s0024,0,1,0,0,01,data/raw/mrlEyes_2018_01/s0024/s0024_00169_0_1_0_0_0_01.png
s0027_00365_0_0_1_0_0_01.png,val,1,s0027,0,0,0,0,01,data/raw/mrlEyes_2018_01/s0027/s0027_00365_0_0_1_0_0_01.png
s0017_01520_1_0_1_0_0_01.png,test,1,s0017,1,0,0,0,01,data/raw/mrlEyes_2018_01/s0017/s0017_01520_1_0_1_0_0_01.png
s0015_00356_0_0_0_0_1_01.png,test,0,s0015,0,0,0,1,01,data/raw/mrlEyes_2018_01/s0015/s0015_00356_0_0_0_0_1_01.png
s0015_00887_0_0_1_0_1_01.png,test,1,s0015,0,0,0,1,01,data/raw/mrlEyes_2018_01/s0015/s0015_00887_0_0_1_0_1_01.png
s0023_00012_0_0_0_0_0_01.png,train,0,s0023,0,0,0,0,01,data/raw/mrlEyes_2018_01/s0023/s0023_00012_0_0_0_0_0_01.png
s0005_00064_0_0_0_0_0_01.png,val,0,s0005,0,0,0,0,01,data/raw/mrlEyes_2018_01/s0005/s0005_00064_0_0_0_0_0_01.png
s0029_00108_0_0_0_0_1_01.png,train,0,s0029,0,0,0,1,01,data/raw/mrlEyes_2018_01/s0029/s0029_00108_0_0_0_0_1_01.png
s0035_00480_0_1_1_2_1_02.png,train,1,s0035,0,1,2,1,02,data/raw/mrlEyes_2018_01/s0035/s0035_00480_0_1_1_2_1_02.png
s0034_00421_0_0_1_0_0_02.png,train,1,s0034,0,0,0,0,02,data/raw/mrlEyes_2018_01/s0034/s0034_00421_0_0_1_0_0_02.png
s0023_00355_0_0_1_0_1_01.png,train,1,s0023,0,0,0,1,01,data/raw/mrlEyes_2018_01/s0023/s0023_00355_0_0_1_0_1_01.png
s0007_00566_0_0_0_0_0_01.png,test,0,s0007,0,0,0,0,01,data/raw/mrlEyes_2018_01/s0007/s0007_00566_0_0_0_0_0_01.png
s0027_00075_0_1_0_0_0_01.png,val,0,s0027,0,1,0,0,01,data/raw/mrlEyes_2018_01/s0027/s0027_00075_0_1_0_0_0_01.png
s0022_00355_0_1_1_2_1_01.png,train,1,s0022,0,1,2,1,01,data/raw/mrlEyes_2018_01/s0022/s0022_00355_0_1_1_2_1_01.png
s0015_00978_0_0_1_0_1_01.png,test,1,s0015,0,0,0,1,01,data/raw/mrlEyes_2018_01/s0015/s0015_00978_0_0_1_0_1_01.png
s0024_00136_0_1_0_0_0_01.png,train,0,s0024,0,1,0,0,01,data/raw/mrlEyes_2018_01/s0024/s0024_00136_0_1_0_0_0_01.png
s0005_00726_0_0_1_0_0_01.png,val,1,s0005,0,0,0,0,01,data/raw/mrlEyes_2018_01/s0005/s0005_00726_0_0_1_0_0_01.png
s0011_01539_0_0_1_0_0_01.png,train,1,s0011,0,0,0,0,01,data/raw/mrlEyes_2018_01/s0011/s0011_01539_0_0_1_0_0_01.png
s0031_00706_1_0_1_0_1_02.png,train,1,s0031,1,0,0,1,02,data/raw/mrlEyes_2018_01/s0031/s0031_00706_1_0_1_0_1_02.png
s0037_01052_1_0_0_0_1_01.png,train,0,s0037,1,0,0,1,01,data/raw/mrlEyes_2018_01/s0037/s0037_01052_1_0_0_0_1_01.png
s0010_00304_0_0_0_0_0_01.png,train,0,s0010,0,0,0,0,01,data/raw/mrlEyes_2018_01/s0010/s0010_00304_0_0_0_0_0_01.png
s0016_01884_1_0_1_0_0_01.png,test,1,s0016,1,0,0,0,01,data/raw/mrlEyes_2018_01/s0016/s0016_01884_1_0_1_0_0_01.png
s0019_00349_0_0_0_0_1_01.png,train,0,s0019,0,0,0,1,01,data/raw/mrlEyes_2018_01/s0019/s0019_00349_0_0_0_0_1_01.png
s0025_00120_0_0_0_0_0_01.png,train,0,s0025,0,0,0,0,01,data/raw/mrlEyes_2018_01/s0025/s0025_00120_0_0_0_0_0_01.png
s0037_04878_1_1_0_2_0_01.png,train,0,s0037,1,1,2,0,01,data/raw/mrlEyes_2018_01/s0037/s0037_04878_1_1_0_2_0_01.png
s0001_02085_0_0_1_0_0_01.png,val,1,s0001,0,0,0,0,01,data/raw/mrlEyes_2018_01/s0001/s0001_02085_0_0_1_0_0_01.png
s0001_02170_0_0_1_0_0_01.png,val,1,s0001,0,0,0,0,01,data/raw/mrlEyes_2018_01/s0001/s0001_02170_0_0_1_0_0_01.png
s0003_00676_0_0_1_0_0_01.png,test,1,s0003,0,0,0,0,01,data/raw/mrlEyes_2018_01/s0003/s0003_00676_0_0_1_0_0_01.png
s0037_09662_1_1_1_0_0_01.png,train,1,s0037,1,1,0,0,01,data/raw/mrlEyes_2018_01/s0037/s0037_09662_1_1_1_0_0_01.png
s0025_00737_0_0_1_0_1_01.png,train,1,s0025,0,0,0,1,01,data/raw/mrlEyes_2018_01/s0025/s0025_00737_0_0_1_0_1_01.png
s0037_09412_1_1_1_0_0_01.png,train,1,s0037,1,1,0,0,01,data/raw/mrlEyes_2018_01/s0037/s0037_09412_1_1_1_0_0_01.png
s0021_00054_0_0_0_0_0_01.png,train,0,s0021,0,0,0,0,01,data/raw/mrlEyes_2018_01/s0021/s0021_00054_0_0_0_0_0_01.png
s0032_03961_0_0_1_0_0_02.png,test,1,s0032,0,0,0,0,02,data/raw/mrlEyes_2018_01/s0032/s0032_03961_0_0_1_0_0_02.png
s0015_00300_0_0_0_0_1_01.png,test,0,s0015,0,0,0,1,01,data/raw/mrlEyes_2018_01/s0015/s0015_00300_0_0_0_0_1_01.png
s0024_00098_0_1_0_1_0_01.png,train,0,s0024,0,1,1,0,01,data/raw/mrlEyes_2018_01/s0024/s0024_00098_0_1_0_1_0_01.png
s0029_00025_0_0_0_0_1_01.png,train,0,s0029,0,0,0,1,01,data/raw/mrlEyes_2018_01/s0029/s0029_00025_0_0_0_0_1_01.png
s0037_06090_1_0_1_0_1_01.png,train,1,s0037,1,0,0,1,01,data/raw/mrlEyes_2018_01/s0037/s0037_06090_1_0_1_0_1_01.png
s0005_00014_0_0_0_0_0_01.png,val,0,s0005,0,0,0,0,01,data/raw/mrlEyes_2018_01/s0005/s0005_00014_0_0_0_0_0_01.png
s0012_04677_0_0_1_2_1_03.png,train,1,s0012,0,0,2,1,03,data/raw/mrlEyes_2018_01/s0012/s0012_04677_0_0_1_2_1_03.png
s0014_01066_0_0_0_0_0_01.png,train,0,s0014,0,0,0,0,01,data/raw/mrlEyes_2018_01/s0014/s0014_01066_0_0_0_0_0_01.png
s0037_04082_1_1_0_2_0_01.png,train,0,s0037,1,1,2,0,01,data/raw/mrlEyes_2018_01/s0037/s0037_04082_1_1_0_2_0_01.png
s0035_00008_0_1_0_1_1_02.png,train,0,s0035,0,1,1,1,02,data/raw/mrlEyes_2018_01/s0035/s0035_00008_0_1_0_1_1_02.png
s0021_00118_0_1_0_0_0_01.png,train,0,s0021,0,1,0,0,01,data/raw/mrlEyes_2018_01/s0021/s0021_00118_0_1_0_0_0_01.png
s0006_00656_0_1_0_1_0_01.png,train,0,s0006,0,1,1,0,01,data/raw/mrlEyes_2018_01/s0006/s0006_00656_0_1_0_1_0_01.png
s0015_00800_0_0_1_0_1_01.png,test,1,s0015,0,0,0,1,01,data/raw/mrlEyes_2018_01/s0015/s0015_00800_0_0_1_0_1_01.png
s0033_00160_0_0_1_0_1_01.png,test,1,s0033,0,0,0,1,01,data/raw/mrlEyes_2018_01/s0033/s0033_00160_0_0_1_0_1_01.png
s0033_00455_0_0_1_0_1_01.png,test,1,s0033,0,0,0,1,01,data/raw/mrlEyes_2018_01/s0033/s0033_00455_0_0_1_0_1_01.png
s0012_02972_0_1_0_2_1_01.png,train,0,s0012,0,1,2,1,01,data/raw/mrlEyes_2018_01/s0012/s0012_02972_0_1_0_2_1_01.png
s0028_00507_0_1_1_0_0_01.png,train,1,s0028,0,1,0,0,01,data/raw/mrlEyes_2018_01/s0028/s0028_00507_0_1_1_0_0_01.png
s0016_01478_1_0_0_0_1_01.png,test,0,s0016,1,0,0,1,01,data/raw/mrlEyes_2018_01/s0016/s0016_01478_1_0_0_0_1_01.png
s0024_00424_0_0_1_0_0_01.png,train,1,s0024,0,0,0,0,01,data/raw/mrlEyes_2018_01/s0024/s0024_00424_0_0_1_0_0_01.png
s0012_02207_0_1_0_2_0_01.png,train,0,s0012,0,1,2,0,01,data/raw/mrlEyes_2018_01/s0012/s0012_02207_0_1_0_2_0_01.png
s0009_00162_0_0_0_0_0_01.png,test,0,s0009,0,0,0,0,01,data/raw/mrlEyes_2018_01/s0009/s0009_00162_0_0_0_0_0_01.png
s0010_00270_0_0_0_0_0_01.png,train,0,s0010,0,0,0,0,01,data/raw/mrlEyes_2018_01/s0010/s0010_00270_0_0_0_0_0_01.png
s0037_06235_1_0_1_0_1_01.png,train,1,s0037,1,0,0,1,01,data/raw/mrlEyes_2018_01/s0037/s0037_06235_1_0_1_0_1_01.png
s0029_00898_0_0_1_0_1_01.png,train,1,s0029,0,0,0,1,01,data/raw/mrlEyes_2018_01/s0029/s0029_00898_0_0_1_0_1_01.png
s0034_00140_0_0_1_0_0_02.png,train,1,s0034,0,0,0,0,02,data/raw/mrlEyes_2018_01/s0034/s0034_00140_0_0_1_0_0_02.png
s0002_00088_0_0_0_0_0_01.png,train,0,s0002,0,0,0,0,01,data/raw/mrlEyes_2018_01/s0002/s0002_00088_0_0_0_0_0_01.png
s0023_00048_0_0_0_0_1_01.png,train,0,s0023,0,0,0,1,01,data/raw/mrlEyes_2018_01/s0023/s0023_00048_0_0_0_0_1_01.png
s0017_01476_1_0_1_0_1_01.png,test,1,s0017,1,0,0,1,01,data/raw/mrlEyes_2018_01/s0017/s0017_01476_1_0_1_0_1_01.png
s0036_00747_1_0_0_0_0_01.png,train,0,s0036,1,0,0,0,01,data/raw/mrlEyes_2018_01/s0036/s0036_00747_1_0_0_0_0_01.png
s0019_03650_0_0_1_0_0_01.png,train,1,s0019,0,0,0,0,01,data/raw/mrlEyes_2018_01/s0019/s0019_03650_0_0_1_0_0_01.png
s0023_00063_0_0_1_0_1_01.png,train,1,s0023,0,0,0,1,01,data/raw/mrlEyes_2018_01/s0023/s0023_00063_0_0_1_0_1_01.png
s0035_00399_0_1_1_0_0_02.png,train,1,s0035,0,1,0,0,02,data/raw/mrlEyes_2018_01/s0035/s0035_00399_0_1_1_0_0_02.png
s0033_00099_0_0_0_0_1_01.png,test,0,s0033,0,0,0,1,01,data/raw/mrlEyes_2018_01/s0033/s0033_00099_0_0_0_0_1_01.png
s0001_01187_0_1_0_2_0_01.png,val,0,s0001,0,1,2,0,01,data/raw/mrlEyes_2018_01/s0001/s0001_01187_0_1_0_2_0_01.png
s0012_08271_0_0_1_1_0_02.png,train,1,s0012,0,0,1,0,02,data/raw/mrlEyes_2018_01/s0012/s0012_08271_0_0_1_1_0_02.png
s0010_00339_0_0_1_0_0_01.png,train,1,s0010,0,0,0,0,01,data/raw/mrlEyes_2018_01/s0010/s0010_00339_0_0_1_0_0_01.png
s0002_01055_0_0_1_0_0_01.png,train,1,s0002,0,0,0,0,01,data/raw/mrlEyes_2018_01/s0002/s0002_01055_0_0_1_0_0_01.png
s0010_00368_0_0_1_0_0_01.png,train,1,s0010,0,0,0,0,01,data/raw/mrlEyes_2018_01/s0010/s0010_00368_0_0_1_0_0_01.png
s0020_00566_0_0_1_0_0_01.png,train,1,s0020,0,0,0,0,01,data/raw/mrlEyes_2018_01/s0020/s0020_00566_0_0_1_0_0_01.png
s0017_01331_1_0_1_0_0_01.png,test,1,s0017,1,0,0,0,01,data/raw/mrlEyes_2018_01/s0017/s0017_01331_1_0_1_0_0_01.png
s0022_00183_0_0_1_0_1_01.png,train,1,s0022,0,0,0,1,01,data/raw/mrlEyes_2018_01/s0022/s0022_00183_0_0_1_0_1_01.png
s0021_00889_0_1_1_0_0_01.png,train,1,s0021,0,1,0,0,01,data/raw/mrlEyes_2018_01/s0021/s0021_00889_0_1_1_0_0_01.png
s0037_01582_1_0_0_0_0_01.png,train,0,s0037,1,0,0,0,01,data/raw/mrlEyes_2018_01/s0037/s0037_01582_1_0_0_0_0_01.png
s0027_00422_0_1_1_2_0_01.png,val,1,s0027,0,1,2,0,01,data/raw/mrlEyes_2018_01/s0027/s0027_00422_0_1_1_2_0_01.png
s0011_01516_0_0_1_0_0_01.png,train,1,s0011,0,0,0,0,01,data/raw/mrlEyes_2018_01/s0011/s0011_01516_0_0_1_0_0_01.png
s0013_02983_0_0_1_0_0_01.png,val,1,s0013,0,0,0,0,01,data/raw/mrlEyes_2018_01/s0013/s0013_02983_0_0_1_0_0_01.png
s0019_00640_0_0_0_0_0_01.png,train,0,s0019,0,0,0,0,01,data/raw/mrlEyes_2018_01/s0019/s0019_00640_0_0_0_0_0_01.png
s0016_01770_1_0_1_0_1_01.png,test,1,s0016,1,0,0,1,01,data/raw/mrlEyes_2018_01/s0016/s0016_01770_1_0_1_0_1_01.png
s0020_00686_0_0_1_0_0_01.png,train,1,s0020,0,0,0,0,01,data/raw/mrlEyes_2018_01/s0020/s0020_00686_0_0_1_0_0_01.png
s0009_00219_0_0_0_0_0_01.png,test,0,s0009,0,0,0,0,01,data/raw/mrlEyes_2018_01/s0009/s0009_00219_0_0_0_0_0_01.png
s0010_00361_0_0_1_0_0_01.png,train,1,s0010,0,0,0,0,01,data/raw/mrlEyes_2018_01/s0010/s0010_00361_0_0_1_0_0_01.png
s0012_08249_0_0_1_0_0_02.png,train,1,s0012,0,0,0,0,02,data/raw/mrlEyes_2018_01/s0012/s0012_08249_0_0_1_0_0_02.png
s0017_01259_1_0_0_0_0_01.png,test,0,s0017,1,0,0,0,01,data/raw/mrlEyes_2018_01/s0017/s0017_01259_1_0_0_0_0_01.png
s0016_01835_1_0_1_0_0_01.png,test,1,s0016,1,0,0,0,01,data/raw/mrlEyes_2018_01/s0016/s0016_01835_1_0_1_0_0_01.png
s0022_00213_0_0_1_0_1_01.png,train,1,s0022,0,0,0,1,01,data/raw/mrlEyes_2018_01/s0022/s0022_00213_0_0_1_0_1_01.png
s0037_00413_1_0_0_0_1_01.png,train,0,s0037,1,0,0,1,01,data/raw/mrlEyes_2018_01/s0037/s0037_00413_1_0_0_0_1_01.png
s0007_00425_0_0_0_0_0_01.png,test,0,s0007,0,0,0,0,01,data/raw/mrlEyes_2018_01/s0007/s0007_00425_0_0_0_0_0_01.png
s0003_00562_0_0_1_0_0_01.png,test,1,s0003,0,0,0,0,01,data/raw/mrlEyes_2018_01/s0003/s0003_00562_0_0_1_0_0_01.png
s0034_00052_0_0_0_0_0_02.png,train,0,s0034,0,0,0,0,02,data/raw/mrlEyes_2018_01/s0034/s0034_00052_0_0_0_0_0_02.png
s0001_00512_0_0_0_0_0_01.png,val,0,s0001,0,0,0,0,01,data/raw/mrlEyes_2018_01/s0001/s0001_00512_0_0_0_0_0_01.png
s0025_00011_0_0_0_0_0_01.png,train,0,s0025,0,0,0,0,01,data/raw/mrlEyes_2018_01/s0025/s0025_00011_0_0_0_0_0_01.png
s0003_00591_0_0_1_0_0_01.png,test,1,s0003,0,0,0,0,01,data/raw/mrlEyes_2018_01/s0003/s0003_00591_0_0_1_0_0_01.png
s0028_00367_0_1_1_0_0_01.png,train,1,s0028,0,1,0,0,01,data/raw/mrlEyes_2018_01/s0028/s0028_00367_0_1_1_0_0_01.png
s0021_00907_0_1_1_0_0_01.png,train,1,s0021,0,1,0,0,01,data/raw/mrlEyes_2018_01/s0021/s0021_00907_0_1_1_0_0_01.png
s0011_01521_0_0_1_0_0_01.png,train,1,s0011,0,0,0,0,01,data/raw/mrlEyes_2018_01/s0011/s0011_01521_0_0_1_0_0_01.png
s0007_00267_0_0_0_0_0_01.png,test,0,s0007,0,0,0,0,01,data/raw/mrlEyes_2018_01/s0007/s0007_00267_0_0_0_0_0_01.png
s0015_00401_0_0_0_0_1_01.png,test,0,s0015,0,0,0,1,01,data/raw/mrlEyes_2018_01/s0015/s0015_00401_0_0_0_0_1_01.png
s0030_00144_0_0_0_0_0_01.png,val,0,s0030,0,0,0,0,01,data/raw/mrlEyes_2018_01/s0030/s0030_00144_0_0_0_0_0_01.png
s0019_00974_0_0_0_0_0_01.png,train,0,s0019,0,0,0,0,01,data/raw/mrlEyes_2018_01/s0019/s0019_00974_0_0_0_0_0_01.png
s0032_00069_0_0_0_0_1_02.png,test,0,s0032,0,0,0,1,02,data/raw/mrlEyes_2018_01/s0032/s0032_00069_0_0_0_0_1_02.png
s0036_00166_1_0_0_0_1_01.png,train,0,s0036,1,0,0,1,01,data/raw/mrlEyes_2018_01/s0036/s0036_00166_1_0_0_0_1_01.png
s0003_00250_0_0_0_0_0_01.png,test,0,s0003,0,0,0,0,01,data/raw/mrlEyes_2018_01/s0003/s0003_00250_0_0_0_0_0_01.png
s0016_01849_1_0_1_0_1_01.png,test,1,s0016,1,0,0,1,01,data/raw/mrlEyes_2018_01/s0016/s0016_01849_1_0_1_0_1_01.png
s0025_00060_0_0_0_0_0_01.png,train,0,s0025,0,0,0,0,01,data/raw/mrlEyes_2018_01/s0025/s0025_00060_0_0_0_0_0_01.png
s0013_03380_0_0_1_0_0_01.png,val,1,s0013,0,0,0,0,01,data/raw/mrlEyes_2018_01/s0013/s0013_03380_0_0_1_0_0_01.png
s0016_00348_1_0_0_0_1_01.png,test,0,s0016,1,0,0,1,01,data/raw/mrlEyes_2018_01/s0016/s0016_00348_1_0_0_0_1_01.png
s0033_00024_0_0_0_0_1_01.png,test,0,s0033,0,0,0,1,01,data/raw/mrlEyes_2018_01/s0033/s0033_00024_0_0_0_0_1_01.png
s0007_00289_0_0_0_0_0_01.png,test,0,s0007,0,0,0,0,01,data/raw/mrlEyes_2018_01/s0007/s0007_00289_0_0_0_0_0_01.png
s0033_00139_0_0_1_0_1_01.png,test,1,s0033,0,0,0,1,01,data/raw/mrlEyes_2018_01/s0033/s0033_00139_0_0_1_0_1_01.png
s0029_00072_0_0_0_0_1_01.png,train,0,s0029,0,0,0,1,01,data/raw/mrlEyes_2018_01/s0029/s0029_00072_0_0_0_0_1_01.png
s0011_01646_0_0_1_0_0_01.png,train,1,s0011,0,0,0,0,01,data/raw/mrlEyes_2018_01/s0011/s0011_01646_0_0_1_0_0_01.png
s0017_00911_1_0_0_0_0_01.png,test,0,s0017,1,0,0,0,01,data/raw/mrlEyes_2018_01/s0017/s0017_00911_1_0_0_0_0_01.png
s0007_00525_0_0_0_0_0_01.png,test,0,s0007,0,0,0,0,01,data/raw/mrlEyes_2018_01/s0007/s0007_00525_0_0_0_0_0_01.png
s0016_01763_1_0_1_0_1_01.png,test,1,s0016,1,0,0,1,01,data/raw/mrlEyes_2018_01/s0016/s0016_01763_1_0_1_0_1_01.png
s0025_01107_0_0_1_0_1_01.png,train,1,s0025,0,0,0,1,01,data/raw/mrlEyes_2018_01/s0025/s0025_01107_0_0_1_0_1_01.png
s0037_07339_1_0_1_0_0_01.png,train,1,s0037,1,0,0,0,01,data/raw/mrlEyes_2018_01/s0037/s0037_07339_1_0_1_0_0_01.png
s0008_00026_0_1_0_0_0_01.png,train,0,s0008,0,1,0,0,01,data/raw/mrlEyes_2018_01/s0008/s0008_00026_0_1_0_0_0_01.png
s0037_03320_1_1_0_0_1_01.png,train,0,s0037,1,1,0,1,01,data/raw/mrlEyes_2018_01/s0037/s0037_03320_1_1_0_0_1_01.png
s0037_06080_1_0_1_0_0_01.png,train,1,s0037,1,0,0,0,01,data/raw/mrlEyes_2018_01/s0037/s0037_06080_1_0_1_0_0_01.png
s0030_00175_0_0_0_0_0_01.png,val,0,s0030,0,0,0,0,01,data/raw/mrlEyes_2018_01/s0030/s0030_00175_0_0_0_0_0_01.png
s0021_00440_0_0_1_0_0_01.png,train,1,s0021,0,0,0,0,01,data/raw/mrlEyes_2018_01/s0021/s0021_00440_0_0_1_0_0_01.png
s0036_04492_1_0_1_0_0_01.png,train,1,s0036,1,0,0,0,01,data/raw/mrlEyes_2018_01/s0036/s0036_04492_1_0_1_0_0_01.png
s0026_00259_0_0_0_0_0_01.png,val,0,s0026,0,0,0,0,01,data/raw/mrlEyes_2018_01/s0026/s0026_00259_0_0_0_0_0_01.png
s0036_00307_1_0_0_0_0_01.png,train,0,s0036,1,0,0,0,01,data/raw/mrlEyes_2018_01/s0036/s0036_00307_1_0_0_0_0_01.png
s0037_03459_1_1_0_0_0_01.png,train,0,s0037,1,1,0,0,01,data/raw/mrlEyes_2018_01/s0037/s0037_03459_1_1_0_0_0_01.png
s0015_00380_0_0_0_0_1_01.png,test,0,s0015,0,0,0,1,01,data/raw/mrlEyes_2018_01/s0015/s0015_00380_0_0_0_0_1_01.png
s0012_06111_0_0_1_0_0_03.png,train,1,s0012,0,0,0,0,03,data/raw/mrlEyes_2018_01/s0012/s0012_06111_0_0_1_0_0_03.png
s0036_02128_1_0_1_0_1_01.png,train,1,s0036,1,0,0,1,01,data/raw/mrlEyes_2018_01/s0036/s0036_02128_1_0_1_0_1_01.png
s0005_00720_0_0_1_0_0_01.png,val,1,s0005,0,0,0,0,01,data/raw/mrlEyes_2018_01/s0005/s0005_00720_0_0_1_0_0_01.png
s0025_00177_0_0_1_0_0_01.png,train,1,s0025,0,0,0,0,01,data/raw/mrlEyes_2018_01/s0025/s0025_00177_0_0_1_0_0_01.png
s0002_01104_0_0_1_0_0_01.png,train,1,s0002,0,0,0,0,01,data/raw/mrlEyes_2018_01/s0002/s0002_01104_0_0_1_0_0_01.png
s0012_08341_0_0_1_1_0_02.png,train,1,s0012,0,0,1,0,02,data/raw/mrlEyes_2018_01/s0012/s0012_08341_0_0_1_1_0_02.png
s0019_01872_0_0_0_0_0_01.png,train,0,s0019,0,0,0,0,01,data/raw/mrlEyes_2018_01/s0019/s0019_01872_0_0_0_0_0_01.png
s0024_00067_0_1_0_1_0_01.png,train,0,s0024,0,1,1,0,01,data/raw/mrlEyes_2018_01/s0024/s0024_00067_0_1_0_1_0_01.png
s0037_03200_1_1_0_0_0_01.png,train,0,s0037,1,1,0,0,01,data/raw/mrlEyes_2018_01/s0037/s0037_03200_1_1_0_0_0_01.png
s0013_03328_0_0_1_0_0_01.png,val,1,s0013,0,0,0,0,01,data/raw/mrlEyes_2018_01/s0013/s0013_03328_0_0_1_0_0_01.png
s0028_00494_0_1_1_0_0_01.png,train,1,s0028,0,1,0,0,01,data/raw/mrlEyes_2018_01/s0028/s0028_00494_0_1_1_0_0_01.png
s0034_00712_0_0_1_0_0_02.png,train,1,s0034,0,0,0,0,02,data/raw/mrlEyes_2018_01/s0034/s0034_00712_0_0_1_0_0_02.png
s0029_01296_0_0_1_0_1_01.png,train,1,s0029,0,0,0,1,01,data/raw/mrlEyes_2018_01/s0029/s0029_01296_0_0_1_0_1_01.png
s0019_04230_0_0_1_0_0_01.png,train,1,s0019,0,0,0,0,01,data/raw/mrlEyes_2018_01/s0019/s0019_04230_0_0_1_0_0_01.png
s0029_00112_0_0_0_0_0_01.png,train,0,s0029,0,0,0,0,01,data/raw/mrlEyes_2018_01/s0029/s0029_00112_0_0_0_0_0_01.png
s0008_00787_0_1_0_0_0_01.png,train,0,s0008,0,1,0,0,01,data/raw/mrlEyes_2018_01/s0008/s0008_00787_0_1_0_0_0_01.png
s0030_00117_0_0_0_0_1_01.png,val,0,s0030,0,0,0,1,01,data/raw/mrlEyes_2018_01/s0030/s0030_00117_0_0_0_0_1_01.png
s0033_00251_0_0_1_0_1_01.png,test,1,s0033,0,0,0,1,01,data/raw/mrlEyes_2018_01/s0033/s0033_00251_0_0_1_0_1_01.png
s0014_00786_0_0_0_0_1_01.png,train,0,s0014,0,0,0,1,01,data/raw/mrlEyes_2018_01/s0014/s0014_00786_0_0_0_0_1_01.png
s0037_10082_1_1_1_0_0_01.png,train,1,s0037,1,1,0,0,01,data/raw/mrlEyes_2018_01/s0037/s0037_10082_1_1_1_0_0_01.png
s0028_00275_0_1_1_0_0_01.png,train,1,s0028,0,1,0,0,01,data/raw/mrlEyes_2018_01/s0028/s0028_00275_0_1_1_0_0_01.png
s0034_00680_0_0_1_0_0_02.png,train,1,s0034,0,0,0,0,02,data/raw/mrlEyes_2018_01/s0034/s0034_00680_0_0_1_0_0_02.png
s0033_00057_0_0_0_0_0_01.png,test,0,s0033,0,0,0,0,01,data/raw/mrlEyes_2018_01/s0033/s0033_00057_0_0_0_0_0_01.png
s0013_03027_0_0_1_0_0_01.png,val,1,s0013,0,0,0,0,01,data/raw/mrlEyes_2018_01/s0013/s0013_03027_0_0_1_0_0_01.png
s0037_09138_1_1_1_0_0_01.png,train,1,s0037,1,1,0,0,01,data/raw/mrlEyes_2018_01/s0037/s0037_09138_1_1_1_0_0_01.png
s0034_00704_0_0_1_0_0_02.png,train,1,s0034,0,0,0,0,02,data/raw/mrlEyes_2018_01/s0034/s0034_00704_0_0_1_0_0_02.png
s0035_00396_0_1_1_0_1_02.png,train,1,s0035,0,1,0,1,02,data/raw/mrlEyes_2018_01/s0035/s0035_00396_0_1_1_0_1_02.png
s0023_00087_0_0_1_1_1_01.png,train,1,s0023,0,0,1,1,01,data/raw/mrlEyes_2018_01/s0023/s0023_00087_0_0_1_1_1_01.png
s0034_00005_0_0_0_0_0_02.png,train,0,s0034,0,0,0,0,02,data/raw/mrlEyes_2018_01/s0034/s0034_00005_0_0_0_0_0_02.png
s0001_02911_0_1_1_2_0_01.png,val,1,s0001,0,1,2,0,01,data/raw/mrlEyes_2018_01/s0001/s0001_02911_0_1_1_2_0_01.png
s0032_04446_0_0_1_2_1_02.png,test,1,s0032,0,0,2,1,02,data/raw/mrlEyes_2018_01/s0032/s0032_04446_0_0_1_2_1_02.png
s0001_03150_0_1_1_2_0_01.png,val,1,s0001,0,1,2,0,01,data/raw/mrlEyes_2018_01/s0001/s0001_03150_0_1_1_2_0_01.png
s0036_06032_1_1_1_0_0_01.png,train,1,s0036,1,1,0,0,01,data/raw/mrlEyes_2018_01/s0036/s0036_06032_1_1_1_0_0_01.png
s0013_01465_0_0_0_0_0_01.png,val,0,s0013,0,0,0,0,01,data/raw/mrlEyes_2018_01/s0013/s0013_01465_0_0_0_0_0_01.png
s0036_01132_1_1_0_0_0_01.png,train,0,s0036,1,1,0,0,01,data/raw/mrlEyes_2018_01/s0036/s0036_01132_1_1_0_0_0_01.png
s0035_00018_0_1_0_0_0_02.png,train,0,s0035,0,1,0,0,02,data/raw/mrlEyes_2018_01/s0035/s0035_00018_0_1_0_0_0_02.png
s0036_01771_1_1_0_0_0_01.png,train,0,s0036,1,1,0,0,01,data/raw/mrlEyes_2018_01/s0036/s0036_01771_1_1_0_0_0_01.png
s0006_00045_0_1_0_1_0_01.png,train,0,s0006,0,1,1,0,01,data/raw/mrlEyes_2018_01/s0006/s0006_00045_0_1_0_1_0_01.png
s0036_00042_1_0_0_0_1_01.png,train,0,s0036,1,0,0,1,01,data/raw/mrlEyes_2018_01/s0036/s0036_00042_1_0_0_0_1_01.png
s0018_02943_0_1_0_0_0_01.png,train,0,s0018,0,1,0,0,01,data/raw/mrlEyes_2018_01/s0018/s0018_02943_0_1_0_0_0_01.png
s0015_00934_0_0_1_0_1_01.png,test,1,s0015,0,0,0,1,01,data/raw/mrlEyes_2018_01/s0015/s0015_00934_0_0_1_0_1_01.png
s0004_01052_0_0_0_0_0_01.png,val,0,s0004,0,0,0,0,01,data/raw/mrlEyes_2018_01/s0004/s0004_01052_0_0_0_0_0_01.png
s0002_00670_0_0_0_0_0_01.png,train,0,s0002,0,0,0,0,01,data/raw/mrlEyes_2018_01/s0002/s0002_00670_0_0_0_0_0_01.png
s0018_04307_0_1_1_2_0_01.png,train,1,s0018,0,1,2,0,01,data/raw/mrlEyes_2018_01/s0018/s0018_04307_0_1_1_2_0_01.png
s0019_05818_0_0_1_0_0_01.png,train,1,s0019,0,0,0,0,01,data/raw/mrlEyes_2018_01/s0019/s0019_05818_0_0_1_0_0_01.png
s0001_02616_0_1_1_2_0_01.png,val,1,s0001,0,1,2,0,01,data/raw/mrlEyes_2018_01/s0001/s0001_02616_0_1_1_2_0_01.png
s0031_00041_1_0_0_0_1_02.png,train,0,s0031,1,0,0,1,02,data/raw/mrlEyes_2018_01/s0031/s0031_00041_1_0_0_0_1_02.png
s0035_00295_0_1_1_0_0_02.png,train,1,s0035,0,1,0,0,02,data/raw/mrlEyes_2018_01/s0035/s0035_00295_0_1_1_0_0_02.png
s0002_00165_0_0_0_0_0_01.png,train,0,s0002,0,0,0,0,01,data/raw/mrlEyes_2018_01/s0002/s0002_00165_0_0_0_0_0_01.png
s0029_01206_0_0_1_0_1_01.png,train,1,s0029,0,0,0,1,01,data/raw/mrlEyes_2018_01/s0029/s0029_01206_0_0_1_0_1_01.png
s0036_02744_1_0_1_0_0_01.png,train,1,s0036,1,0,0,0,01,data/raw/mrlEyes_2018_01/s0036/s0036_02744_1_0_1_0_0_01.png
s0030_00189_0_0_0_0_0_01.png,val,0,s0030,0,0,0,0,01,data/raw/mrlEyes_2018_01/s0030/s0030_00189_0_0_0_0_0_01.png
s0003_00621_0_0_1_0_0_01.png,test,1,s0003,0,0,0,0,01,data/raw/mrlEyes_2018_01/s0003/s0003_00621_0_0_1_0_0_01.png
s0032_00124_0_0_0_0_1_02.png,test,0,s0032,0,0,0,1,02,data/raw/mrlEyes_2018_01/s0032/s0032_00124_0_0_0_0_1_02.png
s0027_00084_0_1_0_0_0_01.png,val,0,s0027,0,1,0,0,01,data/raw/mrlEyes_2018_01/s0027/s0027_00084_0_1_0_0_0_01.png
s0025_00890_0_0_1_0_1_01.png,train,1,s0025,0,0,0,1,01,data/raw/mrlEyes_2018_01/s0025/s0025_00890_0_0_1_0_1_01.png
s0037_09727_1_1_1_0_0_01.png,train,1,s0037,1,1,0,0,01,data/raw/mrlEyes_2018_01/s0037/s0037_09727_1_1_1_0_0_01.png
s0013_03075_0_0_1_0_0_01.png,val,1,s0013,0,0,0,0,01,data/raw/mrlEyes_2018_01/s0013/s0013_03075_0_0_1_0_0_01.png
s0024_00196_0_1_0_0_0_01.png,train,0,s0024,0,1,0,0,01,data/raw/mrlEyes_2018_01/s0024/s0024_00196_0_1_0_0_0_01.png
s0030_00700_0_0_1_0_1_01.png,val,1,s0030,0,0,0,1,01,data/raw/mrlEyes_2018_01/s0030/s0030_00700_0_0_1_0_1_01.png
s0017_01369_1_0_1_0_0_01.png,test,1,s0017,1,0,0,0,01,data/raw/mrlEyes_2018_01/s0017/s0017_01369_1_0_1_0_0_01.png
s0028_00001_0_0_0_0_0_01.png,train,0,s0028,0,0,0,0,01,data/raw/mrlEyes_2018_01/s0028/s0028_00001_0_0_0_0_0_01.png
s0035_00004_0_1_0_1_1_02.png,train,0,s0035,0,1,1,1,02,data/raw/mrlEyes_2018_01/s0035/s0035_00004_0_1_0_1_1_02.png
s0034_00007_0_0_0_0_0_02.png,train,0,s0034,0,0,0,0,02,data/raw/mrlEyes_2018_01/s0034/s0034_00007_0_0_0_0_0_02.png
s0029_00141_0_0_0_0_1_01.png,train,0,s0029,0,0,0,1,01,data/raw/mrlEyes_2018_01/s0029/s0029_00141_0_0_0_0_1_01.png
s0026_00687_0_0_1_0_0_01.png,val,1,s0026,0,0,0,0,01,data/raw/mrlEyes_2018_01/s0026/s0026_00687_0_0_1_0_0_01.png
s0017_01413_1_0_1_0_1_01.png,test,1,s0017,1,0,0,1,01,data/raw/mrlEyes_2018_01/s0017/s0017_01413_1_0_1_0_1_01.png
s0022_00123_0_1_0_2_1_01.png,train,0,s0022,0,1,2,1,01,data/raw/mrlEyes_2018_01/s0022/s0022_00123_0_1_0_2_1_01.png
s0016_01666_1_0_0_0_1_01.png,test,0,s0016,1,0,0,1,01,data/raw/mrlEyes_2018_01/s0016/s0016_01666_1_0_0_0_1_01.png
s0022_00052_0_0_0_0_1_01.png,train,0,s0022,0,0,0,1,01,data/raw/mrlEyes_2018_01/s0022/s0022_00052_0_0_0_0_1_01.png
s0023_00292_0_0_1_1_1_01.png,train,1,s0023,0,0,1,1,01,data/raw/mrlEyes_2018_01/s0023/s0023_00292_0_0_1_1_1_01.png
s0027_00144_0_0_1_0_0_01.png,val,1,s0027,0,0,0,0,01,data/raw/mrlEyes_2018_01/s0027/s0027_00144_0_0_1_0_0_01.png
s0001_03129_0_1_1_2_0_01.png,val,1,s0001,0,1,2,0,01,data/raw/mrlEyes_2018_01/s0001/s0001_03129_0_1_1_2_0_01.png
s0033_00084_0_0_0_0_1_01.png,test,0,s0033,0,0,0,1,01,data/raw/mrlEyes_2018_01/s0033/s0033_00084_0_0_0_0_1_01.png
s0002_01029_0_0_1_0_0_01.png,train,1,s0002,0,0,0,0,01,data/raw/mrlEyes_2018_01/s0002/s0002_01029_0_0_1_0_0_01.png
s0022_00051_0_0_0_0_1_01.png,train,0,s0022,0,0,0,1,01,data/raw/mrlEyes_2018_01/s0022/s0022_00051_0_0_0_0_1_01.png
s0032_06100_0_0_1_1_1_02.png,test,1,s0032,0,0,1,1,02,data/raw/mrlEyes_2018_01/s0032/s0032_06100_0_0_1_1_1_02.png
s0012_01295_0_0_0_0_0_03.png,train,0,s0012,0,0,0,0,03,data/raw/mrlEyes_2018_01/s0012/s0012_01295_0_0_0_0_0_03.png
s0035_00498_0_1_1_1_0_02.png,train,1,s0035,0,1,1,0,02,data/raw/mrlEyes_2018_01/s0035/s0035_00498_0_1_1_1_0_02.png
s0006_00373_0_1_0_0_0_01.png,train,0,s0006,0,1,0,0,01,data/raw/mrlEyes_2018_01/s0006/s0006_00373_0_1_0_0_0_01.png
s0035_00210_0_1_1_2_1_02.png,train,1,s0035,0,1,2,1,02,data/raw/mrlEyes_2018_01/s0035/s0035_00210_0_1_1_2_1_02.png
s0031_00083_1_0_0_0_1_02.png,train,0,s0031,1,0,0,1,02,data/raw/mrlEyes_2018_01/s0031/s0031_00083_1_0_0_0_1_02.png
s0019_03842_0_0_1_0_0_01.png,train,1,s0019,0,0,0,0,01,data/raw/mrlEyes_2018_01/s0019/s0019_03842_0_0_1_0_0_01.png
s0029_00831_0_0_1_0_1_01.png,train,1,s0029,0,0,0,1,01,data/raw/mrlEyes_2018_01/s0029/s0029_00831_0_0_1_0_1_01.png
s0002_00590_0_0_0_0_1_01.png,train,0,s0002,0,0,0,1,01,data/raw/mrlEyes_2018_01/s0002/s0002_00590_0_0_0_0_1_01.png
s0001_02219_0_0_1_0_0_01.png,val,1,s0001,0,0,0,0,01,data/raw/mrlEyes_2018_01/s0001/s0001_02219_0_0_1_0_0_01.png
s0009_00374_0_0_1_0_0_01.png,test,1,s0009,0,0,0,0,01,data/raw/mrlEyes_2018_01/s0009/s0009_00374_0_0_1_0_0_01.png
s0020_00073_0_0_1_0_1_01.png,train,1,s0020,0,0,0,1,01,data/raw/mrlEyes_2018_01/s0020/s0020_00073_0_0_1_0_1_01.png
s0022_00316_0_1_1_2_1_01.png,train,1,s0022,0,1,2,1,01,data/raw/mrlEyes_2018_01/s0022/s0022_00316_0_1_1_2_1_01.png
s0033_00116_0_0_1_0_1_01.png,test,1,s0033,0,0,0,1,01,data/raw/mrlEyes_2018_01/s0033/s0033_00116_0_0_1_0_1_01.png
s0017_01426_1_0_1_0_1_01.png,test,1,s0017,1,0,0,1,01,data/raw/mrlEyes_2018_01/s0017/s0017_01426_1_0_1_0_1_01.png
s0012_02538_0_1_0_0_0_01.png,train,0,s0012,0,1,0,0,01,data/raw/mrlEyes_2018_01/s0012/s0012_02538_0_1_0_0_0_01.png
s0012_05194_0_0_1_2_1_03.png,train,1,s0012,0,0,2,1,03,data/raw/mrlEyes_2018_01/s0012/s0012_05194_0_0_1_2_1_03.png
s0014_04953_0_0_1_2_1_03.png,train,1,s0014,0,0,2,1,03,data/raw/mrlEyes_2018_01/s0014/s0014_04953_0_0_1_2_1_03.png
s0020_00233_0_0_1_0_1_01.png,train,1,s0020,0,0,0,1,01,data/raw/mrlEyes_2018_01/s0020/s0020_00233_0_0_1_0_1_01.png
s0016_01722_1_0_1_0_1_01.png,test,1,s0016,1,0,0,1,01,data/raw/mrlEyes_2018_01/s0016/s0016_01722_1_0_1_0_1_01.png
s0018_03870_0_0_1_0_0_01.png,train,1,s0018,0,0,0,0,01,data/raw/mrlEyes_2018_01/s0018/s0018_03870_0_0_1_0_0_01.png
s0001_02380_0_0_1_0_0_01.png,val,1,s0001,0,0,0,0,01,data/raw/mrlEyes_2018_01/s0001/s0001_02380_0_0_1_0_0_01.png
s0008_00763_0_1_0_0_0_01.png,train,0,s0008,0,1,0,0,01,data/raw/mrlEyes_2018_01/s0008/s0008_00763_0_1_0_0_0_01.png
s0027_00650_0_1_1_0_0_01.png,val,1,s0027,0,1,0,0,01,data/raw/mrlEyes_2018_01/s0027/s0027_00650_0_1_1_0_0_01.png
s0033_00433_0_0_1_0_1_01.png,test,1,s0033,0,0,0,1,01,data/raw/mrlEyes_2018_01/s0033/s0033_00433_0_0_1_0_1_01.png
s0014_08438_0_0_1_1_1_02.png,train,1,s0014,0,0,1,1,02,data/raw/mrlEyes_2018_01/s0014/s0014_08438_0_0_1_1_1_02.png
s0028_00403_0_1_1_0_0_01.png,train,1,s0028,0,1,0,0,01,data/raw/mrlEyes_2018_01/s0028/s0028_00403_0_1_1_0_0_01.png
s0019_05524_0_0_1_0_0_01.png,train,1,s0019,0,0,0,0,01,data/raw/mrlEyes_2018_01/s0019/s0019_05524_0_0_1_0_0_01.png
s0011_01564_0_0_1_0_0_01.png,train,1,s0011,0,0,0,0,01,data/raw/mrlEyes_2018_01/s0011/s0011_01564_0_0_1_0_0_01.png
s0036_03995_1_0_1_0_0_01.png,train,1,s0036,1,0,0,0,01,data/raw/mrlEyes_2018_01/s0036/s0036_03995_1_0_1_0_0_01.png
s0034_00048_0_0_0_0_0_02.png,train,0,s0034,0,0,0,0,02,data/raw/mrlEyes_2018_01/s0034/s0034_00048_0_0_0_0_0_02.png
s0035_00482_0_1_1_1_0_02.png,train,1,s0035,0,1,1,0,02,data/raw/mrlEyes_2018_01/s0035/s0035_00482_0_1_1_1_0_02.png
s0024_00036_0_0_0_0_0_01.png,train,0,s0024,0,0,0,0,01,data/raw/mrlEyes_2018_01/s0024/s0024_00036_0_0_0_0_0_01.png
s0032_00227_0_1_1_2_1_02.png,test,1,s0032,0,1,2,1,02,data/raw/mrlEyes_2018_01/s0032/s0032_00227_0_1_1_2_1_02.png
s0029_00174_0_0_0_0_1_01.png,train,0,s0029,0,0,0,1,01,data/raw/mrlEyes_2018_01/s0029/s0029_00174_0_0_0_0_1_01.png
s0022_00076_0_1_0_2_1_01.png,train,0,s0022,0,1,2,1,01,data/raw/mrlEyes_2018_01/s0022/s0022_00076_0_1_0_2_1_01.png
s0026_00005_0_0_0_0_0_01.png,val,0,s0026,0,0,0,0,01,data/raw/mrlEyes_2018_01/s0026/s0026_00005_0_0_0_0_0_01.png
s0017_01353_1_0_1_0_0_01.png,test,1,s0017,1,0,0,0,01,data/raw/mrlEyes_2018_01/s0017/s0017_01353_1_0_1_0_0_01.png
s0024_00163_0_1_0_0_0_01.png,train,0,s0024,0,1,0,0,01,data/raw/mrlEyes_2018_01/s0024/s0024_00163_0_1_0_0_0_01.png
s0005_00009_0_0_0_0_0_01.png,val,0,s0005,0,0,0,0,01,data/raw/mrlEyes_2018_01/s0005/s0005_00009_0_0_0_0_0_01.png
s0025_00101_0_0_0_0_0_01.png,train,0,s0025,0,0,0,0,01,data/raw/mrlEyes_2018_01/s0025/s0025_00101_0_0_0_0_0_01.png
s0004_00319_0_0_0_0_0_01.png,val,0,s0004,0,0,0,0,01,data/raw/mrlEyes_2018_01/s0004/s0004_00319_0_0_0_0_0_01.png
s0030_00940_0_0_1_0_1_01.png,val,1,s0030,0,0,0,1,01,data/raw/mrlEyes_2018_01/s0030/s0030_00940_0_0_1_0_1_01.png
s0030_00228_0_0_0_0_0_01.png,val,0,s0030,0,0,0,0,01,data/raw/mrlEyes_2018_01/s0030/s0030_00228_0_0_0_0_0_01.png
s0011_01585_0_0_1_0_0_01.png,train,1,s0011,0,0,0,0,01,data/raw/mrlEyes_2018_01/s0011/s0011_01585_0_0_1_0_0_01.png
s0030_01273_0_0_1_0_1_01.png,val,1,s0030,0,0,0,1,01,data/raw/mrlEyes_2018_01/s0030/s0030_01273_0_0_1_0_1_01.png
s0012_02769_0_1_0_2_0_01.png,train,0,s0012,0,1,2,0,01,data/raw/mrlEyes_2018_01/s0012/s0012_02769_0_1_0_2_0_01.png
s0030_01031_0_0_1_0_1_01.png,val,1,s0030,0,0,0,1,01,data/raw/mrlEyes_2018_01/s0030/s0030_01031_0_0_1_0_1_01.png
s0010_00059_0_0_0_0_0_01.png,train,0,s0010,0,0,0,0,01,data/raw/mrlEyes_2018_01/s0010/s0010_00059_0_0_0_0_0_01.png
s0023_00026_0_0_0_0_1_01.png,train,0,s0023,0,0,0,1,01,data/raw/mrlEyes_2018_01/s0023/s0023_00026_0_0_0_0_1_01.png
s0016_01787_1_0_1_0_1_01.png,test,1,s0016,1,0,0,1,01,data/raw/mrlEyes_2018_01/s0016/s0016_01787_1_0_1_0_1_01.png
s0037_02431_1_0_0_0_1_01.png,train,0,s0037,1,0,0,1,01,data/raw/mrlEyes_2018_01/s0037/s0037_02431_1_0_0_0_1_01.png
s0024_00639_0_1_1_2_0_01.png,train,1,s0024,0,1,2,0,01,data/raw/mrlEyes_2018_01/s0024/s0024_00639_0_1_1_2_0_01.png
s0011_01546_0_0_1_0_0_01.png,train,1,s0011,0,0,0,0,01,data/raw/mrlEyes_2018_01/s0011/s0011_01546_0_0_1_0_0_01.png
s0001_02387_0_0_1_0_0_01.png,val,1,s0001,0,0,0,0,01,data/raw/mrlEyes_2018_01/s0001/s0001_02387_0_0_1_0_0_01.png
s0022_00084_0_1_0_2_1_01.png,train,0,s0022,0,1,2,1,01,data/raw/mrlEyes_2018_01/s0022/s0022_00084_0_1_0_2_1_01.png
s0025_00472_0_0_1_0_0_01.png,train,1,s0025,0,0,0,0,01,data/raw/mrlEyes_2018_01/s0025/s0025_00472_0_0_1_0_0_01.png
s0017_00345_1_0_0_0_0_01.png,test,0,s0017,1,0,0,0,01,data/raw/mrlEyes_2018_01/s0017/s0017_00345_1_0_0_0_0_01.png
s0037_03067_1_1_0_0_0_01.png,train,0,s0037,1,1,0,0,01,data/raw/mrlEyes_2018_01/s0037/s0037_03067_1_1_0_0_0_01.png
s0018_01017_0_0_0_0_1_01.png,train,0,s0018,0,0,0,1,01,data/raw/mrlEyes_2018_01/s0018/s0018_01017_0_0_0_0_1_01.png
s0018_01985_0_1_0_2_0_01.png,train,0,s0018,0,1,2,0,01,data/raw/mrlEyes_2018_01/s0018/s0018_01985_0_1_0_2_0_01.png
s0013_03211_0_0_1_0_0_01.png,val,1,s0013,0,0,0,0,01,data/raw/mrlEyes_2018_01/s0013/s0013_03211_0_0_1_0_0_01.png
s0007_00616_0_0_1_0_0_01.png,test,1,s0007,0,0,0,0,01,data/raw/mrlEyes_2018_01/s0007/s0007_00616_0_0_1_0_0_01.png
s0037_07475_1_0_1_0_0_01.png,train,1,s0037,1,0,0,0,01,data/raw/mrlEyes_2018_01/s0037/s0037_07475_1_0_1_0_0_01.png
s0021_00036_0_0_0_0_0_01.png,train,0,s0021,0,0,0,0,01,data/raw/mrlEyes_2018_01/s0021/s0021_00036_0_0_0_0_0_01.png
s0019_00711_0_0_0_0_0_01.png,train,0,s0019,0,0,0,0,01,data/raw/mrlEyes_2018_01/s0019/s0019_00711_0_0_0_0_0_01.png
s0016_00027_1_0_0_0_1_01.png,test,0,s0016,1,0,0,1,01,data/raw/mrlEyes_2018_01/s0016/s0016_00027_1_0_0_0_1_01.png
s0013_01744_0_0_0_0_0_01.png,val,0,s0013,0,0,0,0,01,data/raw/mrlEyes_2018_01/s0013/s0013_01744_0_0_0_0_0_01.png
s0010_00111_0_0_0_0_0_01.png,train,0,s0010,0,0,0,0,01,data/raw/mrlEyes_2018_01/s0010/s0010_00111_0_0_0_0_0_01.png
s0036_00882_1_1_0_0_0_01.png,train,0,s0036,1,1,0,0,01,data/raw/mrlEyes_2018_01/s0036/s0036_00882_1_1_0_0_0_01.png
s0034_00692_0_0_1_0_0_02.png,train,1,s0034,0,0,0,0,02,data/raw/mrlEyes_2018_01/s0034/s0034_00692_0_0_1_0_0_02.png
s0012_05910_0_0_1_2_1_03.png,train,1,s0012,0,0,2,1,03,data/raw/mrlEyes_2018_01/s0012/s0012_05910_0_0_1_2_1_03.png
s0030_00139_0_0_0_0_0_01.png,val,0,s0030,0,0,0,0,01,data/raw/mrlEyes_2018_01/s0030/s0030_00139_0_0_0_0_0_01.png
s0028_00006_0_0_0_0_0_01.png,train,0,s0028,0,0,0,0,01,data/raw/mrlEyes_2018_01/s0028/s0028_00006_0_0_0_0_0_01.png
s0002_01107_0_0_1_0_0_01.png,train,1,s0002,0,0,0,0,01,data/raw/mrlEyes_2018_01/s0002/s0002_01107_0_0_1_0_0_01.png
s0018_04219_0_1_1_2_0_01.png,train,1,s0018,0,1,2,0,01,data/raw/mrlEyes_2018_01/s0018/s0018_04219_0_1_1_2_0_01.png
s0035_00003_0_1_0_1_1_02.png,train,0,s0035,0,1,1,1,02,data/raw/mrlEyes_2018_01/s0035/s0035_00003_0_1_0_1_1_02.png
s0016_00305_1_0_0_1_1_01.png,test,0,s0016,1,0,1,1,01,data/raw/mrlEyes_2018_01/s0016/s0016_00305_1_0_0_1_1_01.png
s0030_00254_0_0_0_0_0_01.png,val,0,s0030,0,0,0,0,01,data/raw/mrlEyes_2018_01/s0030/s0030_00254_0_0_0_0_0_01.png
s0032_02729_0_1_1_2_1_02.png,test,1,s0032,0,1,2,1,02,data/raw/mrlEyes_2018_01/s0032/s0032_02729_0_1_1_2_1_02.png
s0023_00004_0_0_0_0_1_01.png,train,0,s0023,0,0,0,1,01,data/raw/mrlEyes_2018_01/s0023/s0023_00004_0_0_0_0_1_01.png
s0024_00101_0_1_0_2_0_01.png,train,0,s0024,0,1,2,0,01,data/raw/mrlEyes_2018_01/s0024/s0024_00101_0_1_0_2_0_01.png
s0016_01879_1_0_1_0_0_01.png,test,1,s0016,1,0,0,0,01,data/raw/mrlEyes_2018_01/s0016/s0016_01879_1_0_1_0_0_01.png
s0027_00227_0_0_1_0_1_01.png,val,1,s0027,0,0,0,1,01,data/raw/mrlEyes_2018_01/s0027/s0027_00227_0_0_1_0_1_01.png
s0032_06064_0_0_1_1_1_02.png,test,1,s0032,0,0,1,1,02,data/raw/mrlEyes_2018_01/s0032/s0032_06064_0_0_1_1_1_02.png
s0020_00629_0_0_1_0_1_01.png,train,1,s0020,0,0,0,1,01,data/raw/mrlEyes_2018_01/s0020/s0020_00629_0_0_1_0_1_01.png
s0018_03697_0_0_1_0_1_01.png,train,1,s0018,0,0,0,1,01,data/raw/mrlEyes_2018_01/s0018/s0018_03697_0_0_1_0_1_01.png
s0018_02105_0_1_0_0_0_01.png,train,0,s0018,0,1,0,0,01,data/raw/mrlEyes_2018_01/s0018/s0018_02105_0_1_0_0_0_01.png
s0011_00641_0_0_0_0_0_01.png,train,0,s0011,0,0,0,0,01,data/raw/mrlEyes_2018_01/s0011/s0011_00641_0_0_0_0_0_01.png
s0017_01518_1_0_1_0_1_01.png,test,1,s0017,1,0,0,1,01,data/raw/mrlEyes_2018_01/s0017/s0017_01518_1_0_1_0_1_01.png
s0015_00223_0_0_0_0_1_01.png,test,0,s0015,0,0,0,1,01,data/raw/mrlEyes_2018_01/s0015/s0015_00223_0_0_0_0_1_01.png
s0025_00078_0_0_0_0_0_01.png,train,0,s0025,0,0,0,0,01,data/raw/mrlEyes_2018_01/s0025/s0025_00078_0_0_0_0_0_01.png
s0013_00571_0_0_0_0_0_01.png,val,0,s0013,0,0,0,0,01,data/raw/mrlEyes_2018_01/s0013/s0013_00571_0_0_0_0_0_01.png
s0017_01596_1_0_1_0_0_01.png,test,1,s0017,1,0,0,0,01,data/raw/mrlEyes_2018_01/s0017/s0017_01596_1_0_1_0_0_01.png
s0016_01810_1_0_1_0_0_01.png,test,1,s0016,1,0,0,0,01,data/raw/mrlEyes_2018_01/s0016/s0016_01810_1_0_1_0_0_01.png
s0037_07233_1_0_1_0_0_01.png,train,1,s0037,1,0,0,0,01,data/raw/mrlEyes_2018_01/s0037/s0037_07233_1_0_1_0_0_01.png
s0037_08351_1_0_1_0_0_01.png,train,1,s0037,1,0,0,0,01,data/raw/mrlEyes_2018_01/s0037/s0037_08351_1_0_1_0_0_01.png
s0030_00850_0_0_1_0_0_01.png,val,1,s0030,0,0,0,0,01,data/raw/mrlEyes_2018_01/s0030/s0030_00850_0_0_1_0_0_01.png
s0028_00009_0_0_0_0_0_01.png,train,0,s0028,0,0,0,0,01,data/raw/mrlEyes_2018_01/s0028/s0028_00009_0_0_0_0_0_01.png
s0025_00010_0_0_0_0_0_01.png,train,0,s0025,0,0,0,0,01,data/raw/mrlEyes_2018_01/s0025/s0025_00010_0_0_0_0_0_01.png
s0023_00050_0_0_0_0_1_01.png,train,0,s0023,0,0,0,1,01,data/raw/mrlEyes_2018_01/s0023/s0023_00050_0_0_0_0_1_01.png
s0005_00465_0_0_0_0_0_01.png,val,0,s0005,0,0,0,0,01,data/raw/mrlEyes_2018_01/s0005/s0005_00465_0_0_0_0_0_01.png
s0001_02327_0_0_1_0_0_01.png,val,1,s0001,0,0,0,0,01,data/raw/mrlEyes_2018_01/s0001/s0001_02327_0_0_1_0_0_01.png
s0029_00091_0_0_0_0_1_01.png,train,0,s0029,0,0,0,1,01,data/raw/mrlEyes_2018_01/s0029/s0029_00091_0_0_0_0_1_01.png
s0017_01371_1_0_1_0_0_01.png,test,1,s0017,1,0,0,0,01,data/raw/mrlEyes_2018_01/s0017/s0017_01371_1_0_1_0_0_01.png
s0031_00677_1_0_1_0_1_02.png,train,1,s0031,1,0,0,1,02,data/raw/mrlEyes_2018_01/s0031/s0031_00677_1_0_1_0_1_02.png
s0034_00465_0_0_1_0_0_02.png,train,1,s0034,0,0,0,0,02,data/raw/mrlEyes_2018_01/s0034/s0034_00465_0_0_1_0_0_02.png
s0012_08265_0_0_1_1_0_02.png,train,1,s0012,0,0,1,0,02,data/raw/mrlEyes_2018_01/s0012/s0012_08265_0_0_1_1_0_02.png
s0036_04849_1_0_1_0_0_01.png,train,1,s0036,1,0,0,0,01,data/raw/mrlEyes_2018_01/s0036/s0036_04849_1_0_1_0_0_01.png
s0025_00112_0_0_0_0_0_01.png,train,0,s0025,0,0,0,0,01,data/raw/mrlEyes_2018_01/s0025/s0025_00112_0_0_0_0_0_01.png
s0020_00630_0_0_1_0_0_01.png,train,1,s0020,0,0,0,0,01,data/raw/mrlEyes_2018_01/s0020/s0020_00630_0_0_1_0_0_01.png
s0015_00364_0_0_0_0_1_01.png,test,0,s0015,0,0,0,1,01,data/raw/mrlEyes_2018_01/s0015/s0015_00364_0_0_0_0_1_01.png
s0015_00822_0_0_1_0_1_01.png,test,1,s0015,0,0,0,1,01,data/raw/mrlEyes_2018_01/s0015/s0015_00822_0_0_1_0_1_01.png
s0029_00065_0_0_0_0_1_01.png,train,0,s0029,0,0,0,1,01,data/raw/mrlEyes_2018_01/s0029/s0029_00065_0_0_0_0_1_01.png
s0011_00457_0_0_0_0_0_01.png,train,0,s0011,0,0,0,0,01,data/raw/mrlEyes_2018_01/s0011/s0011_00457_0_0_0_0_0_01.png
s0025_00007_0_0_0_0_0_01.png,train,0,s0025,0,0,0,0,01,data/raw/mrlEyes_2018_01/s0025/s0025_00007_0_0_0_0_0_01.png
s0012_02048_0_1_0_0_0_01.png,train,0,s0012,0,1,0,0,01,data/raw/mrlEyes_2018_01/s0012/s0012_02048_0_1_0_0_0_01.png
s0031_00792_1_0_1_0_1_02.png,train,1,s0031,1,0,0,1,02,data/raw/mrlEyes_2018_01/s0031/s0031_00792_1_0_1_0_1_02.png
s0035_00185_0_1_1_2_1_02.png,train,1,s0035,0,1,2,1,02,data/raw/mrlEyes_2018_01/s0035/s0035_00185_0_1_1_2_1_02.png
s0022_00040_0_0_0_0_1_01.png,train,0,s0022,0,0,0,1,01,data/raw/mrlEyes_2018_01/s0022/s0022_00040_0_0_0_0_1_01.png
s0009_00217_0_0_0_0_0_01.png,test,0,s0009,0,0,0,0,01,data/raw/mrlEyes_2018_01/s0009/s0009_00217_0_0_0_0_0_01.png
s0030_00064_0_0_0_0_1_01.png,val,0,s0030,0,0,0,1,01,data/raw/mrlEyes_2018_01/s0030/s0030_00064_0_0_0_0_1_01.png
s0037_00654_1_0_0_0_0_01.png,train,0,s0037,1,0,0,0,01,data/raw/mrlEyes_2018_01/s0037/s0037_00654_1_0_0_0_0_01.png
s0016_00595_1_0_0_0_1_01.png,test,0,s0016,1,0,0,1,01,data/raw/mrlEyes_2018_01/s0016/s0016_00595_1_0_0_0_1_01.png
s0026_00041_0_0_0_0_0_01.png,val,0,s0026,0,0,0,0,01,data/raw/mrlEyes_2018_01/s0026/s0026_00041_0_0_0_0_0_01.png
s0036_01071_1_1_0_2_0_01.png,train,0,s0036,1,1,2,0,01,data/raw/mrlEyes_2018_01/s0036/s0036_01071_1_1_0_2_0_01.png
s0029_00663_0_0_1_0_1_01.png,train,1,s0029,0,0,0,1,01,data/raw/mrlEyes_2018_01/s0029/s0029_00663_0_0_1_0_1_01.png
s0031_00116_1_0_0_2_1_02.png,train,0,s0031,1,0,2,1,02,data/raw/mrlEyes_2018_01/s0031/s0031_00116_1_0_0_2_1_02.png
s0017_00942_1_0_0_0_1_01.png,test,0,s0017,1,0,0,1,01,data/raw/mrlEyes_2018_01/s0017/s0017_00942_1_0_0_0_1_01.png
s0021_00545_0_1_1_2_0_01.png,train,1,s0021,0,1,2,0,01,data/raw/mrlEyes_2018_01/s0021/s0021_00545_0_1_1_2_0_01.png
s0033_00473_0_0_1_0_1_01.png,test,1,s0033,0,0,0,1,01,data/raw/mrlEyes_2018_01/s0033/s0033_00473_0_0_1_0_1_01.png
s0024_00662_0_1_1_2_0_01.png,train,1,s0024,0,1,2,0,01,data/raw/mrlEyes_2018_01/s0024/s0024_00662_0_1_1_2_0_01.png
s0031_00098_1_0_0_0_1_02.png,train,0,s0031,1,0,0,1,02,data/raw/mrlEyes_2018_01/s0031/s0031_00098_1_0_0_0_1_02.png
s0002_00924_0_0_0_0_0_01.png,train,0,s0002,0,0,0,0,01,data/raw/mrlEyes_2018_01/s0002/s0002_00924_0_0_0_0_0_01.png
s0009_00225_0_0_0_0_0_01.png,test,0,s0009,0,0,0,0,01,data/raw/mrlEyes_2018_01/s0009/s0009_00225_0_0_0_0_0_01.png
s0032_05086_0_0_1_2_1_02.png,test,1,s0032,0,0,2,1,02,data/raw/mrlEyes_2018_01/s0032/s0032_05086_0_0_1_2_1_02.png
s0014_02278_0_0_0_0_1_03.png,train,0,s0014,0,0,0,1,03,data/raw/mrlEyes_2018_01/s0014/s0014_02278_0_0_0_0_1_03.png
s0002_01070_0_0_1_0_0_01.png,train,1,s0002,0,0,0,0,01,data/raw/mrlEyes_2018_01/s0002/s0002_01070_0_0_1_0_0_01.png
s0033_00184_0_0_1_0_1_01.png,test,1,s0033,0,0,0,1,01,data/raw/mrlEyes_2018_01/s0033/s0033_00184_0_0_1_0_1_01.png
s0026_00635_0_0_1_0_0_01.png,val,1,s0026,0,0,0,0,01,data/raw/mrlEyes_2018_01/s0026/s0026_00635_0_0_1_0_0_01.png
s0032_00099_0_0_0_2_1_02.png,test,0,s0032,0,0,2,1,02,data/raw/mrlEyes_2018_01/s0032/s0032_00099_0_0_0_2_1_02.png
s0004_00850_0_0_0_0_0_01.png,val,0,s0004,0,0,0,0,01,data/raw/mrlEyes_2018_01/s0004/s0004_00850_0_0_0_0_0_01.png
s0008_00551_0_1_0_0_0_01.png,train,0,s0008,0,1,0,0,01,data/raw/mrlEyes_2018_01/s0008/s0008_00551_0_1_0_0_0_01.png
s0033_00277_0_0_1_0_1_01.png,test,1,s0033,0,0,0,1,01,data/raw/mrlEyes_2018_01/s0033/s0033_00277_0_0_1_0_1_01.png
s0014_01898_0_0_0_0_0_01.png,train,0,s0014,0,0,0,0,01,data/raw/mrlEyes_2018_01/s0014/s0014_01898_0_0_0_0_0_01.png
s0006_00285_0_1_0_0_0_01.png,train,0,s0006,0,1,0,0,01,data/raw/mrlEyes_2018_01/s0006/s0006_00285_0_1_0_0_0_01.png
s0036_01080_1_1_0_1_0_01.png,train,0,s0036,1,1,1,0,01,data/raw/mrlEyes_2018_01/s0036/s0036_01080_1_1_0_1_0_01.png
s0034_00019_0_0_0_0_0_02.png,train,0,s0034,0,0,0,0,02,data/raw/mrlEyes_2018_01/s0034/s0034_00019_0_0_0_0_0_02.png
s0001_01037_0_1_0_2_1_01.png,val,0,s0001,0,1,2,1,01,data/raw/mrlEyes_2018_01/s0001/s0001_01037_0_1_0_2_1_01.png
s0016_01813_1_0_1_0_0_01.png,test,1,s0016,1,0,0,0,01,data/raw/mrlEyes_2018_01/s0016/s0016_01813_1_0_1_0_0_01.png
s0022_00295_0_1_1_1_1_01.png,train,1,s0022,0,1,1,1,01,data/raw/mrlEyes_2018_01/s0022/s0022_00295_0_1_1_1_1_01.png
s0037_04758_1_1_0_0_0_01.png,train,0,s0037,1,1,0,0,01,data/raw/mrlEyes_2018_01/s0037/s0037_04758_1_1_0_0_0_01.png
s0014_01423_0_0_0_0_1_01.png,train,0,s0014,0,0,0,1,01,data/raw/mrlEyes_2018_01/s0014/s0014_01423_0_0_0_0_1_01.png
s0022_00320_0_1_1_2_1_01.png,train,1,s0022,0,1,2,1,01,data/raw/mrlEyes_2018_01/s0022/s0022_00320_0_1_1_2_1_01.png
s0023_00077_0_0_1_0_1_01.png,train,1,s0023,0,0,0,1,01,data/raw/mrlEyes_2018_01/s0023/s0023_00077_0_0_1_0_1_01.png
s0026_00894_0_0_1_0_1_01.png,val,1,s0026,0,0,0,1,01,data/raw/mrlEyes_2018_01/s0026/s0026_00894_0_0_1_0_1_01.png
s0011_00596_0_0_0_0_0_01.png,train,0,s0011,0,0,0,0,01,data/raw/mrlEyes_2018_01/s0011/s0011_00596_0_0_0_0_0_01.png
s0016_01880_1_0_1_0_0_01.png,test,1,s0016,1,0,0,0,01,data/raw/mrlEyes_2018_01/s0016/s0016_01880_1_0_1_0_0_01.png
s0003_00330_0_0_0_0_0_01.png,test,0,s0003,0,0,0,0,01,data/raw/mrlEyes_2018_01/s0003/s0003_00330_0_0_0_0_0_01.png
s0030_00395_0_0_1_0_0_01.png,val,1,s0030,0,0,0,0,01,data/raw/mrlEyes_2018_01/s0030/s0030_00395_0_0_1_0_0_01.png
s0021_00528_0_1_1_1_0_01.png,train,1,s0021,0,1,1,0,01,data/raw/mrlEyes_2018_01/s0021/s0021_00528_0_1_1_1_0_01.png
s0013_01757_0_0_0_0_0_01.png,val,0,s0013,0,0,0,0,01,data/raw/mrlEyes_2018_01/s0013/s0013_01757_0_0_0_0_0_01.png
s0014_01394_0_0_0_0_0_01.png,train,0,s0014,0,0,0,0,01,data/raw/mrlEyes_2018_01/s0014/s0014_01394_0_0_0_0_0_01.png
s0018_03731_0_0_1_0_1_01.png,train,1,s0018,0,0,0,1,01,data/raw/mrlEyes_2018_01/s0018/s0018_03731_0_0_1_0_1_01.png
s0036_05973_1_1_1_0_0_01.png,train,1,s0036,1,1,0,0,01,data/raw/mrlEyes_2018_01/s0036/s0036_05973_1_1_1_0_0_01.png
s0026_00602_0_0_1_0_0_01.png,val,1,s0026,0,0,0,0,01,data/raw/mrlEyes_2018_01/s0026/s0026_00602_0_0_1_0_0_01.png
s0030_00007_0_0_0_0_0_01.png,val,0,s0030,0,0,0,0,01,data/raw/mrlEyes_2018_01/s0030/s0030_00007_0_0_0_0_0_01.png
s0014_07690_0_0_1_1_1_02.png,train,1,s0014,0,0,1,1,02,data/raw/mrlEyes_2018_01/s0014/s0014_07690_0_0_1_1_1_02.png
s0016_00966_1_0_0_0_1_01.png,test,0,s0016,1,0,0,1,01,data/raw/mrlEyes_2018_01/s0016/s0016_00966_1_0_0_0_1_01.png
s0030_00537_0_0_1_0_1_01.png,val,1,s0030,0,0,0,1,01,data/raw/mrlEyes_2018_01/s0030/s0030_00537_0_0_1_0_1_01.png
s0013_03308_0_0_1_0_0_01.png,val,1,s0013,0,0,0,0,01,data/raw/mrlEyes_2018_01/s0013/s0013_03308_0_0_1_0_0_01.png
s0036_03224_1_0_1_0_0_01.png,train,1,s0036,1,0,0,0,01,data/raw/mrlEyes_2018_01/s0036/s0036_03224_1_0_1_0_0_01.png
s0019_03021_0_0_1_0_0_01.png,train,1,s0019,0,0,0,0,01,data/raw/mrlEyes_2018_01/s0019/s0019_03021_0_0_1_0_0_01.png
s0036_01629_1_1_0_2_0_01.png,train,0,s0036,1,1,2,0,01,data/raw/mrlEyes_2018_01/s0036/s0036_01629_1_1_0_2_0_01.png
s0013_03135_0_0_1_0_0_01.png,val,1,s0013,0,0,0,0,01,data/raw/mrlEyes_2018_01/s0013/s0013_03135_0_0_1_0_0_01.png
s0029_00122_0_0_0_0_1_01.png,train,0,s0029,0,0,0,1,01,data/raw/mrlEyes_2018_01/s0029/s0029_00122_0_0_0_0_1_01.png
s0031_00389_1_0_1_1_1_02.png,train,1,s0031,1,0,1,1,02,data/raw/mrlEyes_2018_01/s0031/s0031_00389_1_0_1_1_1_02.png
s0030_00037_0_0_0_0_1_01.png,val,0,s0030,0,0,0,1,01,data/raw/mrlEyes_2018_01/s0030/s0030_00037_0_0_0_0_1_01.png
s0025_00077_0_0_0_0_0_01.png,train,0,s0025,0,0,0,0,01,data/raw/mrlEyes_2018_01/s0025/s0025_00077_0_0_0_0_0_01.png
s0031_00238_1_0_0_0_1_02.png,train,0,s0031,1,0,0,1,02,data/raw/mrlEyes_2018_01/s0031/s0031_00238_1_0_0_0_1_02.png
s0002_01032_0_0_1_0_0_01.png,train,1,s0002,0,0,0,0,01,data/raw/mrlEyes_2018_01/s0002/s0002_01032_0_0_1_0_0_01.png
s0031_00788_1_0_1_0_1_02.png,train,1,s0031,1,0,0,1,02,data/raw/mrlEyes_2018_01/s0031/s0031_00788_1_0_1_0_1_02.png
s0001_01932_0_0_1_0_0_01.png,val,1,s0001,0,0,0,0,01,data/raw/mrlEyes_2018_01/s0001/s0001_01932_0_0_1_0_0_01.png
s0030_01032_0_0_1_0_0_01.png,val,1,s0030,0,0,0,0,01,data/raw/mrlEyes_2018_01/s0030/s0030_01032_0_0_1_0_0_01.png
s0001_02391_0_0_1_0_0_01.png,val,1,s0001,0,0,0,0,01,data/raw/mrlEyes_2018_01/s0001/s0001_02391_0_0_1_0_0_01.png
s0032_03068_0_0_1_0_1_02.png,test,1,s0032,0,0,0,1,02,data/raw/mrlEyes_2018_01/s0032/s0032_03068_0_0_1_0_1_02.png
s0014_04342_0_0_1_0_1_03.png,train,1,s0014,0,0,0,1,03,data/raw/mrlEyes_2018_01/s0014/s0014_04342_0_0_1_0_1_03.png
s0024_00585_0_1_1_0_0_01.png,train,1,s0024,0,1,0,0,01,data/raw/mrlEyes_2018_01/s0024/s0024_00585_0_1_1_0_0_01.png
s0006_00349_0_1_0_1_0_01.png,train,0,s0006,0,1,1,0,01,data/raw/mrlEyes_2018_01/s0006/s0006_00349_0_1_0_1_0_01.png
s0036_06045_1_1_1_0_0_01.png,train,1,s0036,1,1,0,0,01,data/raw/mrlEyes_2018_01/s0036/s0036_06045_1_1_1_0_0_01.png
s0022_00013_0_0_0_0_1_01.png,train,0,s0022,0,0,0,1,01,data/raw/mrlEyes_2018_01/s0022/s0022_00013_0_0_0_0_1_01.png
s0007_00122_0_0_0_0_1_01.png,test,0,s0007,0,0,0,1,01,data/raw/mrlEyes_2018_01/s0007/s0007_00122_0_0_0_0_1_01.png
s0024_00296_0_0_1_0_0_01.png,train,1,s0024,0,0,0,0,01,data/raw/mrlEyes_2018_01/s0024/s0024_00296_0_0_1_0_0_01.png
s0035_00021_0_1_0_0_0_02.png,train,0,s0035,0,1,0,0,02,data/raw/mrlEyes_2018_01/s0035/s0035_00021_0_1_0_0_0_02.png
s0022_00219_0_0_1_0_1_01.png,train,1,s0022,0,0,0,1,01,data/raw/mrlEyes_2018_01/s0022/s0022_00219_0_0_1_0_1_01.png
s0003_00651_0_0_1_0_0_01.png,test,1,s0003,0,0,0,0,01,data/raw/mrlEyes_2018_01/s0003/s0003_00651_0_0_1_0_0_01.png
s0010_00290_0_0_0_0_0_01.png,train,0,s0010,0,0,0,0,01,data/raw/mrlEyes_2018_01/s0010/s0010_00290_0_0_0_0_0_01.png
s0022_00067_0_1_0_2_1_01.png,train,0,s0022,0,1,2,1,01,data/raw/mrlEyes_2018_01/s0022/s0022_00067_0_1_0_2_1_01.png
s0034_00004_0_0_0_0_0_02.png,train,0,s0034,0,0,0,0,02,data/raw/mrlEyes_2018_01/s0034/s0034_00004_0_0_0_0_0_02.png
s0005_00551_0_0_0_0_0_01.png,val,0,s0005,0,0,0,0,01,data/raw/mrlEyes_2018_01/s0005/s0005_00551_0_0_0_0_0_01.png
s0002_01101_0_0_1_0_0_01.png,train,1,s0002,0,0,0,0,01,data/raw/mrlEyes_2018_01/s0002/s0002_01101_0_0_1_0_0_01.png
s0010_00176_0_0_0_0_0_01.png,train,0,s0010,0,0,0,0,01,data/raw/mrlEyes_2018_01/s0010/s0010_00176_0_0_0_0_0_01.png
s0033_00033_0_0_0_0_1_01.png,test,0,s0033,0,0,0,1,01,data/raw/mrlEyes_2018_01/s0033/s0033_00033_0_0_0_0_1_01.png
s0002_00083_0_0_0_0_0_01.png,train,0,s0002,0,0,0,0,01,data/raw/mrlEyes_2018_01/s0002/s0002_00083_0_0_0_0_0_01.png
s0015_00052_0_0_0_0_1_01.png,test,0,s0015,0,0,0,1,01,data/raw/mrlEyes_2018_01/s0015/s0015_00052_0_0_0_0_1_01.png
s0020_00508_0_0_1_0_1_01.png,train,1,s0020,0,0,0,1,01,data/raw/mrlEyes_2018_01/s0020/s0020_00508_0_0_1_0_1_01.png
s0014_02396_0_0_0_0_1_03.png,train,0,s0014,0,0,0,1,03,data/raw/mrlEyes_2018_01/s0014/s0014_02396_0_0_0_0_1_03.png
s0015_00918_0_0_1_0_1_01.png,test,1,s0015,0,0,0,1,01,data/raw/mrlEyes_2018_01/s0015/s0015_00918_0_0_1_0_1_01.png
s0012_05323_0_0_1_2_1_03.png,train,1,s0012,0,0,2,1,03,data/raw/mrlEyes_2018_01/s0012/s0012_05323_0_0_1_2_1_03.png
s0034_00503_0_0_1_0_0_02.png,train,1,s0034,0,0,0,0,02,data/raw/mrlEyes_2018_01/s0034/s0034_00503_0_0_1_0_0_02.png
s0005_00584_0_0_0_0_0_01.png,val,0,s0005,0,0,0,0,01,data/raw/mrlEyes_2018_01/s0005/s0005_00584_0_0_0_0_0_01.png
s0029_00014_0_0_0_0_1_01.png,train,0,s0029,0,0,0,1,01,data/raw/mrlEyes_2018_01/s0029/s0029_00014_0_0_0_0_1_01.png
s0001_00667_0_0_0_0_0_01.png,val,0,s0001,0,0,0,0,01,data/raw/mrlEyes_2018_01/s0001/s0001_00667_0_0_0_0_0_01.png
s0037_10065_1_1_1_0_0_01.png,train,1,s0037,1,1,0,0,01,data/raw/mrlEyes_2018_01/s0037/s0037_10065_1_1_1_0_0_01.png
s0017_00564_1_0_0_0_1_01.png,test,0,s0017,1,0,0,1,01,data/raw/mrlEyes_2018_01/s0017/s0017_00564_1_0_0_0_1_01.png
s0030_00200_0_0_0_0_1_01.png,val,0,s0030,0,0,0,1,01,data/raw/mrlEyes_2018_01/s0030/s0030_00200_0_0_0_0_1_01.png
s0020_00008_0_0_0_0_1_01.png,train,0,s0020,0,0,0,1,01,data/raw/mrlEyes_2018_01/s0020/s0020_00008_0_0_0_0_1_01.png
s0026_00849_0_0_1_0_0_01.png,val,1,s0026,0,0,0,0,01,data/raw/mrlEyes_2018_01/s0026/s0026_00849_0_0_1_0_0_01.png
s0032_00080_0_0_0_0_1_02.png,test,0,s0032,0,0,0,1,02,data/raw/mrlEyes_2018_01/s0032/s0032_00080_0_0_0_0_1_02.png
s0027_00081_0_1_0_0_0_01.png,val,0,s0027,0,1,0,0,01,data/raw/mrlEyes_2018_01/s0027/s0027_00081_0_1_0_0_0_01.png
s0036_02293_1_0_1_0_0_01.png,train,1,s0036,1,0,0,0,01,data/raw/mrlEyes_2018_01/s0036/s0036_02293_1_0_1_0_0_01.png
s0002_00799_0_0_0_0_0_01.png,train,0,s0002,0,0,0,0,01,data/raw/mrlEyes_2018_01/s0002/s0002_00799_0_0_0_0_0_01.png
s0029_00007_0_0_0_0_1_01.png,train,0,s0029,0,0,0,1,01,data/raw/mrlEyes_2018_01/s0029/s0029_00007_0_0_0_0_1_01.png
s0036_01403_1_1_0_2_0_01.png,train,0,s0036,1,1,2,0,01,data/raw/mrlEyes_2018_01/s0036/s0036_01403_1_1_0_2_0_01.png
s0008_00059_0_1_0_1_0_01.png,train,0,s0008,0,1,1,0,01,data/raw/mrlEyes_2018_01/s0008/s0008_00059_0_1_0_1_0_01.png
s0036_04413_1_0_1_0_0_01.png,train,1,s0036,1,0,0,0,01,data/raw/mrlEyes_2018_01/s0036/s0036_04413_1_0_1_0_0_01.png
s0026_01097_0_0_1_0_1_01.png,val,1,s0026,0,0,0,1,01,data/raw/mrlEyes_2018_01/s0026/s0026_01097_0_0_1_0_1_01.png
s0016_01789_1_0_1_0_1_01.png,test,1,s0016,1,0,0,1,01,data/raw/mrlEyes_2018_01/s0016/s0016_01789_1_0_1_0_1_01.png
s0013_02990_0_0_1_0_0_01.png,val,1,s0013,0,0,0,0,01,data/raw/mrlEyes_2018_01/s0013/s0013_02990_0_0_1_0_0_01.png
s0035_00557_0_1_1_0_0_02.png,train,1,s0035,0,1,0,0,02,data/raw/mrlEyes_2018_01/s0035/s0035_00557_0_1_1_0_0_02.png
s0030_01060_0_0_1_0_0_01.png,val,1,s0030,0,0,0,0,01,data/raw/mrlEyes_2018_01/s0030/s0030_01060_0_0_1_0_0_01.png
s0002_00705_0_0_0_0_0_01.png,train,0,s0002,0,0,0,0,01,data/raw/mrlEyes_2018_01/s0002/s0002_00705_0_0_0_0_0_01.png
s0005_00318_0_0_0_0_0_01.png,val,0,s0005,0,0,0,0,01,data/raw/mrlEyes_2018_01/s0005/s0005_00318_0_0_0_0_0_01.png
s0037_03195_1_1_0_0_0_01.png,train,0,s0037,1,1,0,0,01,data/raw/mrlEyes_2018_01/s0037/s0037_03195_1_1_0_0_0_01.png
s0005_00577_0_0_0_0_0_01.png,val,0,s0005,0,0,0,0,01,data/raw/mrlEyes_2018_01/s0005/s0005_00577_0_0_0_0_0_01.png
s0001_03004_0_1_1_2_0_01.png,val,1,s0001,0,1,2,0,01,data/raw/mrlEyes_2018_01/s0001/s0001_03004_0_1_1_2_0_01.png
s0036_05526_1_1_1_2_0_01.png,train,1,s0036,1,1,2,0,01,data/raw/mrlEyes_2018_01/s0036/s0036_05526_1_1_1_2_0_01.png
s0006_00940_0_1_0_1_0_01.png,train,0,s0006,0,1,1,0,01,data/raw/mrlEyes_2018_01/s0006/s0006_00940_0_1_0_1_0_01.png
s0002_00575_0_0_0_0_0_01.png,train,0,s0002,0,0,0,0,01,data/raw/mrlEyes_2018_01/s0002/s0002_00575_0_0_0_0_0_01.png
s0011_00876_0_0_0_0_0_01.png,train,0,s0011,0,0,0,0,01,data/raw/mrlEyes_2018_01/s0011/s0011_00876_0_0_0_0_0_01.png
s0008_00195_0_1_0_1_0_01.png,train,0,s0008,0,1,1,0,01,data/raw/mrlEyes_2018_01/s0008/s0008_00195_0_1_0_1_0_01.png
s0004_00291_0_0_0_0_0_01.png,val,0,s0004,0,0,0,0,01,data/raw/mrlEyes_2018_01/s0004/s0004_00291_0_0_0_0_0_01.png
s0010_00340_0_0_1_0_0_01.png,train,1,s0010,0,0,0,0,01,data/raw/mrlEyes_2018_01/s0010/s0010_00340_0_0_1_0_0_01.png
s0001_01498_0_1_0_0_0_01.png,val,0,s0001,0,1,0,0,01,data/raw/mrlEyes_2018_01/s0001/s0001_01498_0_1_0_0_0_01.png
s0022_00019_0_0_0_0_1_01.png,train,0,s0022,0,0,0,1,01,data/raw/mrlEyes_2018_01/s0022/s0022_00019_0_0_0_0_1_01.png
s0011_01618_0_0_1_0_0_01.png,train,1,s0011,0,0,0,0,01,data/raw/mrlEyes_2018_01/s0011/s0011_01618_0_0_1_0_0_01.png
s0015_00275_0_0_0_0_1_01.png,test,0,s0015,0,0,0,1,01,data/raw/mrlEyes_2018_01/s0015/s0015_00275_0_0_0_0_1_01.png
s0031_00629_1_0_1_0_1_02.png,train,1,s0031,1,0,0,1,02,data/raw/mrlEyes_2018_01/s0031/s0031_00629_1_0_1_0_1_02.png
s0019_05114_0_0_1_0_1_01.png,train,1,s0019,0,0,0,1,01,data/raw/mrlEyes_2018_01/s0019/s0019_05114_0_0_1_0_1_01.png
s0037_08614_1_0_1_0_0_01.png,train,1,s0037,1,0,0,0,01,data/raw/mrlEyes_2018_01/s0037/s0037_08614_1_0_1_0_0_01.png
s0020_00583_0_0_1_0_1_01.png,train,1,s0020,0,0,0,1,01,data/raw/mrlEyes_2018_01/s0020/s0020_00583_0_0_1_0_1_01.png
s0020_00688_0_0_1_0_1_01.png,train,1,s0020,0,0,0,1,01,data/raw/mrlEyes_2018_01/s0020/s0020_00688_0_0_1_0_1_01.png
s0031_00176_1_0_0_2_1_02.png,train,0,s0031,1,0,2,1,02,data/raw/mrlEyes_2018_01/s0031/s0031_00176_1_0_0_2_1_02.png
s0003_00575_0_0_1_0_0_01.png,test,1,s0003,0,0,0,0,01,data/raw/mrlEyes_2018_01/s0003/s0003_00575_0_0_1_0_0_01.png
s0003_00594_0_0_1_0_0_01.png,test,1,s0003,0,0,0,0,01,data/raw/mrlEyes_2018_01/s0003/s0003_00594_0_0_1_0_0_01.png
s0025_01490_0_0_1_0_0_01.png,train,1,s0025,0,0,0,0,01,data/raw/mrlEyes_2018_01/s0025/s0025_01490_0_0_1_0_0_01.png
s0017_00399_1_0_0_0_1_01.png,test,0,s0017,1,0,0,1,01,data/raw/mrlEyes_2018_01/s0017/s0017_00399_1_0_0_0_1_01.png
s0024_00381_0_0_1_0_0_01.png,train,1,s0024,0,0,0,0,01,data/raw/mrlEyes_2018_01/s0024/s0024_00381_0_0_1_0_0_01.png
s0019_04339_0_0_1_0_0_01.png,train,1,s0019,0,0,0,0,01,data/raw/mrlEyes_2018_01/s0019/s0019_04339_0_0_1_0_0_01.png
s0031_01731_1_0_1_1_1_02.png,train,1,s0031,1,0,1,1,02,data/raw/mrlEyes_2018_01/s0031/s0031_01731_1_0_1_1_1_02.png
s0017_01550_1_0_1_0_0_01.png,test,1,s0017,1,0,0,0,01,data/raw/mrlEyes_2018_01/s0017/s0017_01550_1_0_1_0_0_01.png
s0036_02861_1_0_1_0_0_01.png,train,1,s0036,1,0,0,0,01,data/raw/mrlEyes_2018_01/s0036/s0036_02861_1_0_1_0_0_01.png
s0015_00616_0_0_0_0_1_01.png,test,0,s0015,0,0,0,1,01,data/raw/mrlEyes_2018_01/s0015/s0015_00616_0_0_0_0_1_01.png
s0014_00324_0_0_0_0_0_01.png,train,0,s0014,0,0,0,0,01,data/raw/mrlEyes_2018_01/s0014/s0014_00324_0_0_0_0_0_01.png
s0029_00669_0_0_1_0_1_01.png,train,1,s0029,0,0,0,1,01,data/raw/mrlEyes_2018_01/s0029/s0029_00669_0_0_1_0_1_01.png
s0008_00508_0_1_0_0_0_01.png,train,0,s0008,0,1,0,0,01,data/raw/mrlEyes_2018_01/s0008/s0008_00508_0_1_0_0_0_01.png
s0026_00311_0_0_0_0_0_01.png,val,0,s0026,0,0,0,0,01,data/raw/mrlEyes_2018_01/s0026/s0026_00311_0_0_0_0_0_01.png
s0028_00582_0_1_1_0_0_01.png,train,1,s0028,0,1,0,0,01,data/raw/mrlEyes_2018_01/s0028/s0028_00582_0_1_1_0_0_01.png
s0031_00142_1_0_0_2_1_02.png,train,0,s0031,1,0,2,1,02,data/raw/mrlEyes_2018_01/s0031/s0031_00142_1_0_0_2_1_02.png
s0028_00089_0_0_1_0_0_01.png,train,1,s0028,0,0,0,0,01,data/raw/mrlEyes_2018_01/s0028/s0028_00089_0_0_1_0_0_01.png
s0010_00038_0_0_0_0_0_01.png,train,0,s0010,0,0,0,0,01,data/raw/mrlEyes_2018_01/s0010/s0010_00038_0_0_0_0_0_01.png
s0036_00931_1_1_0_2_0_01.png,train,0,s0036,1,1,2,0,01,data/raw/mrlEyes_2018_01/s0036/s0036_00931_1_1_0_2_0_01.png
s0031_00111_1_0_0_2_1_02.png,train,0,s0031,1,0,2,1,02,data/raw/mrlEyes_2018_01/s0031/s0031_00111_1_0_0_2_1_02.png
s0026_00906_0_0_1_0_1_01.png,val,1,s0026,0,0,0,1,01,data/raw/mrlEyes_2018_01/s0026/s0026_00906_0_0_1_0_1_01.png
s0022_00257_0_0_1_0_1_01.png,train,1,s0022,0,0,0,1,01,data/raw/mrlEyes_2018_01/s0022/s0022_00257_0_0_1_0_1_01.png
s0025_00249_0_0_1_0_1_01.png,train,1,s0025,0,0,0,1,01,data/raw/mrlEyes_2018_01/s0025/s0025_00249_0_0_1_0_1_01.png
s0003_00590_0_0_1_0_0_01.png,test,1,s0003,0,0,0,0,01,data/raw/mrlEyes_2018_01/s0003/s0003_00590_0_0_1_0_0_01.png
s0018_02814_0_1_0_0_0_01.png,train,0,s0018,0,1,0,0,01,data/raw/mrlEyes_2018_01/s0018/s0018_02814_0_1_0_0_0_01.png
s0006_00502_0_1_0_1_0_01.png,train,0,s0006,0,1,1,0,01,data/raw/mrlEyes_2018_01/s0006/s0006_00502_0_1_0_1_0_01.png
s0024_00573_0_1_1_0_0_01.png,train,1,s0024,0,1,0,0,01,data/raw/mrlEyes_2018_01/s0024/s0024_00573_0_1_1_0_0_01.png
s0034_00030_0_0_0_0_0_02.png,train,0,s0034,0,0,0,0,02,data/raw/mrlEyes_2018_01/s0034/s0034_00030_0_0_0_0_0_02.png
s0001_01246_0_1_0_2_0_01.png,val,0,s0001,0,1,2,0,01,data/raw/mrlEyes_2018_01/s0001/s0001_01246_0_1_0_2_0_01.png
s0015_00946_0_0_1_0_1_01.png,test,1,s0015,0,0,0,1,01,data/raw/mrlEyes_2018_01/s0015/s0015_00946_0_0_1_0_1_01.png
s0010_00358_0_0_1_0_0_01.png,train,1,s0010,0,0,0,0,01,data/raw/mrlEyes_2018_01/s0010/s0010_00358_0_0_1_0_0_01.png
s0026_00782_0_0_1_0_0_01.png,val,1,s0026,0,0,0,0,01,data/raw/mrlEyes_2018_01/s0026/s0026_00782_0_0_1_0_0_01.png
s0031_01468_1_0_1_2_1_02.png,train,1,s0031,1,0,2,1,02,data/raw/mrlEyes_2018_01/s0031/s0031_01468_1_0_1_2_1_02.png
s0020_00022_0_0_0_0_1_01.png,train,0,s0020,0,0,0,1,01,data/raw/mrlEyes_2018_01/s0020/s0020_00022_0_0_0_0_1_01.png
s0002_01073_0_0_1_0_0_01.png,train,1,s0002,0,0,0,0,01,data/raw/mrlEyes_2018_01/s0002/s0002_01073_0_0_1_0_0_01.png
s0006_00549_0_1_0_1_0_01.png,train,0,s0006,0,1,1,0,01,data/raw/mrlEyes_2018_01/s0006/s0006_00549_0_1_0_1_0_01.png
s0029_00309_0_0_1_0_0_01.png,train,1,s0029,0,0,0,0,01,data/raw/mrlEyes_2018_01/s0029/s0029_00309_0_0_1_0_0_01.png
s0024_00149_0_1_0_0_0_01.png,train,0,s0024,0,1,0,0,01,data/raw/mrlEyes_2018_01/s0024/s0024_00149_0_1_0_0_0_01.png
s0014_08793_0_0_1_0_0_01.png,train,1,s0014,0,0,0,0,01,data/raw/mrlEyes_2018_01/s0014/s0014_08793_0_0_1_0_0_01.png
s0021_00024_0_0_0_0_0_01.png,train,0,s0021,0,0,0,0,01,data/raw/mrlEyes_2018_01/s0021/s0021_00024_0_0_0_0_0_01.png
s0012_08151_0_0_1_1_0_02.png,train,1,s0012,0,0,1,0,02,data/raw/mrlEyes_2018_01/s0012/s0012_08151_0_0_1_1_0_02.png
s0023_00025_0_0_0_0_1_01.png,train,0,s0023,0,0,0,1,01,data/raw/mrlEyes_2018_01/s0023/s0023_00025_0_0_0_0_1_01.png
s0024_00663_0_1_1_2_0_01.png,train,1,s0024,0,1,2,0,01,data/raw/mrlEyes_2018_01/s0024/s0024_00663_0_1_1_2_0_01.png
s0034_00044_0_0_0_0_0_02.png,train,0,s0034,0,0,0,0,02,data/raw/mrlEyes_2018_01/s0034/s0034_00044_0_0_0_0_0_02.png
s0010_00021_0_0_0_0_0_01.png,train,0,s0010,0,0,0,0,01,data/raw/mrlEyes_2018_01/s0010/s0010_00021_0_0_0_0_0_01.png
s0024_00603_0_1_1_0_0_01.png,train,1,s0024,0,1,0,0,01,data/raw/mrlEyes_2018_01/s0024/s0024_00603_0_1_1_0_0_01.png
s0016_01494_1_0_0_0_1_01.png,test,0,s0016,1,0,0,1,01,data/raw/mrlEyes_2018_01/s0016/s0016_01494_1_0_0_0_1_01.png
s0009_00302_0_0_0_0_0_01.png,test,0,s0009,0,0,0,0,01,data/raw/mrlEyes_2018_01/s0009/s0009_00302_0_0_0_0_0_01.png
s0019_03889_0_0_1_0_0_01.png,train,1,s0019,0,0,0,0,01,data/raw/mrlEyes_2018_01/s0019/s0019_03889_0_0_1_0_0_01.png
s0022_00026_0_0_0_0_1_01.png,train,0,s0022,0,0,0,1,01,data/raw/mrlEyes_2018_01/s0022/s0022_00026_0_0_0_0_1_01.png
s0014_07749_0_0_1_1_1_02.png,train,1,s0014,0,0,1,1,02,data/raw/mrlEyes_2018_01/s0014/s0014_07749_0_0_1_1_1_02.png
s0023_00008_0_0_0_0_1_01.png,train,0,s0023,0,0,0,1,01,data/raw/mrlEyes_2018_01/s0023/s0023_00008_0_0_0_0_1_01.png
s0021_00105_0_1_0_0_0_01.png,train,0,s0021,0,1,0,0,01,data/raw/mrlEyes_2018_01/s0021/s0021_00105_0_1_0_0_0_01.png
s0028_00346_0_1_1_0_0_01.png,train,1,s0028,0,1,0,0,01,data/raw/mrlEyes_2018_01/s0028/s0028_00346_0_1_1_0_0_01.png
s0026_00021_0_0_0_0_0_01.png,val,0,s0026,0,0,0,0,01,data/raw/mrlEyes_2018_01/s0026/s0026_00021_0_0_0_0_0_01.png
s0032_05687_0_0_1_1_1_02.png,test,1,s0032,0,0,1,1,02,data/raw/mrlEyes_2018_01/s0032/s0032_05687_0_0_1_1_1_02.png
s0033_00602_0_0_1_0_1_01.png,test,1,s0033,0,0,0,1,01,data/raw/mrlEyes_2018_01/s0033/s0033_00602_0_0_1_0_1_01.png
s0026_00993_0_0_1_0_1_01.png,val,1,s0026,0,0,0,1,01,data/raw/mrlEyes_2018_01/s0026/s0026_00993_0_0_1_0_1_01.png
s0017_00104_1_0_0_0_1_01.png,test,0,s0017,1,0,0,1,01,data/raw/mrlEyes_2018_01/s0017/s0017_00104_1_0_0_0_1_01.png
s0011_00553_0_0_0_0_0_01.png,train,0,s0011,0,0,0,0,01,data/raw/mrlEyes_2018_01/s0011/s0011_00553_0_0_0_0_0_01.png
s0037_05287_1_1_0_0_0_01.png,train,0,s0037,1,1,0,0,01,data/raw/mrlEyes_2018_01/s0037/s0037_05287_1_1_0_0_0_01.png
s0016_01807_1_0_1_0_0_01.png,test,1,s0016,1,0,0,0,01,data/raw/mrlEyes_2018_01/s0016/s0016_01807_1_0_1_0_0_01.png
s0025_00552_0_0_1_0_0_01.png,train,1,s0025,0,0,0,0,01,data/raw/mrlEyes_2018_01/s0025/s0025_00552_0_0_1_0_0_01.png
s0029_00156_0_0_0_0_1_01.png,train,0,s0029,0,0,0,1,01,data/raw/mrlEyes_2018_01/s0029/s0029_00156_0_0_0_0_1_01.png
s0035_00092_0_1_1_0_1_02.png,train,1,s0035,0,1,0,1,02,data/raw/mrlEyes_2018_01/s0035/s0035_00092_0_1_1_0_1_02.png
s0025_00111_0_0_0_0_0_01.png,train,0,s0025,0,0,0,0,01,data/raw/mrlEyes_2018_01/s0025/s0025_00111_0_0_0_0_0_01.png
s0030_00482_0_0_1_0_1_01.png,val,1,s0030,0,0,0,1,01,data/raw/mrlEyes_2018_01/s0030/s0030_00482_0_0_1_0_1_01.png
s0022_00285_0_1_1_0_1_01.png,train,1,s0022,0,1,0,1,01,data/raw/mrlEyes_2018_01/s0022/s0022_00285_0_1_1_0_1_01.png
s0033_00648_0_0_1_0_1_01.png,test,1,s0033,0,0,0,1,01,data/raw/mrlEyes_2018_01/s0033/s0033_00648_0_0_1_0_1_01.png
s0020_00146_0_0_1_0_1_01.png,train,1,s0020,0,0,0,1,01,data/raw/mrlEyes_2018_01/s0020/s0020_00146_0_0_1_0_1_01.png
s0011_01525_0_0_1_0_0_01.png,train,1,s0011,0,0,0,0,01,data/raw/mrlEyes_2018_01/s0011/s0011_01525_0_0_1_0_0_01.png
s0026_00961_0_0_1_0_1_01.png,val,1,s0026,0,0,0,1,01,data/raw/mrlEyes_2018_01/s0026/s0026_00961_0_0_1_0_1_01.png
s0005_00045_0_0_0_0_0_01.png,val,0,s0005,0,0,0,0,01,data/raw/mrlEyes_2018_01/s0005/s0005_00045_0_0_0_0_0_01.png
s0025_00005_0_0_0_0_1_01.png,train,0,s0025,0,0,0,1,01,data/raw/mrlEyes_2018_01/s0025/s0025_00005_0_0_0_0_1_01.png
s0019_00327_0_0_0_0_1_01.png,train,0,s0019,0,0,0,1,01,data/raw/mrlEyes_2018_01/s0019/s0019_00327_0_0_0_0_1_01.png
s0003_00576_0_0_1_0_0_01.png,test,1,s0003,0,0,0,0,01,data/raw/mrlEyes_2018_01/s0003/s0003_00576_0_0_1_0_0_01.png
s0023_00105_0_0_1_0_1_01.png,train,1,s0023,0,0,0,1,01,data/raw/mrlEyes_2018_01/s0023/s0023_00105_0_0_1_0_1_01.png
s0028_00724_0_1_1_0_0_01.png,train,1,s0028,0,1,0,0,01,data/raw/mrlEyes_2018_01/s0028/s0028_00724_0_1_1_0_0_01.png
s0024_00386_0_0_1_0_0_01.png,train,1,s0024,0,0,0,0,01,data/raw/mrlEyes_2018_01/s0024/s0024_00386_0_0_1_0_0_01.png
s0015_00992_0_0_1_0_1_01.png,test,1,s0015,0,0,0,1,01,data/raw/mrlEyes_2018_01/s0015/s0015_00992_0_0_1_0_1_01.png
s0024_00715_0_1_1_2_0_01.png,train,1,s0024,0,1,2,0,01,data/raw/mrlEyes_2018_01/s0024/s0024_00715_0_1_1_2_0_01.png
s0014_01162_0_0_0_0_0_01.png,train,0,s0014,0,0,0,0,01,data/raw/mrlEyes_2018_01/s0014/s0014_01162_0_0_0_0_0_01.png
s0032_02547_0_1_1_2_1_02.png,test,1,s0032,0,1,2,1,02,data/raw/mrlEyes_2018_01/s0032/s0032_02547_0_1_1_2_1_02.png
s0034_00101_0_0_0_0_0_02.png,train,0,s0034,0,0,0,0,02,data/raw/mrlEyes_2018_01/s0034/s0034_00101_0_0_0_0_0_02.png
s0026_00088_0_0_0_0_0_01.png,val,0,s0026,0,0,0,0,01,data/raw/mrlEyes_2018_01/s0026/s0026_00088_0_0_0_0_0_01.png
s0016_01834_1_0_1_0_0_01.png,test,1,s0016,1,0,0,0,01,data/raw/mrlEyes_2018_01/s0016/s0016_01834_1_0_1_0_0_01.png
s0020_00175_0_0_1_0_1_01.png,train,1,s0020,0,0,0,1,01,data/raw/mrlEyes_2018_01/s0020/s0020_00175_0_0_1_0_1_01.png
s0037_02931_1_0_0_0_1_01.png,train,0,s0037,1,0,0,1,01,data/raw/mrlEyes_2018_01/s0037/s0037_02931_1_0_0_0_1_01.png
s0014_05573_0_0_1_0_1_01.png,train,1,s0014,0,0,0,1,01,data/raw/mrlEyes_2018_01/s0014/s0014_05573_0_0_1_0_1_01.png
s0036_02077_1_1_0_2_0_01.png,train,0,s0036,1,1,2,0,01,data/raw/mrlEyes_2018_01/s0036/s0036_02077_1_1_0_2_0_01.png
s0017_00138_1_0_0_0_1_01.png,test,0,s0017,1,0,0,1,01,data/raw/mrlEyes_2018_01/s0017/s0017_00138_1_0_0_0_1_01.png
s0027_00076_0_1_0_0_0_01.png,val,0,s0027,0,1,0,0,01,data/raw/mrlEyes_2018_01/s0027/s0027_00076_0_1_0_0_0_01.png
s0033_00055_0_0_0_0_0_01.png,test,0,s0033,0,0,0,0,01,data/raw/mrlEyes_2018_01/s0033/s0033_00055_0_0_0_0_0_01.png
s0036_03707_1_0_1_0_0_01.png,train,1,s0036,1,0,0,0,01,data/raw/mrlEyes_2018_01/s0036/s0036_03707_1_0_1_0_0_01.png
s0019_04635_0_0_1_0_0_01.png,train,1,s0019,0,0,0,0,01,data/raw/mrlEyes_2018_01/s0019/s0019_04635_0_0_1_0_0_01.png
s0012_01257_0_0_0_0_1_01.png,train,0,s0012,0,0,0,1,01,data/raw/mrlEyes_2018_01/s0012/s0012_01257_0_0_0_0_1_01.png
s0033_00104_0_0_0_0_1_01.png,test,0,s0033,0,0,0,1,01,data/raw/mrlEyes_2018_01/s0033/s0033_00104_0_0_0_0_1_01.png
s0029_00111_0_0_0_0_1_01.png,train,0,s0029,0,0,0,1,01,data/raw/mrlEyes_2018_01/s0029/s0029_00111_0_0_0_0_1_01.png
s0002_01071_0_0_1_0_0_01.png,train,1,s0002,0,0,0,0,01,data/raw/mrlEyes_2018_01/s0002/s0002_01071_0_0_1_0_0_01.png
s0021_00134_0_1_0_0_0_01.png,train,0,s0021,0,1,0,0,01,data/raw/mrlEyes_2018_01/s0021/s0021_00134_0_1_0_0_0_01.png
s0011_01613_0_0_1_0_0_01.png,train,1,s0011,0,0,0,0,01,data/raw/mrlEyes_2018_01/s0011/s0011_01613_0_0_1_0_0_01.png
s0029_01280_0_0_1_0_1_01.png,train,1,s0029,0,0,0,1,01,data/raw/mrlEyes_2018_01/s0029/s0029_01280_0_0_1_0_1_01.png
s0016_01325_1_0_0_0_1_01.png,test,0,s0016,1,0,0,1,01,data/raw/mrlEyes_2018_01/s0016/s0016_01325_1_0_0_0_1_01.png
s0029_00163_0_0_0_0_1_01.png,train,0,s0029,0,0,0,1,01,data/raw/mrlEyes_2018_01/s0029/s0029_00163_0_0_0_0_1_01.png
s0011_01252_0_0_0_0_0_01.png,train,0,s0011,0,0,0,0,01,data/raw/mrlEyes_2018_01/s0011/s0011_01252_0_0_0_0_0_01.png
s0017_00020_1_0_0_0_0_01.png,test,0,s0017,1,0,0,0,01,data/raw/mrlEyes_2018_01/s0017/s0017_00020_1_0_0_0_0_01.png
s0021_00096_0_1_0_0_0_01.png,train,0,s0021,0,1,0,0,01,data/raw/mrlEyes_2018_01/s0021/s0021_00096_0_1_0_0_0_01.png
s0014_02925_0_1_0_0_1_01.png,train,0,s0014,0,1,0,1,01,data/raw/mrlEyes_2018_01/s0014/s0014_02925_0_1_0_0_1_01.png
s0034_00043_0_0_0_0_0_02.png,train,0,s0034,0,0,0,0,02,data/raw/mrlEyes_2018_01/s0034/s0034_00043_0_0_0_0_0_02.png
s0013_01118_0_0_0_0_0_01.png,val,0,s0013,0,0,0,0,01,data/raw/mrlEyes_2018_01/s0013/s0013_01118_0_0_0_0_0_01.png
s0002_01079_0_0_1_0_0_01.png,train,1,s0002,0,0,0,0,01,data/raw/mrlEyes_2018_01/s0002/s0002_01079_0_0_1_0_0_01.png
s0003_00616_0_0_1_0_0_01.png,test,1,s0003,0,0,0,0,01,data/raw/mrlEyes_2018_01/s0003/s0003_00616_0_0_1_0_0_01.png
s0023_00042_0_0_0_0_1_01.png,train,0,s0023,0,0,0,1,01,data/raw/mrlEyes_2018_01/s0023/s0023_00042_0_0_0_0_1_01.png
s0025_00271_0_0_1_0_1_01.png,train,1,s0025,0,0,0,1,01,data/raw/mrlEyes_2018_01/s0025/s0025_00271_0_0_1_0_1_01.png
s0010_00194_0_0_0_0_0_01.png,train,0,s0010,0,0,0,0,01,data/raw/mrlEyes_2018_01/s0010/s0010_00194_0_0_0_0_0_01.png
s0024_00214_0_0_1_0_0_01.png,train,1,s0024,0,0,0,0,01,data/raw/mrlEyes_2018_01/s0024/s0024_00214_0_0_1_0_0_01.png
s0001_02506_0_0_1_0_0_01.png,val,1,s0001,0,0,0,0,01,data/raw/mrlEyes_2018_01/s0001/s0001_02506_0_0_1_0_0_01.png
s0029_00020_0_0_0_0_1_01.png,train,0,s0029,0,0,0,1,01,data/raw/mrlEyes_2018_01/s0029/s0029_00020_0_0_0_0_1_01.png
s0022_00195_0_0_1_0_1_01.png,train,1,s0022,0,0,0,1,01,data/raw/mrlEyes_2018_01/s0022/s0022_00195_0_0_1_0_1_01.png
s0003_00618_0_0_1_0_0_01.png,test,1,s0003,0,0,0,0,01,data/raw/mrlEyes_2018_01/s0003/s0003_00618_0_0_1_0_0_01.png
s0012_06611_0_0_1_0_1_01.png,train,1,s0012,0,0,0,1,01,data/raw/mrlEyes_2018_01/s0012/s0012_06611_0_0_1_0_1_01.png
s0013_00611_0_0_0_0_0_01.png,val,0,s0013,0,0,0,0,01,data/raw/mrlEyes_2018_01/s0013/s0013_00611_0_0_0_0_0_01.png
s0013_02777_0_1_0_0_0_01.png,val,0,s0013,0,1,0,0,01,data/raw/mrlEyes_2018_01/s0013/s0013_02777_0_1_0_0_0_01.png
s0018_02550_0_1_0_2_1_01.png,train,0,s0018,0,1,2,1,01,data/raw/mrlEyes_2018_01/s0018/s0018_02550_0_1_0_2_1_01.png
s0034_00190_0_0_1_0_0_02.png,train,1,s0034,0,0,0,0,02,data/raw/mrlEyes_2018_01/s0034/s0034_00190_0_0_1_0_0_02.png
s0016_00512_1_0_0_0_1_01.png,test,0,s0016,1,0,0,1,01,data/raw/mrlEyes_2018_01/s0016/s0016_00512_1_0_0_0_1_01.png
s0016_00273_1_0_0_0_1_01.png,test,0,s0016,1,0,0,1,01,data/raw/mrlEyes_2018_01/s0016/s0016_00273_1_0_0_0_1_01.png
s0031_00108_1_0_0_2_1_02.png,train,0,s0031,1,0,2,1,02,data/raw/mrlEyes_2018_01/s0031/s0031_00108_1_0_0_2_1_02.png
s0011_01202_0_0_0_0_0_01.png,train,0,s0011,0,0,0,0,01,data/raw/mrlEyes_2018_01/s0011/s0011_01202_0_0_0_0_0_01.png
s0018_03013_0_1_0_0_0_01.png,train,0,s0018,0,1,0,0,01,data/raw/mrlEyes_2018_01/s0018/s0018_03013_0_1_0_0_0_01.png
s0022_00055_0_0_0_0_1_01.png,train,0,s0022,0,0,0,1,01,data/raw/mrlEyes_2018_01/s0022/s0022_00055_0_0_0_0_1_01.png
s0013_03258_0_0_1_0_0_01.png,val,1,s0013,0,0,0,0,01,data/raw/mrlEyes_2018_01/s0013/s0013_03258_0_0_1_0_0_01.png
s0012_06236_0_0_1_0_1_01.png,train,1,s0012,0,0,0,1,01,data/raw/mrlEyes_2018_01/s0012/s0012_06236_0_0_1_0_1_01.png
s0008_00150_0_1_0_1_0_01.png,train,0,s0008,0,1,1,0,01,data/raw/mrlEyes_2018_01/s0008/s0008_00150_0_1_0_1_0_01.png
s0003_00380_0_0_0_0_0_01.png,test,0,s0003,0,0,0,0,01,data/raw/mrlEyes_2018_01/s0003/s0003_00380_0_0_0_0_0_01.png
s0010_00274_0_0_0_0_0_01.png,train,0,s0010,0,0,0,0,01,data/raw/mrlEyes_2018_01/s0010/s0010_00274_0_0_0_0_0_01.png
s0030_01173_0_0_1_0_1_01.png,val,1,s0030,0,0,0,1,01,data/raw/mrlEyes_2018_01/s0030/s0030_01173_0_0_1_0_1_01.png
s0013_03030_0_0_1_0_0_01.png,val,1,s0013,0,0,0,0,01,data/raw/mrlEyes_2018_01/s0013/s0013_03030_0_0_1_0_0_01.png
s0010_00381_0_0_1_0_0_01.png,train,1,s0010,0,0,0,0,01,data/raw/mrlEyes_2018_01/s0010/s0010_00381_0_0_1_0_0_01.png
s0034_00394_0_0_1_0_0_02.png,train,1,s0034,0,0,0,0,02,data/raw/mrlEyes_2018_01/s0034/s0034_00394_0_0_1_0_0_02.png
s0033_00397_0_0_1_0_1_01.png,test,1,s0033,0,0,0,1,01,data/raw/mrlEyes_2018_01/s0033/s0033_00397_0_0_1_0_1_01.png
s0002_01014_0_0_1_0_0_01.png,train,1,s0002,0,0,0,0,01,data/raw/mrlEyes_2018_01/s0002/s0002_01014_0_0_1_0_0_01.png
s0012_04701_0_0_1_0_0_03.png,train,1,s0012,0,0,0,0,03,data/raw/mrlEyes_2018_01/s0012/s0012_04701_0_0_1_0_0_03.png
s0010_00114_0_0_0_0_0_01.png,train,0,s0010,0,0,0,0,01,data/raw/mrlEyes_2018_01/s0010/s0010_00114_0_0_0_0_0_01.png
s0032_00286_0_1_1_2_1_02.png,test,1,s0032,0,1,2,1,02,data/raw/mrlEyes_2018_01/s0032/s0032_00286_0_1_1_2_1_02.png
s0002_00013_0_0_0_0_0_01.png,train,0,s0002,0,0,0,0,01,data/raw/mrlEyes_2018_01/s0002/s0002_00013_0_0_0_0_0_01.png
s0033_00289_0_0_1_1_1_01.png,test,1,s0033,0,0,1,1,01,data/raw/mrlEyes_2018_01/s0033/s0033_00289_0_0_1_1_1_01.png
s0031_00433_1_0_1_0_0_02.png,train,1,s0031,1,0,0,0,02,data/raw/mrlEyes_2018_01/s0031/s0031_00433_1_0_1_0_0_02.png
s0014_03581_0_0_0_0_0_01.png,train,0,s0014,0,0,0,0,01,data/raw/mrlEyes_2018_01/s0014/s0014_03581_0_0_0_0_0_01.png
s0032_00046_0_0_0_0_0_02.png,test,0,s0032,0,0,0,0,02,data/raw/mrlEyes_2018_01/s0032/s0032_00046_0_0_0_0_0_02.png
s0010_00367_0_0_1_0_0_01.png,train,1,s0010,0,0,0,0,01,data/raw/mrlEyes_2018_01/s0010/s0010_00367_0_0_1_0_0_01.png
s0026_00450_0_0_1_0_0_01.png,val,1,s0026,0,0,0,0,01,data/raw/mrlEyes_2018_01/s0026/s0026_00450_0_0_1_0_0_01.png
s0033_00063_0_0_0_0_0_01.png,test,0,s0033,0,0,0,0,01,data/raw/mrlEyes_2018_01/s0033/s0033_00063_0_0_0_0_0_01.png
s0037_02120_1_0_0_0_1_01.png,train,0,s0037,1,0,0,1,01,data/raw/mrlEyes_2018_01/s0037/s0037_02120_1_0_0_0_1_01.png
s0005_00536_0_0_0_0_1_01.png,val,0,s0005,0,0,0,1,01,data/raw/mrlEyes_2018_01/s0005/s0005_00536_0_0_0_0_1_01.png
s0014_00973_0_0_0_0_0_01.png,train,0,s0014,0,0,0,0,01,data/raw/mrlEyes_2018_01/s0014/s0014_00973_0_0_0_0_0_01.png
s0035_00213_0_1_1_0_0_02.png,train,1,s0035,0,1,0,0,02,data/raw/mrlEyes_2018_01/s0035/s0035_00213_0_1_1_0_0_02.png
s0036_01812_1_1_0_0_0_01.png,train,0,s0036,1,1,0,0,01,data/raw/mrlEyes_2018_01/s0036/s0036_01812_1_1_0_0_0_01.png
s0013_01932_0_1_0_0_0_01.png,val,0,s0013,0,1,0,0,01,data/raw/mrlEyes_2018_01/s0013/s0013_01932_0_1_0_0_0_01.png
s0020_00011_0_0_0_0_0_01.png,train,0,s0020,0,0,0,0,01,data/raw/mrlEyes_2018_01/s0020/s0020_00011_0_0_0_0_0_01.png
s0033_00273_0_0_1_0_1_01.png,test,1,s0033,0,0,0,1,01,data/raw/mrlEyes_2018_01/s0033/s0033_00273_0_0_1_0_1_01.png
s0025_00041_0_0_0_0_0_01.png,train,0,s0025,0,0,0,0,01,data/raw/mrlEyes_2018_01/s0025/s0025_00041_0_0_0_0_0_01.png
s0011_00128_0_0_0_0_0_01.png,train,0,s0011,0,0,0,0,01,data/raw/mrlEyes_2018_01/s0011/s0011_00128_0_0_0_0_0_01.png
s0005_00716_0_0_1_0_0_01.png,val,1,s0005,0,0,0,0,01,data/raw/mrlEyes_2018_01/s0005/s0005_00716_0_0_1_0_0_01.png
s0006_00603_0_1_0_1_0_01.png,train,0,s0006,0,1,1,0,01,data/raw/mrlEyes_2018_01/s0006/s0006_00603_0_1_0_1_0_01.png
s0023_00500_0_0_1_0_1_01.png,train,1,s0023,0,0,0,1,01,data/raw/mrlEyes_2018_01/s0023/s0023_00500_0_0_1_0_1_01.png
s0018_03300_0_1_0_0_0_01.png,train,0,s0018,0,1,0,0,01,data/raw/mrlEyes_2018_01/s0018/s0018_03300_0_1_0_0_0_01.png
s0031_00866_1_0_1_1_1_02.png,train,1,s0031,1,0,1,1,02,data/raw/mrlEyes_2018_01/s0031/s0031_00866_1_0_1_1_1_02.png
s0026_00480_0_0_1_0_0_01.png,val,1,s0026,0,0,0,0,01,data/raw/mrlEyes_2018_01/s0026/s0026_00480_0_0_1_0_0_01.png
s0001_02286_0_0_1_0_0_01.png,val,1,s0001,0,0,0,0,01,data/raw/mrlEyes_2018_01/s0001/s0001_02286_0_0_1_0_0_01.png
s0016_01767_1_0_1_0_1_01.png,test,1,s0016,1,0,0,1,01,data/raw/mrlEyes_2018_01/s0016/s0016_01767_1_0_1_0_1_01.png
s0036_03205_1_0_1_0_0_01.png,train,1,s0036,1,0,0,0,01,data/raw/mrlEyes_2018_01/s0036/s0036_03205_1_0_1_0_0_01.png
s0011_00441_0_0_0_0_0_01.png,train,0,s0011,0,0,0,0,01,data/raw/mrlEyes_2018_01/s0011/s0011_00441_0_0_0_0_0_01.png
s0019_01358_0_0_0_0_0_01.png,train,0,s0019,0,0,0,0,01,data/raw/mrlEyes_2018_01/s0019/s0019_01358_0_0_0_0_0_01.png
s0010_00151_0_0_0_0_0_01.png,train,0,s0010,0,0,0,0,01,data/raw/mrlEyes_2018_01/s0010/s0010_00151_0_0_0_0_0_01.png
s0003_00674_0_0_1_0_0_01.png,test,1,s0003,0,0,0,0,01,data/raw/mrlEyes_2018_01/s0003/s0003_00674_0_0_1_0_0_01.png
s0014_00059_0_0_0_0_0_01.png,train,0,s0014,0,0,0,0,01,data/raw/mrlEyes_2018_01/s0014/s0014_00059_0_0_0_0_0_01.png
s0031_00465_1_0_1_1_1_02.png,train,1,s0031,1,0,1,1,02,data/raw/mrlEyes_2018_01/s0031/s0031_00465_1_0_1_1_1_02.png
s0003_00586_0_0_1_0_0_01.png,test,1,s0003,0,0,0,0,01,data/raw/mrlEyes_2018_01/s0003/s0003_00586_0_0_1_0_0_01.png
s0024_00034_0_0_0_0_0_01.png,train,0,s0024,0,0,0,0,01,data/raw/mrlEyes_2018_01/s0024/s0024_00034_0_0_0_0_0_01.png
s0023_00514_0_0_1_0_1_01.png,train,1,s0023,0,0,0,1,01,data/raw/mrlEyes_2018_01/s0023/s0023_00514_0_0_1_0_1_01.png
s0019_00284_0_0_0_0_0_01.png,train,0,s0019,0,0,0,0,01,data/raw/mrlEyes_2018_01/s0019/s0019_00284_0_0_0_0_0_01.png
s0035_00153_0_1_1_2_1_02.png,train,1,s0035,0,1,2,1,02,data/raw/mrlEyes_2018_01/s0035/s0035_00153_0_1_1_2_1_02.png
s0033_00114_0_0_1_0_1_01.png,test,1,s0033,0,0,0,1,01,data/raw/mrlEyes_2018_01/s0033/s0033_00114_0_0_1_0_1_01.png
s0021_00344_0_0_1_0_0_01.png,train,1,s0021,0,0,0,0,01,data/raw/mrlEyes_2018_01/s0021/s0021_00344_0_0_1_0_0_01.png
s0002_00953_0_0_0_0_0_01.png,train,0,s0002,0,0,0,0,01,data/raw/mrlEyes_2018_01/s0002/s0002_00953_0_0_0_0_0_01.png
s0018_03782_0_0_1_0_1_01.png,train,1,s0018,0,0,0,1,01,data/raw/mrlEyes_2018_01/s0018/s0018_03782_0_0_1_0_1_01.png
s0008_00146_0_1_0_1_0_01.png,train,0,s0008,0,1,1,0,01,data/raw/mrlEyes_2018_01/s0008/s0008_00146_0_1_0_1_0_01.png
s0025_00091_0_0_0_0_0_01.png,train,0,s0025,0,0,0,0,01,data/raw/mrlEyes_2018_01/s0025/s0025_00091_0_0_0_0_0_01.png
s0024_00342_0_0_1_0_0_01.png,train,1,s0024,0,0,0,0,01,data/raw/mrlEyes_2018_01/s0024/s0024_00342_0_0_1_0_0_01.png
s0014_06125_0_0_1_0_0_01.png,train,1,s0014,0,0,0,0,01,data/raw/mrlEyes_2018_01/s0014/s0014_06125_0_0_1_0_0_01.png
s0034_00040_0_0_0_0_0_02.png,train,0,s0034,0,0,0,0,02,data/raw/mrlEyes_2018_01/s0034/s0034_00040_0_0_0_0_0_02.png
s0012_05777_0_0_1_0_1_03.png,train,1,s0012,0,0,0,1,03,data/raw/mrlEyes_2018_01/s0012/s0012_05777_0_0_1_0_1_03.png
s0037_02640_1_0_0_0_1_01.png,train,0,s0037,1,0,0,1,01,data/raw/mrlEyes_2018_01/s0037/s0037_02640_1_0_0_0_1_01.png
s0012_07688_0_0_1_1_0_02.png,train,1,s0012,0,0,1,0,02,data/raw/mrlEyes_2018_01/s0012/s0012_07688_0_0_1_1_0_02.png
s0030_00500_0_0_1_0_1_01.png,val,1,s0030,0,0,0,1,01,data/raw/mrlEyes_2018_01/s0030/s0030_00500_0_0_1_0_1_01.png
s0027_00327_0_0_1_0_0_01.png,val,1,s0027,0,0,0,0,01,data/raw/mrlEyes_2018_01/s0027/s0027_00327_0_0_1_0_0_01.png
s0024_00192_0_1_0_0_0_01.png,train,0,s0024,0,1,0,0,01,data/raw/mrlEyes_2018_01/s0024/s0024_00192_0_1_0_0_0_01.png
s0015_00798_0_0_1_0_1_01.png,test,1,s0015,0,0,0,1,01,data/raw/mrlEyes_2018_01/s0015/s0015_00798_0_0_1_0_1_01.png
s0001_03070_0_1_1_0_0_01.png,val,1,s0001,0,1,0,0,01,data/raw/mrlEyes_2018_01/s0001/s0001_03070_0_1_1_0_0_01.png
s0023_00084_0_0_1_0_1_01.png,train,1,s0023,0,0,0,1,01,data/raw/mrlEyes_2018_01/s0023/s0023_00084_0_0_1_0_1_01.png
s0037_06430_1_0_1_0_1_01.png,train,1,s0037,1,0,0,1,01,data/raw/mrlEyes_2018_01/s0037/s0037_06430_1_0_1_0_1_01.png
s0026_00736_0_0_1_0_0_01.png,val,1,s0026,0,0,0,0,01,data/raw/mrlEyes_2018_01/s0026/s0026_00736_0_0_1_0_0_01.png
s0024_00333_0_0_1_0_0_01.png,train,1,s0024,0,0,0,0,01,data/raw/mrlEyes_2018_01/s0024/s0024_00333_0_0_1_0_0_01.png
s0015_01028_0_0_1_0_1_01.png,test,1,s0015,0,0,0,1,01,data/raw/mrlEyes_2018_01/s0015/s0015_01028_0_0_1_0_1_01.png
s0016_01750_1_0_1_0_1_01.png,test,1,s0016,1,0,0,1,01,data/raw/mrlEyes_2018_01/s0016/s0016_01750_1_0_1_0_1_01.png
s0003_00493_0_0_0_0_0_01.png,test,0,s0003,0,0,0,0,01,data/raw/mrlEyes_2018_01/s0003/s0003_00493_0_0_0_0_0_01.png
s0036_00230_1_0_0_0_0_01.png,train,0,s0036,1,0,0,0,01,data/raw/mrlEyes_2018_01/s0036/s0036_00230_1_0_0_0_0_01.png
s0035_00356_0_1_1_0_0_02.png,train,1,s0035,0,1,0,0,02,data/raw/mrlEyes_2018_01/s0035/s0035_00356_0_1_1_0_0_02.png
s0036_05326_1_1_1_0_0_01.png,train,1,s0036,1,1,0,0,01,data/raw/mrlEyes_2018_01/s0036/s0036_05326_1_1_1_0_0_01.png
s0018_00926_0_0_0_0_1_01.png,train,0,s0018,0,0,0,1,01,data/raw/mrlEyes_2018_01/s0018/s0018_00926_0_0_0_0_1_01.png
s0021_00128_0_1_0_0_0_01.png,train,0,s0021,0,1,0,0,01,data/raw/mrlEyes_2018_01/s0021/s0021_00128_0_1_0_0_0_01.png
s0022_00127_0_0_1_0_1_01.png,train,1,s0022,0,0,0,1,01,data/raw/mrlEyes_2018_01/s0022/s0022_00127_0_0_1_0_1_01.png
s0007_00392_0_0_0_0_0_01.png,test,0,s0007,0,0,0,0,01,data/raw/mrlEyes_2018_01/s0007/s0007_00392_0_0_0_0_0_01.png
s0014_01838_0_0_0_0_0_01.png,train,0,s0014,0,0,0,0,01,data/raw/mrlEyes_2018_01/s0014/s0014_01838_0_0_0_0_0_01.png
s0031_00071_1_0_0_0_1_02.png,train,0,s0031,1,0,0,1,02,data/raw/mrlEyes_2018_01/s0031/s0031_00071_1_0_0_0_1_02.png
s0014_08610_0_0_1_0_0_01.png,train,1,s0014,0,0,0,0,01,data/raw/mrlEyes_2018_01/s0014/s0014_08610_0_0_1_0_0_01.png
s0014_07316_0_0_1_1_1_02.png,train,1,s0014,0,0,1,1,02,data/raw/mrlEyes_2018_01/s0014/s0014_07316_0_0_1_1_1_02.png
s0029_00138_0_0_0_0_1_01.png,train,0,s0029,0,0,0,1,01,data/raw/mrlEyes_2018_01/s0029/s0029_00138_0_0_0_0_1_01.png
s0001_00526_0_0_0_0_0_01.png,val,0,s0001,0,0,0,0,01,data/raw/mrlEyes_2018_01/s0001/s0001_00526_0_0_0_0_0_01.png
s0019_05201_0_0_1_0_0_01.png,train,1,s0019,0,0,0,0,01,data/raw/mrlEyes_2018_01/s0019/s0019_05201_0_0_1_0_0_01.png
s0023_00278_0_0_1_0_1_01.png,train,1,s0023,0,0,0,1,01,data/raw/mrlEyes_2018_01/s0023/s0023_00278_0_0_1_0_1_01.png
s0013_03594_0_1_1_1_0_01.png,val,1,s0013,0,1,1,0,01,data/raw/mrlEyes_2018_01/s0013/s0013_03594_0_1_1_1_0_01.png
s0016_01818_1_0_1_0_0_01.png,test,1,s0016,1,0,0,0,01,data/raw/mrlEyes_2018_01/s0016/s0016_01818_1_0_1_0_0_01.png
s0002_00195_0_0_0_0_0_01.png,train,0,s0002,0,0,0,0,01,data/raw/mrlEyes_2018_01/s0002/s0002_00195_0_0_0_0_0_01.png
s0017_01442_1_0_1_0_0_01.png,test,1,s0017,1,0,0,0,01,data/raw/mrlEyes_2018_01/s0017/s0017_01442_1_0_1_0_0_01.png
s0024_00405_0_0_1_0_0_01.png,train,1,s0024,0,0,0,0,01,data/raw/mrlEyes_2018_01/s0024/s0024_00405_0_0_1_0_0_01.png
s0034_00607_0_0_1_0_0_02.png,train,1,s0034,0,0,0,0,02,data/raw/mrlEyes_2018_01/s0034/s0034_00607_0_0_1_0_0_02.png
s0013_02573_0_1_0_0_0_01.png,val,0,s0013,0,1,0,0,01,data/raw/mrlEyes_2018_01/s0013/s0013_02573_0_1_0_0_0_01.png
s0003_00602_0_0_1_0_0_01.png,test,1,s0003,0,0,0,0,01,data/raw/mrlEyes_2018_01/s0003/s0003_00602_0_0_1_0_0_01.png
s0029_00889_0_0_1_0_1_01.png,train,1,s0029,0,0,0,1,01,data/raw/mrlEyes_2018_01/s0029/s0029_00889_0_0_1_0_1_01.png
s0027_00635_0_1_1_2_0_01.png,val,1,s0027,0,1,2,0,01,data/raw/mrlEyes_2018_01/s0027/s0027_00635_0_1_1_2_0_01.png
s0009_00296_0_0_0_0_0_01.png,test,0,s0009,0,0,0,0,01,data/raw/mrlEyes_2018_01/s0009/s0009_00296_0_0_0_0_0_01.png
s0016_01781_1_0_1_0_0_01.png,test,1,s0016,1,0,0,0,01,data/raw/mrlEyes_2018_01/s0016/s0016_01781_1_0_1_0_0_01.png
s0002_00038_0_0_0_0_0_01.png,train,0,s0002,0,0,0,0,01,data/raw/mrlEyes_2018_01/s0002/s0002_00038_0_0_0_0_0_01.png
s0001_00683_0_0_0_0_0_01.png,val,0,s0001,0,0,0,0,01,data/raw/mrlEyes_2018_01/s0001/s0001_00683_0_0_0_0_0_01.png
s0034_00157_0_0_1_0_0_02.png,train,1,s0034,0,0,0,0,02,data/raw/mrlEyes_2018_01/s0034/s0034_00157_0_0_1_0_0_02.png
s0034_00121_0_0_1_0_0_02.png,train,1,s0034,0,0,0,0,02,data/raw/mrlEyes_2018_01/s0034/s0034_00121_0_0_1_0_0_02.png
s0009_00345_0_0_0_0_0_01.png,test,0,s0009,0,0,0,0,01,data/raw/mrlEyes_2018_01/s0009/s0009_00345_0_0_0_0_0_01.png
s0005_00272_0_0_0_0_0_01.png,val,0,s0005,0,0,0,0,01,data/raw/mrlEyes_2018_01/s0005/s0005_00272_0_0_0_0_0_01.png
s0024_00605_0_1_1_0_0_01.png,train,1,s0024,0,1,0,0,01,data/raw/mrlEyes_2018_01/s0024/s0024_00605_0_1_1_0_0_01.png
s0035_00360_0_1_1_0_0_02.png,train,1,s0035,0,1,0,0,02,data/raw/mrlEyes_2018_01/s0035/s0035_00360_0_1_1_0_0_02.png
s0009_00088_0_0_0_0_0_01.png,test,0,s0009,0,0,0,0,01,data/raw/mrlEyes_2018_01/s0009/s0009_00088_0_0_0_0_0_01.png
s0013_03423_0_0_1_0_0_01.png,val,1,s0013,0,0,0,0,01,data/raw/mrlEyes_2018_01/s0013/s0013_03423_0_0_1_0_0_01.png
s0025_00074_0_0_0_0_0_01.png,train,0,s0025,0,0,0,0,01,data/raw/mrlEyes_2018_01/s0025/s0025_00074_0_0_0_0_0_01.png
s0031_00123_1_0_0_2_1_02.png,train,0,s0031,1,0,2,1,02,data/raw/mrlEyes_2018_01/s0031/s0031_00123_1_0_0_2_1_02.png
s0025_00094_0_0_0_0_0_01.png,train,0,s0025,0,0,0,0,01,data/raw/mrlEyes_2018_01/s0025/s0025_00094_0_0_0_0_0_01.png
s0014_00379_0_0_0_0_1_01.png,train,0,s0014,0,0,0,1,01,data/raw/mrlEyes_2018_01/s0014/s0014_00379_0_0_0_0_1_01.png
s0001_00792_0_0_0_0_0_01.png,val,0,s0001,0,0,0,0,01,data/raw/mrlEyes_2018_01/s0001/s0001_00792_0_0_0_0_0_01.png
s0001_01180_0_1_0_2_0_01.png,val,0,s0001,0,1,2,0,01,data/raw/mrlEyes_2018_01/s0001/s0001_01180_0_1_0_2_0_01.png
s0025_00528_0_0_1_0_0_01.png,train,1,s0025,0,0,0,0,01,data/raw/mrlEyes_2018_01/s0025/s0025_00528_0_0_1_0_0_01.png
s0024_00033_0_0_0_0_0_01.png,train,0,s0024,0,0,0,0,01,data/raw/mrlEyes_2018_01/s0024/s0024_00033_0_0_0_0_0_01.png
s0011_01584_0_0_1_0_0_01.png,train,1,s0011,0,0,0,0,01,data/raw/mrlEyes_2018_01/s0011/s0011_01584_0_0_1_0_0_01.png
s0030_00600_0_0_1_0_1_01.png,val,1,s0030,0,0,0,1,01,data/raw/mrlEyes_2018_01/s0030/s0030_00600_0_0_1_0_1_01.png
s0024_00710_0_1_1_2_0_01.png,train,1,s0024,0,1,2,0,01,data/raw/mrlEyes_2018_01/s0024/s0024_00710_0_1_1_2_0_01.png
s0026_01214_0_0_1_0_0_01.png,val,1,s0026,0,0,0,0,01,data/raw/mrlEyes_2018_01/s0026/s0026_01214_0_0_1_0_0_01.png
s0015_01041_0_0_1_0_1_01.png,test,1,s0015,0,0,0,1,01,data/raw/mrlEyes_2018_01/s0015/s0015_01041_0_0_1_0_1_01.png
s0031_00095_1_0_0_0_1_02.png,train,0,s0031,1,0,0,1,02,data/raw/mrlEyes_2018_01/s0031/s0031_00095_1_0_0_0_1_02.png
s0014_00454_0_0_0_0_0_01.png,train,0,s0014,0,0,0,0,01,data/raw/mrlEyes_2018_01/s0014/s0014_00454_0_0_0_0_0_01.png
s0022_00294_0_1_1_2_1_01.png,train,1,s0022,0,1,2,1,01,data/raw/mrlEyes_2018_01/s0022/s0022_00294_0_1_1_2_1_01.png
s0012_01937_0_1_0_0_0_01.png,train,0,s0012,0,1,0,0,01,data/raw/mrlEyes_2018_01/s0012/s0012_01937_0_1_0_0_0_01.png
s0017_00721_1_0_0_0_1_01.png,test,0,s0017,1,0,0,1,01,data/raw/mrlEyes_2018_01/s0017/s0017_00721_1_0_0_0_1_01.png
s0029_01289_0_0_1_0_0_01.png,train,1,s0029,0,0,0,0,01,data/raw/mrlEyes_2018_01/s0029/s0029_01289_0_0_1_0_0_01.png
s0025_00338_0_0_1_0_0_01.png,train,1,s0025,0,0,0,0,01,data/raw/mrlEyes_2018_01/s0025/s0025_00338_0_0_1_0_0_01.png
s0031_00320_1_0_1_1_1_02.png,train,1,s0031,1,0,1,1,02,data/raw/mrlEyes_2018_01/s0031/s0031_00320_1_0_1_1_1_02.png
s0015_00849_0_0_1_0_1_01.png,test,1,s0015,0,0,0,1,01,data/raw/mrlEyes_2018_01/s0015/s0015_00849_0_0_1_0_1_01.png
s0026_00274_0_0_0_0_1_01.png,val,0,s0026,0,0,0,1,01,data/raw/mrlEyes_2018_01/s0026/s0026_00274_0_0_0_0_1_01.png
s0029_00034_0_0_0_0_1_01.png,train,0,s0029,0,0,0,1,01,data/raw/mrlEyes_2018_01/s0029/s0029_00034_0_0_0_0_1_01.png
s0020_00653_0_0_1_0_0_01.png,train,1,s0020,0,0,0,0,01,data/raw/mrlEyes_2018_01/s0020/s0020_00653_0_0_1_0_0_01.png
s0027_00026_0_1_0_0_0_01.png,val,0,s0027,0,1,0,0,01,data/raw/mrlEyes_2018_01/s0027/s0027_00026_0_1_0_0_0_01.png
s0024_00019_0_0_0_0_0_01.png,train,0,s0024,0,0,0,0,01,data/raw/mrlEyes_2018_01/s0024/s0024_00019_0_0_0_0_0_01.png
s0017_01028_1_0_0_0_1_01.png,test,0,s0017,1,0,0,1,01,data/raw/mrlEyes_2018_01/s0017/s0017_01028_1_0_0_0_1_01.png
s0034_00082_0_0_0_0_0_02.png,train,0,s0034,0,0,0,0,02,data/raw/mrlEyes_2018_01/s0034/s0034_00082_0_0_0_0_0_02.png
s0012_07335_0_0_1_0_1_01.png,train,1,s0012,0,0,0,1,01,data/raw/mrlEyes_2018_01/s0012/s0012_07335_0_0_1_0_1_01.png
s0014_05365_0_0_1_0_1_01.png,train,1,s0014,0,0,0,1,01,data/raw/mrlEyes_2018_01/s0014/s0014_05365_0_0_1_0_1_01.png
s0003_00599_0_0_1_0_0_01.png,test,1,s0003,0,0,0,0,01,data/raw/mrlEyes_2018_01/s0003/s0003_00599_0_0_1_0_0_01.png
s0024_00452_0_0_1_0_0_01.png,train,1,s0024,0,0,0,0,01,data/raw/mrlEyes_2018_01/s0024/s0024_00452_0_0_1_0_0_01.png
s0016_01042_1_0_0_0_1_01.png,test,0,s0016,1,0,0,1,01,data/raw/mrlEyes_2018_01/s0016/s0016_01042_1_0_0_0_1_01.png
s0022_00048_0_0_0_0_1_01.png,train,0,s0022,0,0,0,1,01,data/raw/mrlEyes_2018_01/s0022/s0022_00048_0_0_0_0_1_01.png
s0032_00097_0_0_0_2_1_02.png,test,0,s0032,0,0,2,1,02,data/raw/mrlEyes_2018_01/s0032/s0032_00097_0_0_0_2_1_02.png
s0005_00353_0_0_0_0_0_01.png,val,0,s0005,0,0,0,0,01,data/raw/mrlEyes_2018_01/s0005/s0005_00353_0_0_0_0_0_01.png
s0022_00065_0_1_0_0_1_01.png,train,0,s0022,0,1,0,1,01,data/raw/mrlEyes_2018_01/s0022/s0022_00065_0_1_0_0_1_01.png
s0003_00627_0_0_1_0_0_01.png,test,1,s0003,0,0,0,0,01,data/raw/mrlEyes_2018_01/s0003/s0003_00627_0_0_1_0_0_01.png
s0009_00054_0_0_0_0_0_01.png,test,0,s0009,0,0,0,0,01,data/raw/mrlEyes_2018_01/s0009/s0009_00054_0_0_0_0_0_01.png
s0037_06914_1_0_1_0_0_01.png,train,1,s0037,1,0,0,0,01,data/raw/mrlEyes_2018_01/s0037/s0037_06914_1_0_1_0_0_01.png
s0034_00384_0_0_1_0_0_02.png,train,1,s0034,0,0,0,0,02,data/raw/mrlEyes_2018_01/s0034/s0034_00384_0_0_1_0_0_02.png
s0023_00040_0_0_0_0_1_01.png,train,0,s0023,0,0,0,1,01,data/raw/mrlEyes_2018_01/s0023/s0023_00040_0_0_0_0_1_01.png
s0037_10150_1_1_1_0_0_01.png,train,1,s0037,1,1,0,0,01,data/raw/mrlEyes_2018_01/s0037/s0037_10150_1_1_1_0_0_01.png
s0033_00010_0_0_0_0_1_01.png,test,0,s0033,0,0,0,1,01,data/raw/mrlEyes_2018_01/s0033/s0033_00010_0_0_0_0_1_01.png
s0001_03024_0_1_1_2_0_01.png,val,1,s0001,0,1,2,0,01,data/raw/mrlEyes_2018_01/s0001/s0001_03024_0_1_1_2_0_01.png
s0017_01403_1_0_1_0_1_01.png,test,1,s0017,1,0,0,1,01,data/raw/mrlEyes_2018_01/s0017/s0017_01403_1_0_1_0_1_01.png
s0011_01533_0_0_1_0_0_01.png,train,1,s0011,0,0,0,0,01,data/raw/mrlEyes_2018_01/s0011/s0011_01533_0_0_1_0_0_01.png
s0001_01463_0_1_0_0_0_01.png,val,0,s0001,0,1,0,0,01,data/raw/mrlEyes_2018_01/s0001/s0001_01463_0_1_0_0_0_01.png
s0030_00155_0_0_0_0_1_01.png,val,0,s0030,0,0,0,1,01,data/raw/mrlEyes_2018_01/s0030/s0030_00155_0_0_0_0_1_01.png
s0027_00007_0_0_0_0_0_01.png,val,0,s0027,0,0,0,0,01,data/raw/mrlEyes_2018_01/s0027/s0027_00007_0_0_0_0_0_01.png
s0026_01111_0_0_1_0_1_01.png,val,1,s0026,0,0,0,1,01,data/raw/mrlEyes_2018_01/s0026/s0026_01111_0_0_1_0_1_01.png
s0003_00622_0_0_1_0_0_01.png,test,1,s0003,0,0,0,0,01,data/raw/mrlEyes_2018_01/s0003/s0003_00622_0_0_1_0_0_01.png
s0008_00770_0_1_0_0_0_01.png,train,0,s0008,0,1,0,0,01,data/raw/mrlEyes_2018_01/s0008/s0008_00770_0_1_0_0_0_01.png
s0022_00089_0_1_0_2_1_01.png,train,0,s0022,0,1,2,1,01,data/raw/mrlEyes_2018_01/s0022/s0022_00089_0_1_0_2_1_01.png
s0021_00047_0_0_0_0_0_01.png,train,0,s0021,0,0,0,0,01,data/raw/mrlEyes_2018_01/s0021/s0021_00047_0_0_0_0_0_01.png
s0015_00308_0_0_0_0_0_01.png,test,0,s0015,0,0,0,0,01,data/raw/mrlEyes_2018_01/s0015/s0015_00308_0_0_0_0_0_01.png
s0027_00091_0_1_0_2_0_01.png,val,0,s0027,0,1,2,0,01,data/raw/mrlEyes_2018_01/s0027/s0027_00091_0_1_0_2_0_01.png
s0026_00669_0_0_1_0_1_01.png,val,1,s0026,0,0,0,1,01,data/raw/mrlEyes_2018_01/s0026/s0026_00669_0_0_1_0_1_01.png
s0032_00029_0_0_0_0_1_02.png,test,0,s0032,0,0,0,1,02,data/raw/mrlEyes_2018_01/s0032/s0032_00029_0_0_0_0_1_02.png
s0028_00398_0_1_1_0_0_01.png,train,1,s0028,0,1,0,0,01,data/raw/mrlEyes_2018_01/s0028/s0028_00398_0_1_1_0_0_01.png
s0025_00098_0_0_0_0_0_01.png,train,0,s0025,0,0,0,0,01,data/raw/mrlEyes_2018_01/s0025/s0025_00098_0_0_0_0_0_01.png
s0008_00016_0_1_0_0_0_01.png,train,0,s0008,0,1,0,0,01,data/raw/mrlEyes_2018_01/s0008/s0008_00016_0_1_0_0_0_01.png
s0022_00007_0_0_0_0_1_01.png,train,0,s0022,0,0,0,1,01,data/raw/mrlEyes_2018_01/s0022/s0022_00007_0_0_0_0_1_01.png
s0027_00085_0_1_0_0_0_01.png,val,0,s0027,0,1,0,0,01,data/raw/mrlEyes_2018_01/s0027/s0027_00085_0_1_0_0_0_01.png
s0019_04426_0_0_1_0_0_01.png,train,1,s0019,0,0,0,0,01,data/raw/mrlEyes_2018_01/s0019/s0019_04426_0_0_1_0_0_01.png
s0037_03745_1_1_0_0_0_01.png,train,0,s0037,1,1,0,0,01,data/raw/mrlEyes_2018_01/s0037/s0037_03745_1_1_0_0_0_01.png
s0023_00055_0_0_0_0_1_01.png,train,0,s0023,0,0,0,1,01,data/raw/mrlEyes_2018_01/s0023/s0023_00055_0_0_0_0_1_01.png
s0026_00451_0_0_1_0_0_01.png,val,1,s0026,0,0,0,0,01,data/raw/mrlEyes_2018_01/s0026/s0026_00451_0_0_1_0_0_01.png
s0034_00593_0_0_1_0_0_02.png,train,1,s0034,0,0,0,0,02,data/raw/mrlEyes_2018_01/s0034/s0034_00593_0_0_1_0_0_02.png
s0022_00155_0_0_1_0_1_01.png,train,1,s0022,0,0,0,1,01,data/raw/mrlEyes_2018_01/s0022/s0022_00155_0_0_1_0_1_01.png
s0003_00570_0_0_1_0_0_01.png,test,1,s0003,0,0,0,0,01,data/raw/mrlEyes_2018_01/s0003/s0003_00570_0_0_1_0_0_01.png
s0016_00802_1_0_0_0_1_01.png,test,0,s0016,1,0,0,1,01,data/raw/mrlEyes_2018_01/s0016/s0016_00802_1_0_0_0_1_01.png
s0018_02187_0_1_0_0_0_01.png,train,0,s0018,0,1,0,0,01,data/raw/mrlEyes_2018_01/s0018/s0018_02187_0_1_0_0_0_01.png
s0033_00051_0_0_0_0_1_01.png,test,0,s0033,0,0,0,1,01,data/raw/mrlEyes_2018_01/s0033/s0033_00051_0_0_0_0_1_01.png
s0016_01823_1_0_1_0_0_01.png,test,1,s0016,1,0,0,0,01,data/raw/mrlEyes_2018_01/s0016/s0016_01823_1_0_1_0_0_01.png
s0011_01192_0_0_0_0_0_01.png,train,0,s0011,0,0,0,0,01,data/raw/mrlEyes_2018_01/s0011/s0011_01192_0_0_0_0_0_01.png
s0011_00829_0_0_0_0_0_01.png,train,0,s0011,0,0,0,0,01,data/raw/mrlEyes_2018_01/s0011/s0011_00829_0_0_0_0_0_01.png
s0020_00001_0_0_0_0_1_01.png,train,0,s0020,0,0,0,1,01,data/raw/mrlEyes_2018_01/s0020/s0020_00001_0_0_0_0_1_01.png
s0005_00164_0_0_0_0_0_01.png,val,0,s0005,0,0,0,0,01,data/raw/mrlEyes_2018_01/s0005/s0005_00164_0_0_0_0_0_01.png
s0033_00350_0_0_1_0_1_01.png,test,1,s0033,0,0,0,1,01,data/raw/mrlEyes_2018_01/s0033/s0033_00350_0_0_1_0_1_01.png
s0018_01905_0_0_0_0_1_01.png,train,0,s0018,0,0,0,1,01,data/raw/mrlEyes_2018_01/s0018/s0018_01905_0_0_0_0_1_01.png
s0032_04842_0_0_1_2_1_02.png,test,1,s0032,0,0,2,1,02,data/raw/mrlEyes_2018_01/s0032/s0032_04842_0_0_1_2_1_02.png
s0025_00654_0_0_1_0_0_01.png,train,1,s0025,0,0,0,0,01,data/raw/mrlEyes_2018_01/s0025/s0025_00654_0_0_1_0_0_01.png
s0009_00387_0_0_1_0_0_01.png,test,1,s0009,0,0,0,0,01,data/raw/mrlEyes_2018_01/s0009/s0009_00387_0_0_1_0_0_01.png
s0017_00964_1_0_0_0_0_01.png,test,0,s0017,1,0,0,0,01,data/raw/mrlEyes_2018_01/s0017/s0017_00964_1_0_0_0_0_01.png
s0017_01409_1_0_1_0_1_01.png,test,1,s0017,1,0,0,1,01,data/raw/mrlEyes_2018_01/s0017/s0017_01409_1_0_1_0_1_01.png
s0011_01614_0_0_1_0_0_01.png,train,1,s0011,0,0,0,0,01,data/raw/mrlEyes_2018_01/s0011/s0011_01614_0_0_1_0_0_01.png
s0005_00736_0_0_1_0_0_01.png,val,1,s0005,0,0,0,0,01,data/raw/mrlEyes_2018_01/s0005/s0005_00736_0_0_1_0_0_01.png
s0031_01528_1_0_1_2_1_02.png,train,1,s0031,1,0,2,1,02,data/raw/mrlEyes_2018_01/s0031/s0031_01528_1_0_1_2_1_02.png
s0034_00071_0_0_0_0_0_02.png,train,0,s0034,0,0,0,0,02,data/raw/mrlEyes_2018_01/s0034/s0034_00071_0_0_0_0_0_02.png
s0021_00194_0_0_1_0_0_01.png,train,1,s0021,0,0,0,0,01,data/raw/mrlEyes_2018_01/s0021/s0021_00194_0_0_1_0_0_01.png
s0003_00662_0_0_1_0_0_01.png,test,1,s0003,0,0,0,0,01,data/raw/mrlEyes_2018_01/s0003/s0003_00662_0_0_1_0_0_01.png
s0015_01088_0_0_1_0_0_01.png,test,1,s0015,0,0,0,0,01,data/raw/mrlEyes_2018_01/s0015/s0015_01088_0_0_1_0_0_01.png
s0030_00233_0_0_0_0_1_01.png,val,0,s0030,0,0,0,1,01,data/raw/mrlEyes_2018_01/s0030/s0030_00233_0_0_0_0_1_01.png
s0007_00004_0_0_0_0_0_01.png,test,0,s0007,0,0,0,0,01,data/raw/mrlEyes_2018_01/s0007/s0007_00004_0_0_0_0_0_01.png
s0034_00182_0_0_1_0_0_02.png,train,1,s0034,0,0,0,0,02,data/raw/mrlEyes_2018_01/s0034/s0034_00182_0_0_1_0_0_02.png
s0018_04191_0_1_1_2_0_01.png,train,1,s0018,0,1,2,0,01,data/raw/mrlEyes_2018_01/s0018/s0018_04191_0_1_1_2_0_01.png
s0032_00049_0_0_0_0_1_02.png,test,0,s0032,0,0,0,1,02,data/raw/mrlEyes_2018_01/s0032/s0032_00049_0_0_0_0_1_02.png
s0013_03216_0_0_1_0_0_01.png,val,1,s0013,0,0,0,0,01,data/raw/mrlEyes_2018_01/s0013/s0013_03216_0_0_1_0_0_01.png
s0024_00283_0_0_1_0_0_01.png,train,1,s0024,0,0,0,0,01,data/raw/mrlEyes_2018_01/s0024/s0024_00283_0_0_1_0_0_01.png
s0016_01862_1_0_1_0_0_01.png,test,1,s0016,1,0,0,0,01,data/raw/mrlEyes_2018_01/s0016/s0016_01862_1_0_1_0_0_01.png
s0034_00103_0_0_0_0_0_02.png,train,0,s0034,0,0,0,0,02,data/raw/mrlEyes_2018_01/s0034/s0034_00103_0_0_0_0_0_02.png
s0023_00340_0_0_1_0_1_01.png,train,1,s0023,0,0,0,1,01,data/raw/mrlEyes_2018_01/s0023/s0023_00340_0_0_1_0_1_01.png
s0001_00356_0_0_0_0_0_01.png,val,0,s0001,0,0,0,0,01,data/raw/mrlEyes_2018_01/s0001/s0001_00356_0_0_0_0_0_01.png
s0020_00039_0_0_1_0_1_01.png,train,1,s0020,0,0,0,1,01,data/raw/mrlEyes_2018_01/s0020/s0020_00039_0_0_1_0_1_01.png
s0021_00848_0_1_1_1_0_01.png,train,1,s0021,0,1,1,0,01,data/raw/mrlEyes_2018_01/s0021/s0021_00848_0_1_1_1_0_01.png
s0026_00679_0_0_1_0_0_01.png,val,1,s0026,0,0,0,0,01,data/raw/mrlEyes_2018_01/s0026/s0026_00679_0_0_1_0_0_01.png
s0024_00334_0_0_1_0_0_01.png,train,1,s0024,0,0,0,0,01,data/raw/mrlEyes_2018_01/s0024/s0024_00334_0_0_1_0_0_01.png
s0036_01355_1_1_0_2_0_01.png,train,0,s0036,1,1,2,0,01,data/raw/mrlEyes_2018_01/s0036/s0036_01355_1_1_0_2_0_01.png
s0012_03407_0_1_0_0_0_01.png,train,0,s0012,0,1,0,0,01,data/raw/mrlEyes_2018_01/s0012/s0012_03407_0_1_0_0_0_01.png
s0035_00096_0_1_1_0_1_02.png,train,1,s0035,0,1,0,1,02,data/raw/mrlEyes_2018_01/s0035/s0035_00096_0_1_1_0_1_02.png
s0017_01339_1_0_1_0_0_01.png,test,1,s0017,1,0,0,0,01,data/raw/mrlEyes_2018_01/s0017/s0017_01339_1_0_1_0_0_01.png
s0025_00118_0_0_0_0_0_01.png,train,0,s0025,0,0,0,0,01,data/raw/mrlEyes_2018_01/s0025/s0025_00118_0_0_0_0_0_01.png
s0017_01519_1_0_1_0_0_01.png,test,1,s0017,1,0,0,0,01,data/raw/mrlEyes_2018_01/s0017/s0017_01519_1_0_1_0_0_01.png
s0018_04212_0_1_1_2_0_01.png,train,1,s0018,0,1,2,0,01,data/raw/mrlEyes_2018_01/s0018/s0018_04212_0_1_1_2_0_01.png
s0033_00011_0_0_0_0_1_01.png,test,0,s0033,0,0,0,1,01,data/raw/mrlEyes_2018_01/s0033/s0033_00011_0_0_0_0_1_01.png
s0013_02554_0_1_0_0_0_01.png,val,0,s0013,0,1,0,0,01,data/raw/mrlEyes_2018_01/s0013/s0013_02554_0_1_0_0_0_01.png
s0016_00934_1_0_0_0_1_01.png,test,0,s0016,1,0,0,1,01,data/raw/mrlEyes_2018_01/s0016/s0016_00934_1_0_0_0_1_01.png
s0009_00042_0_0_0_0_0_01.png,test,0,s0009,0,0,0,0,01,data/raw/mrlEyes_2018_01/s0009/s0009_00042_0_0_0_0_0_01.png
s0033_00025_0_0_0_0_1_01.png,test,0,s0033,0,0,0,1,01,data/raw/mrlEyes_2018_01/s0033/s0033_00025_0_0_0_0_1_01.png
s0011_01405_0_0_0_0_0_01.png,train,0,s0011,0,0,0,0,01,data/raw/mrlEyes_2018_01/s0011/s0011_01405_0_0_0_0_0_01.png
s0012_06951_0_0_1_0_1_01.png,train,1,s0012,0,0,0,1,01,data/raw/mrlEyes_2018_01/s0012/s0012_06951_0_0_1_0_1_01.png
s0024_00438_0_0_1_0_0_01.png,train,1,s0024,0,0,0,0,01,data/raw/mrlEyes_2018_01/s0024/s0024_00438_0_0_1_0_0_01.png
s0019_01039_0_0_0_0_0_01.png,train,0,s0019,0,0,0,0,01,data/raw/mrlEyes_2018_01/s0019/s0019_01039_0_0_0_0_0_01.png
s0035_00558_0_1_1_0_1_02.png,train,1,s0035,0,1,0,1,02,data/raw/mrlEyes_2018_01/s0035/s0035_00558_0_1_1_0_1_02.png
s0016_01650_1_0_0_0_1_01.png,test,0,s0016,1,0,0,1,01,data/raw/mrlEyes_2018_01/s0016/s0016_01650_1_0_0_0_1_01.png
s0001_02986_0_1_1_2_0_01.png,val,1,s0001,0,1,2,0,01,data/raw/mrlEyes_2018_01/s0001/s0001_02986_0_1_1_2_0_01.png
s0008_00720_0_1_0_0_0_01.png,train,0,s0008,0,1,0,0,01,data/raw/mrlEyes_2018_01/s0008/s0008_00720_0_1_0_0_0_01.png
s0035_00378_0_1_1_1_1_02.png,train,1,s0035,0,1,1,1,02,data/raw/mrlEyes_2018_01/s0035/s0035_00378_0_1_1_1_1_02.png
s0017_01608_1_0_1_0_0_01.png,test,1,s0017,1,0,0,0,01,data/raw/mrlEyes_2018_01/s0017/s0017_01608_1_0_1_0_0_01.png
s0029_01215_0_0_1_0_1_01.png,train,1,s0029,0,0,0,1,01,data/raw/mrlEyes_2018_01/s0029/s0029_01215_0_0_1_0_1_01.png
s0028_00026_0_0_1_0_0_01.png,train,1,s0028,0,0,0,0,01,data/raw/mrlEyes_2018_01/s0028/s0028_00026_0_0_1_0_0_01.png
s0022_00015_0_0_0_0_1_01.png,train,0,s0022,0,0,0,1,01,data/raw/mrlEyes_2018_01/s0022/s0022_00015_0_0_0_0_1_01.png
s0012_01670_0_1_0_0_0_01.png,train,0,s0012,0,1,0,0,01,data/raw/mrlEyes_2018_01/s0012/s0012_01670_0_1_0_0_0_01.png
s0012_02590_0_1_0_0_0_01.png,train,0,s0012,0,1,0,0,01,data/raw/mrlEyes_2018_01/s0012/s0012_02590_0_1_0_0_0_01.png
s0026_00135_0_0_0_0_0_01.png,val,0,s0026,0,0,0,0,01,data/raw/mrlEyes_2018_01/s0026/s0026_00135_0_0_0_0_0_01.png
s0037_09062_1_1_1_0_0_01.png,train,1,s0037,1,1,0,0,01,data/raw/mrlEyes_2018_01/s0037/s0037_09062_1_1_1_0_0_01.png
s0012_06963_0_0_1_0_1_01.png,train,1,s0012,0,0,0,1,01,data/raw/mrlEyes_2018_01/s0012/s0012_06963_0_0_1_0_1_01.png
s0024_00121_0_1_0_0_0_01.png,train,0,s0024,0,1,0,0,01,data/raw/mrlEyes_2018_01/s0024/s0024_00121_0_1_0_0_0_01.png
s0004_00209_0_0_0_0_0_01.png,val,0,s0004,0,0,0,0,01,data/raw/mrlEyes_2018_01/s0004/s0004_00209_0_0_0_0_0_01.png
s0024_00079_0_1_0_0_0_01.png,train,0,s0024,0,1,0,0,01,data/raw/mrlEyes_2018_01/s0024/s0024_00079_0_1_0_0_0_01.png
s0030_00287_0_0_0_0_1_01.png,val,0,s0030,0,0,0,1,01,data/raw/mrlEyes_2018_01/s0030/s0030_00287_0_0_0_0_1_01.png
s0026_00637_0_0_1_0_0_01.png,val,1,s0026,0,0,0,0,01,data/raw/mrlEyes_2018_01/s0026/s0026_00637_0_0_1_0_0_01.png
s0026_00139_0_0_0_0_0_01.png,val,0,s0026,0,0,0,0,01,data/raw/mrlEyes_2018_01/s0026/s0026_00139_0_0_0_0_0_01.png
s0037_00331_1_0_0_0_0_01.png,train,0,s0037,1,0,0,0,01,data/raw/mrlEyes_2018_01/s0037/s0037_00331_1_0_0_0_0_01.png
s0001_00546_0_0_0_0_0_01.png,val,0,s0001,0,0,0,0,01,data/raw/mrlEyes_2018_01/s0001/s0001_00546_0_0_0_0_0_01.png
s0003_00567_0_0_1_0_0_01.png,test,1,s0003,0,0,0,0,01,data/raw/mrlEyes_2018_01/s0003/s0003_00567_0_0_1_0_0_01.png
s0030_00286_0_0_0_0_1_01.png,val,0,s0030,0,0,0,1,01,data/raw/mrlEyes_2018_01/s0030/s0030_00286_0_0_0_0_1_01.png
s0034_00100_0_0_0_0_0_02.png,train,0,s0034,0,0,0,0,02,data/raw/mrlEyes_2018_01/s0034/s0034_00100_0_0_0_0_0_02.png
s0014_04246_0_0_1_0_0_01.png,train,1,s0014,0,0,0,0,01,data/raw/mrlEyes_2018_01/s0014/s0014_04246_0_0_1_0_0_01.png
s0014_05502_0_0_1_0_1_01.png,train,1,s0014,0,0,0,1,01,data/raw/mrlEyes_2018_01/s0014/s0014_05502_0_0_1_0_1_01.png
s0014_03878_0_0_1_0_0_01.png,train,1,s0014,0,0,0,0,01,data/raw/mrlEyes_2018_01/s0014/s0014_03878_0_0_1_0_0_01.png
s0012_01910_0_1_0_0_0_01.png,train,0,s0012,0,1,0,0,01,data/raw/mrlEyes_2018_01/s0012/s0012_01910_0_1_0_0_0_01.png
s0024_00485_0_1_1_0_0_01.png,train,1,s0024,0,1,0,0,01,data/raw/mrlEyes_2018_01/s0024/s0024_00485_0_1_1_0_0_01.png
s0033_00073_0_0_0_0_0_01.png,test,0,s0033,0,0,0,0,01,data/raw/mrlEyes_2018_01/s0033/s0033_00073_0_0_0_0_0_01.png
s0032_00644_0_1_1_2_1_02.png,test,1,s0032,0,1,2,1,02,data/raw/mrlEyes_2018_01/s0032/s0032_00644_0_1_1_2_1_02.png
s0012_02222_0_1_0_0_0_01.png,train,0,s0012,0,1,0,0,01,data/raw/mrlEyes_2018_01/s0012/s0012_02222_0_1_0_0_0_01.png
s0032_02659_0_1_1_2_1_02.png,test,1,s0032,0,1,2,1,02,data/raw/mrlEyes_2018_01/s0032/s0032_02659_0_1_1_2_1_02.png
s0026_00408_0_0_0_0_0_01.png,val,0,s0026,0,0,0,0,01,data/raw/mrlEyes_2018_01/s0026/s0026_00408_0_0_0_0_0_01.png
s0017_00707_1_0_0_0_1_01.png,test,0,s0017,1,0,0,1,01,data/raw/mrlEyes_2018_01/s0017/s0017_00707_1_0_0_0_1_01.png
s0004_00429_0_0_0_0_0_01.png,val,0,s0004,0,0,0,0,01,data/raw/mrlEyes_2018_01/s0004/s0004_00429_0_0_0_0_0_01.png
s0014_01584_0_0_0_0_0_01.png,train,0,s0014,0,0,0,0,01,data/raw/mrlEyes_2018_01/s0014/s0014_01584_0_0_0_0_0_01.png
s0024_00132_0_1_0_0_0_01.png,train,0,s0024,0,1,0,0,01,data/raw/mrlEyes_2018_01/s0024/s0024_00132_0_1_0_0_0_01.png
s0030_00241_0_0_0_0_1_01.png,val,0,s0030,0,0,0,1,01,data/raw/mrlEyes_2018_01/s0030/s0030_00241_0_0_0_0_1_01.png
s0018_03656_0_1_0_0_0_01.png,train,0,s0018,0,1,0,0,01,data/raw/mrlEyes_2018_01/s0018/s0018_03656_0_1_0_0_0_01.png
s0022_00054_0_0_0_0_1_01.png,train,0,s0022,0,0,0,1,01,data/raw/mrlEyes_2018_01/s0022/s0022_00054_0_0_0_0_1_01.png
s0021_00085_0_1_0_0_0_01.png,train,0,s0021,0,1,0,0,01,data/raw/mrlEyes_2018_01/s0021/s0021_00085_0_1_0_0_0_01.png
s0012_00506_0_0_0_0_0_01.png,train,0,s0012,0,0,0,0,01,data/raw/mrlEyes_2018_01/s0012/s0012_00506_0_0_0_0_0_01.png
s0003_00623_0_0_1_0_0_01.png,test,1,s0003,0,0,0,0,01,data/raw/mrlEyes_2018_01/s0003/s0003_00623_0_0_1_0_0_01.png
s0006_00773_0_1_0_1_0_01.png,train,0,s0006,0,1,1,0,01,data/raw/mrlEyes_2018_01/s0006/s0006_00773_0_1_0_1_0_01.png
s0002_01092_0_0_1_0_0_01.png,train,1,s0002,0,0,0,0,01,data/raw/mrlEyes_2018_01/s0002/s0002_01092_0_0_1_0_0_01.png
s0035_00001_0_1_0_1_1_02.png,train,0,s0035,0,1,1,1,02,data/raw/mrlEyes_2018_01/s0035/s0035_00001_0_1_0_1_1_02.png
s0014_04391_0_0_1_1_1_03.png,train,1,s0014,0,0,1,1,03,data/raw/mrlEyes_2018_01/s0014/s0014_04391_0_0_1_1_1_03.png
s0030_00367_0_0_1_0_0_01.png,val,1,s0030,0,0,0,0,01,data/raw/mrlEyes_2018_01/s0030/s0030_00367_0_0_1_0_0_01.png
s0007_00373_0_0_0_0_0_01.png,test,0,s0007,0,0,0,0,01,data/raw/mrlEyes_2018_01/s0007/s0007_00373_0_0_0_0_0_01.png
s0022_00185_0_0_1_0_1_01.png,train,1,s0022,0,0,0,1,01,data/raw/mrlEyes_2018_01/s0022/s0022_00185_0_0_1_0_1_01.png
s0019_02188_0_0_0_0_1_01.png,train,0,s0019,0,0,0,1,01,data/raw/mrlEyes_2018_01/s0019/s0019_02188_0_0_0_0_1_01.png
s0003_00603_0_0_1_0_0_01.png,test,1,s0003,0,0,0,0,01,data/raw/mrlEyes_2018_01/s0003/s0003_00603_0_0_1_0_0_01.png
s0013_01461_0_0_0_0_0_01.png,val,0,s0013,0,0,0,0,01,data/raw/mrlEyes_2018_01/s0013/s0013_01461_0_0_0_0_0_01.png
s0026_00457_0_0_1_0_0_01.png,val,1,s0026,0,0,0,0,01,data/raw/mrlEyes_2018_01/s0026/s0026_00457_0_0_1_0_0_01.png
s0024_00126_0_1_0_0_0_01.png,train,0,s0024,0,1,0,0,01,data/raw/mrlEyes_2018_01/s0024/s0024_00126_0_1_0_0_0_01.png
s0022_00105_0_1_0_2_1_01.png,train,0,s0022,0,1,2,1,01,data/raw/mrlEyes_2018_01/s0022/s0022_00105_0_1_0_2_1_01.png
s0013_03238_0_0_1_0_0_01.png,val,1,s0013,0,0,0,0,01,data/raw/mrlEyes_2018_01/s0013/s0013_03238_0_0_1_0_0_01.png
s0024_00547_0_1_1_1_0_01.png,train,1,s0024,0,1,1,0,01,data/raw/mrlEyes_2018_01/s0024/s0024_00547_0_1_1_1_0_01.png
s0022_00299_0_1_1_2_1_01.png,train,1,s0022,0,1,2,1,01,data/raw/mrlEyes_2018_01/s0022/s0022_00299_0_1_1_2_1_01.png
s0020_00219_0_0_1_0_1_01.png,train,1,s0020,0,0,0,1,01,data/raw/mrlEyes_2018_01/s0020/s0020_00219_0_0_1_0_1_01.png
s0002_01013_0_0_1_0_0_01.png,train,1,s0002,0,0,0,0,01,data/raw/mrlEyes_2018_01/s0002/s0002_01013_0_0_1_0_0_01.png
s0018_03291_0_1_0_0_0_01.png,train,0,s0018,0,1,0,0,01,data/raw/mrlEyes_2018_01/s0018/s0018_03291_0_1_0_0_0_01.png
s0036_01190_1_1_0_0_0_01.png,train,0,s0036,1,1,0,0,01,data/raw/mrlEyes_2018_01/s0036/s0036_01190_1_1_0_0_0_01.png
s0015_00126_0_0_0_0_1_01.png,test,0,s0015,0,0,0,1,01,data/raw/mrlEyes_2018_01/s0015/s0015_00126_0_0_0_0_1_01.png
s0023_00113_0_0_1_0_1_01.png,train,1,s0023,0,0,0,1,01,data/raw/mrlEyes_2018_01/s0023/s0023_00113_0_0_1_0_1_01.png
s0004_00549_0_0_0_0_1_01.png,val,0,s0004,0,0,0,1,01,data/raw/mrlEyes_2018_01/s0004/s0004_00549_0_0_0_0_1_01.png
s0003_00268_0_0_0_0_0_01.png,test,0,s0003,0,0,0,0,01,data/raw/mrlEyes_2018_01/s0003/s0003_00268_0_0_0_0_0_01.png
s0008_00731_0_1_0_0_0_01.png,train,0,s0008,0,1,0,0,01,data/raw/mrlEyes_2018_01/s0008/s0008_00731_0_1_0_0_0_01.png
s0004_00477_0_0_0_0_0_01.png,val,0,s0004,0,0,0,0,01,data/raw/mrlEyes_2018_01/s0004/s0004_00477_0_0_0_0_0_01.png
s0025_01106_0_0_1_0_0_01.png,train,1,s0025,0,0,0,0,01,data/raw/mrlEyes_2018_01/s0025/s0025_01106_0_0_1_0_0_01.png
s0009_00161_0_0_0_0_0_01.png,test,0,s0009,0,0,0,0,01,data/raw/mrlEyes_2018_01/s0009/s0009_00161_0_0_0_0_0_01.png
s0029_00086_0_0_0_0_1_01.png,train,0,s0029,0,0,0,1,01,data/raw/mrlEyes_2018_01/s0029/s0029_00086_0_0_0_0_1_01.png
s0002_01026_0_0_1_0_0_01.png,train,1,s0002,0,0,0,0,01,data/raw/mrlEyes_2018_01/s0002/s0002_01026_0_0_1_0_0_01.png
s0023_00038_0_0_0_0_1_01.png,train,0,s0023,0,0,0,1,01,data/raw/mrlEyes_2018_01/s0023/s0023_00038_0_0_0_0_1_01.png
s0017_01421_1_0_1_0_1_01.png,test,1,s0017,1,0,0,1,01,data/raw/mrlEyes_2018_01/s0017/s0017_01421_1_0_1_0_1_01.png
s0027_00022_0_0_0_0_1_01.png,val,0,s0027,0,0,0,1,01,data/raw/mrlEyes_2018_01/s0027/s0027_00022_0_0_0_0_1_01.png
s0013_02623_0_1_0_0_0_01.png,val,0,s0013,0,1,0,0,01,data/raw/mrlEyes_2018_01/s0013/s0013_02623_0_1_0_0_0_01.png
s0018_04214_0_1_1_2_0_01.png,train,1,s0018,0,1,2,0,01,data/raw/mrlEyes_2018_01/s0018/s0018_04214_0_1_1_2_0_01.png
s0007_00319_0_0_0_0_0_01.png,test,0,s0007,0,0,0,0,01,data/raw/mrlEyes_2018_01/s0007/s0007_00319_0_0_0_0_0_01.png
s0037_08912_1_1_1_0_0_01.png,train,1,s0037,1,1,0,0,01,data/raw/mrlEyes_2018_01/s0037/s0037_08912_1_1_1_0_0_01.png
s0025_00039_0_0_0_0_0_01.png,train,0,s0025,0,0,0,0,01,data/raw/mrlEyes_2018_01/s0025/s0025_00039_0_0_0_0_0_01.png
s0036_01271_1_1_0_0_0_01.png,train,0,s0036,1,1,0,0,01,data/raw/mrlEyes_2018_01/s0036/s0036_01271_1_1_0_0_0_01.png
s0001_00573_0_0_0_0_0_01.png,val,0,s0001,0,0,0,0,01,data/raw/mrlEyes_2018_01/s0001/s0001_00573_0_0_0_0_0_01.png
s0025_00334_0_0_1_0_1_01.png,train,1,s0025,0,0,0,1,01,data/raw/mrlEyes_2018_01/s0025/s0025_00334_0_0_1_0_1_01.png
s0008_00063_0_1_0_2_0_01.png,train,0,s0008,0,1,2,0,01,data/raw/mrlEyes_2018_01/s0008/s0008_00063_0_1_0_2_0_01.png
s0021_00132_0_1_0_0_0_01.png,train,0,s0021,0,1,0,0,01,data/raw/mrlEyes_2018_01/s0021/s0021_00132_0_1_0_0_0_01.png
s0024_00194_0_1_0_0_0_01.png,train,0,s0024,0,1,0,0,01,data/raw/mrlEyes_2018_01/s0024/s0024_00194_0_1_0_0_0_01.png
s0010_00390_0_0_1_0_0_01.png,train,1,s0010,0,0,0,0,01,data/raw/mrlEyes_2018_01/s0010/s0010_00390_0_0_1_0_0_01.png
s0018_01174_0_0_0_0_0_01.png,train,0,s0018,0,0,0,0,01,data/raw/mrlEyes_2018_01/s0018/s0018_01174_0_0_0_0_0_01.png
s0036_03552_1_0_1_0_0_01.png,train,1,s0036,1,0,0,0,01,data/raw/mrlEyes_2018_01/s0036/s0036_03552_1_0_1_0_0_01.png
s0017_00903_1_0_0_0_1_01.png,test,0,s0017,1,0,0,1,01,data/raw/mrlEyes_2018_01/s0017/s0017_00903_1_0_0_0_1_01.png
s0011_01534_0_0_1_0_0_01.png,train,1,s0011,0,0,0,0,01,data/raw/mrlEyes_2018_01/s0011/s0011_01534_0_0_1_0_0_01.png
s0003_00593_0_0_1_0_0_01.png,test,1,s0003,0,0,0,0,01,data/raw/mrlEyes_2018_01/s0003/s0003_00593_0_0_1_0_0_01.png
s0024_00021_0_0_0_0_0_01.png,train,0,s0024,0,0,0,0,01,data/raw/mrlEyes_2018_01/s0024/s0024_00021_0_0_0_0_0_01.png
s0029_00131_0_0_0_0_1_01.png,train,0,s0029,0,0,0,1,01,data/raw/mrlEyes_2018_01/s0029/s0029_00131_0_0_0_0_1_01.png
s0033_00676_0_0_1_0_1_01.png,test,1,s0033,0,0,0,1,01,data/raw/mrlEyes_2018_01/s0033/s0033_00676_0_0_1_0_1_01.png
s0014_02055_0_0_0_0_0_01.png,train,0,s0014,0,0,0,0,01,data/raw/mrlEyes_2018_01/s0014/s0014_02055_0_0_0_0_0_01.png
s0010_00382_0_0_1_0_0_01.png,train,1,s0010,0,0,0,0,01,data/raw/mrlEyes_2018_01/s0010/s0010_00382_0_0_1_0_0_01.png
s0023_00213_0_0_1_0_1_01.png,train,1,s0023,0,0,0,1,01,data/raw/mrlEyes_2018_01/s0023/s0023_00213_0_0_1_0_1_01.png
s0015_01073_0_0_1_0_0_01.png,test,1,s0015,0,0,0,0,01,data/raw/mrlEyes_2018_01/s0015/s0015_01073_0_0_1_0_0_01.png
s0027_00549_0_1_1_1_1_01.png,val,1,s0027,0,1,1,1,01,data/raw/mrlEyes_2018_01/s0027/s0027_00549_0_1_1_1_1_01.png
s0019_00855_0_0_0_0_0_01.png,train,0,s0019,0,0,0,0,01,data/raw/mrlEyes_2018_01/s0019/s0019_00855_0_0_0_0_0_01.png
s0032_03837_0_0_1_0_1_02.png,test,1,s0032,0,0,0,1,02,data/raw/mrlEyes_2018_01/s0032/s0032_03837_0_0_1_0_1_02.png
s0011_00808_0_0_0_0_0_01.png,train,0,s0011,0,0,0,0,01,data/raw/mrlEyes_2018_01/s0011/s0011_00808_0_0_0_0_0_01.png
s0011_00620_0_0_0_0_0_01.png,train,0,s0011,0,0,0,0,01,data/raw/mrlEyes_2018_01/s0011/s0011_00620_0_0_0_0_0_01.png
s0010_00393_0_0_1_0_0_01.png,train,1,s0010,0,0,0,0,01,data/raw/mrlEyes_2018_01/s0010/s0010_00393_0_0_1_0_0_01.png
s0027_00003_0_0_0_0_0_01.png,val,0,s0027,0,0,0,0,01,data/raw/mrlEyes_2018_01/s0027/s0027_00003_0_0_0_0_0_01.png
s0015_00993_0_0_1_0_1_01.png,test,1,s0015,0,0,0,1,01,data/raw/mrlEyes_2018_01/s0015/s0015_00993_0_0_1_0_1_01.png
s0027_00005_0_0_0_0_0_01.png,val,0,s0027,0,0,0,0,01,data/raw/mrlEyes_2018_01/s0027/s0027_00005_0_0_0_0_0_01.png
s0002_00998_0_0_0_0_0_01.png,train,0,s0002,0,0,0,0,01,data/raw/mrlEyes_2018_01/s0002/s0002_00998_0_0_0_0_0_01.png
s0031_01653_1_0_1_1_1_02.png,train,1,s0031,1,0,1,1,02,data/raw/mrlEyes_2018_01/s0031/s0031_01653_1_0_1_1_1_02.png
s0017_01276_1_0_0_0_0_01.png,test,0,s0017,1,0,0,0,01,data/raw/mrlEyes_2018_01/s0017/s0017_01276_1_0_0_0_0_01.png
s0015_00988_0_0_1_0_1_01.png,test,1,s0015,0,0,0,1,01,data/raw/mrlEyes_2018_01/s0015/s0015_00988_0_0_1_0_1_01.png
s0001_00104_0_0_0_0_0_01.png,val,0,s0001,0,0,0,0,01,data/raw/mrlEyes_2018_01/s0001/s0001_00104_0_0_0_0_0_01.png
s0036_00385_1_0_0_0_1_01.png,train,0,s0036,1,0,0,1,01,data/raw/mrlEyes_2018_01/s0036/s0036_00385_1_0_0_0_1_01.png
s0018_04217_0_1_1_2_0_01.png,train,1,s0018,0,1,2,0,01,data/raw/mrlEyes_2018_01/s0018/s0018_04217_0_1_1_2_0_01.png
s0001_01373_0_1_0_2_0_01.png,val,0,s0001,0,1,2,0,01,data/raw/mrlEyes_2018_01/s0001/s0001_01373_0_1_0_2_0_01.png
s0002_01082_0_0_1_0_0_01.png,train,1,s0002,0,0,0,0,01,data/raw/mrlEyes_2018_01/s0002/s0002_01082_0_0_1_0_0_01.png
s0027_00444_0_1_1_2_0_01.png,val,1,s0027,0,1,2,0,01,data/raw/mrlEyes_2018_01/s0027/s0027_00444_0_1_1_2_0_01.png
s0030_00289_0_0_0_0_1_01.png,val,0,s0030,0,0,0,1,01,data/raw/mrlEyes_2018_01/s0030/s0030_00289_0_0_0_0_1_01.png
s0015_01103_0_0_1_0_0_01.png,test,1,s0015,0,0,0,0,01,data/raw/mrlEyes_2018_01/s0015/s0015_01103_0_0_1_0_0_01.png
s0028_00181_0_0_1_0_0_01.png,train,1,s0028,0,0,0,0,01,data/raw/mrlEyes_2018_01/s0028/s0028_00181_0_0_1_0_0_01.png
s0012_02775_0_1_0_2_0_01.png,train,0,s0012,0,1,2,0,01,data/raw/mrlEyes_2018_01/s0012/s0012_02775_0_1_0_2_0_01.png
s0026_01176_0_0_1_0_0_01.png,val,1,s0026,0,0,0,0,01,data/raw/mrlEyes_2018_01/s0026/s0026_01176_0_0_1_0_0_01.png
s0012_00655_0_0_0_0_1_01.png,train,0,s0012,0,0,0,1,01,data/raw/mrlEyes_2018_01/s0012/s0012_00655_0_0_0_0_1_01.png
s0014_03696_0_0_0_0_0_01.png,train,0,s0014,0,0,0,0,01,data/raw/mrlEyes_2018_01/s0014/s0014_03696_0_0_0_0_0_01.png
s0033_00290_0_0_1_0_0_01.png,test,1,s0033,0,0,0,0,01,data/raw/mrlEyes_2018_01/s0033/s0033_00290_0_0_1_0_0_01.png
s0037_03501_1_1_0_0_0_01.png,train,0,s0037,1,1,0,0,01,data/raw/mrlEyes_2018_01/s0037/s0037_03501_1_1_0_0_0_01.png
s0003_00507_0_0_0_0_0_01.png,test,0,s0003,0,0,0,0,01,data/raw/mrlEyes_2018_01/s0003/s0003_00507_0_0_0_0_0_01.png
s0013_01263_0_0_0_0_0_01.png,val,0,s0013,0,0,0,0,01,data/raw/mrlEyes_2018_01/s0013/s0013_01263_0_0_0_0_0_01.png
s0019_02523_0_0_0_0_0_01.png,train,0,s0019,0,0,0,0,01,data/raw/mrlEyes_2018_01/s0019/s0019_02523_0_0_0_0_0_01.png
s0024_00451_0_0_1_0_0_01.png,train,1,s0024,0,0,0,0,01,data/raw/mrlEyes_2018_01/s0024/s0024_00451_0_0_1_0_0_01.png
s0011_00244_0_0_0_0_0_01.png,train,0,s0011,0,0,0,0,01,data/raw/mrlEyes_2018_01/s0011/s0011_00244_0_0_0_0_0_01.png
s0037_02257_1_0_0_0_0_01.png,train,0,s0037,1,0,0,0,01,data/raw/mrlEyes_2018_01/s0037/s0037_02257_1_0_0_0_0_01.png
s0023_00494_0_0_1_0_1_01.png,train,1,s0023,0,0,0,1,01,data/raw/mrlEyes_2018_01/s0023/s0023_00494_0_0_1_0_1_01.png
s0037_03208_1_1_0_0_0_01.png,train,0,s0037,1,1,0,0,01,data/raw/mrlEyes_2018_01/s0037/s0037_03208_1_1_0_0_0_01.png
s0034_00739_0_0_1_0_0_02.png,train,1,s0034,0,0,0,0,02,data/raw/mrlEyes_2018_01/s0034/s0034_00739_0_0_1_0_0_02.png
s0016_01747_1_0_1_0_1_01.png,test,1,s0016,1,0,0,1,01,data/raw/mrlEyes_2018_01/s0016/s0016_01747_1_0_1_0_1_01.png
s0024_00179_0_1_0_0_0_01.png,train,0,s0024,0,1,0,0,01,data/raw/mrlEyes_2018_01/s0024/s0024_00179_0_1_0_0_0_01.png
s0036_03857_1_0_1_0_1_01.png,train,1,s0036,1,0,0,1,01,data/raw/mrlEyes_2018_01/s0036/s0036_03857_1_0_1_0_1_01.png
s0033_00478_0_0_1_0_1_01.png,test,1,s0033,0,0,0,1,01,data/raw/mrlEyes_2018_01/s0033/s0033_00478_0_0_1_0_1_01.png
s0029_00104_0_0_0_0_1_01.png,train,0,s0029,0,0,0,1,01,data/raw/mrlEyes_2018_01/s0029/s0029_00104_0_0_0_0_1_01.png
s0011_01642_0_0_1_0_0_01.png,train,1,s0011,0,0,0,0,01,data/raw/mrlEyes_2018_01/s0011/s0011_01642_0_0_1_0_0_01.png
s0018_00376_0_0_0_0_1_01.png,train,0,s0018,0,0,0,1,01,data/raw/mrlEyes_2018_01/s0018/s0018_00376_0_0_0_0_1_01.png
s0033_00102_0_0_0_0_1_01.png,test,0,s0033,0,0,0,1,01,data/raw/mrlEyes_2018_01/s0033/s0033_00102_0_0_0_0_1_01.png
s0002_01023_0_0_1_0_0_01.png,train,1,s0002,0,0,0,0,01,data/raw/mrlEyes_2018_01/s0002/s0002_01023_0_0_1_0_0_01.png
s0013_01029_0_0_0_0_0_01.png,val,0,s0013,0,0,0,0,01,data/raw/mrlEyes_2018_01/s0013/s0013_01029_0_0_0_0_0_01.png
s0005_00714_0_0_1_0_0_01.png,val,1,s0005,0,0,0,0,01,data/raw/mrlEyes_2018_01/s0005/s0005_00714_0_0_1_0_0_01.png
s0035_00002_0_1_0_1_1_02.png,train,0,s0035,0,1,1,1,02,data/raw/mrlEyes_2018_01/s0035/s0035_00002_0_1_0_1_1_02.png
s0013_03541_0_1_1_0_0_01.png,val,1,s0013,0,1,0,0,01,data/raw/mrlEyes_2018_01/s0013/s0013_03541_0_1_1_0_0_01.png
s0030_00261_0_0_0_0_0_01.png,val,0,s0030,0,0,0,0,01,data/raw/mrlEyes_2018_01/s0030/s0030_00261_0_0_0_0_0_01.png
s0002_00957_0_0_0_0_0_01.png,train,0,s0002,0,0,0,0,01,data/raw/mrlEyes_2018_01/s0002/s0002_00957_0_0_0_0_0_01.png
s0012_07366_0_0_1_0_1_01.png,train,1,s0012,0,0,0,1,01,data/raw/mrlEyes_2018_01/s0012/s0012_07366_0_0_1_0_1_01.png
s0001_01356_0_1_0_2_0_01.png,val,0,s0001,0,1,2,0,01,data/raw/mrlEyes_2018_01/s0001/s0001_01356_0_1_0_2_0_01.png
s0030_00492_0_0_1_0_1_01.png,val,1,s0030,0,0,0,1,01,data/raw/mrlEyes_2018_01/s0030/s0030_00492_0_0_1_0_1_01.png
s0003_00628_0_0_1_0_0_01.png,test,1,s0003,0,0,0,0,01,data/raw/mrlEyes_2018_01/s0003/s0003_00628_0_0_1_0_0_01.png
s0026_00209_0_0_0_0_0_01.png,val,0,s0026,0,0,0,0,01,data/raw/mrlEyes_2018_01/s0026/s0026_00209_0_0_0_0_0_01.png
s0005_00302_0_0_0_0_0_01.png,val,0,s0005,0,0,0,0,01,data/raw/mrlEyes_2018_01/s0005/s0005_00302_0_0_0_0_0_01.png
s0019_04667_0_0_1_0_0_01.png,train,1,s0019,0,0,0,0,01,data/raw/mrlEyes_2018_01/s0019/s0019_04667_0_0_1_0_0_01.png
s0023_00011_0_0_0_0_1_01.png,train,0,s0023,0,0,0,1,01,data/raw/mrlEyes_2018_01/s0023/s0023_00011_0_0_0_0_1_01.png
s0021_00094_0_1_0_0_0_01.png,train,0,s0021,0,1,0,0,01,data/raw/mrlEyes_2018_01/s0021/s0021_00094_0_1_0_0_0_01.png
s0017_01506_1_0_1_0_1_01.png,test,1,s0017,1,0,0,1,01,data/raw/mrlEyes_2018_01/s0017/s0017_01506_1_0_1_0_1_01.png
s0029_00450_0_0_1_0_1_01.png,train,1,s0029,0,0,0,1,01,data/raw/mrlEyes_2018_01/s0029/s0029_00450_0_0_1_0_1_01.png
s0018_04188_0_1_1_2_0_01.png,train,1,s0018,0,1,2,0,01,data/raw/mrlEyes_2018_01/s0018/s0018_04188_0_1_1_2_0_01.png
s0014_07151_0_0_1_2_1_02.png,train,1,s0014,0,0,2,1,02,data/raw/mrlEyes_2018_01/s0014/s0014_07151_0_0_1_2_1_02.png
s0032_00062_0_0_0_0_1_02.png,test,0,s0032,0,0,0,1,02,data/raw/mrlEyes_2018_01/s0032/s0032_00062_0_0_0_0_1_02.png
s0005_00492_0_0_0_0_0_01.png,val,0,s0005,0,0,0,0,01,data/raw/mrlEyes_2018_01/s0005/s0005_00492_0_0_0_0_0_01.png
s0013_03536_0_1_1_0_0_01.png,val,1,s0013,0,1,0,0,01,data/raw/mrlEyes_2018_01/s0013/s0013_03536_0_1_1_0_0_01.png
s0004_00943_0_0_0_0_0_01.png,val,0,s0004,0,0,0,0,01,data/raw/mrlEyes_2018_01/s0004/s0004_00943_0_0_0_0_0_01.png
s0011_01599_0_0_1_0_0_01.png,train,1,s0011,0,0,0,0,01,data/raw/mrlEyes_2018_01/s0011/s0011_01599_0_0_1_0_0_01.png
s0030_00087_0_0_0_0_1_01.png,val,0,s0030,0,0,0,1,01,data/raw/mrlEyes_2018_01/s0030/s0030_00087_0_0_0_0_1_01.png
s0014_06968_0_1_1_2_1_01.png,train,1,s0014,0,1,2,1,01,data/raw/mrlEyes_2018_01/s0014/s0014_06968_0_1_1_2_1_01.png
s0035_00642_0_1_1_0_1_02.png,train,1,s0035,0,1,0,1,02,data/raw/mrlEyes_2018_01/s0035/s0035_00642_0_1_1_0_1_02.png
s0003_00111_0_0_0_0_0_01.png,test,0,s0003,0,0,0,0,01,data/raw/mrlEyes_2018_01/s0003/s0003_00111_0_0_0_0_0_01.png
s0014_02907_0_1_0_0_0_01.png,train,0,s0014,0,1,0,0,01,data/raw/mrlEyes_2018_01/s0014/s0014_02907_0_1_0_0_0_01.png
s0017_01074_1_0_0_0_1_01.png,test,0,s0017,1,0,0,1,01,data/raw/mrlEyes_2018_01/s0017/s0017_01074_1_0_0_0_1_01.png
s0017_00614_1_0_0_0_1_01.png,test,0,s0017,1,0,0,1,01,data/raw/mrlEyes_2018_01/s0017/s0017_00614_1_0_0_0_1_01.png
s0012_03863_0_1_0_2_0_01.png,train,0,s0012,0,1,2,0,01,data/raw/mrlEyes_2018_01/s0012/s0012_03863_0_1_0_2_0_01.png
s0022_00003_0_0_0_0_1_01.png,train,0,s0022,0,0,0,1,01,data/raw/mrlEyes_2018_01/s0022/s0022_00003_0_0_0_0_1_01.png
s0027_00193_0_0_1_0_0_01.png,val,1,s0027,0,0,0,0,01,data/raw/mrlEyes_2018_01/s0027/s0027_00193_0_0_1_0_0_01.png
s0023_00427_0_0_1_0_1_01.png,train,1,s0023,0,0,0,1,01,data/raw/mrlEyes_2018_01/s0023/s0023_00427_0_0_1_0_1_01.png
s0023_00124_0_0_1_0_1_01.png,train,1,s0023,0,0,0,1,01,data/raw/mrlEyes_2018_01/s0023/s0023_00124_0_0_1_0_1_01.png
s0014_00329_0_0_0_0_0_01.png,train,0,s0014,0,0,0,0,01,data/raw/mrlEyes_2018_01/s0014/s0014_00329_0_0_0_0_0_01.png
s0011_01575_0_0_1_0_0_01.png,train,1,s0011,0,0,0,0,01,data/raw/mrlEyes_2018_01/s0011/s0011_01575_0_0_1_0_0_01.png
s0027_00291_0_0_1_0_1_01.png,val,1,s0027,0,0,0,1,01,data/raw/mrlEyes_2018_01/s0027/s0027_00291_0_0_1_0_1_01.png
s0002_01089_0_0_1_0_0_01.png,train,1,s0002,0,0,0,0,01,data/raw/mrlEyes_2018_01/s0002/s0002_01089_0_0_1_0_0_01.png
s0004_00563_0_0_0_0_0_01.png,val,0,s0004,0,0,0,0,01,data/raw/mrlEyes_2018_01/s0004/s0004_00563_0_0_0_0_0_01.png
s0008_00464_0_1_0_1_0_01.png,train,0,s0008,0,1,1,0,01,data/raw/mrlEyes_2018_01/s0008/s0008_00464_0_1_0_1_0_01.png
s0022_00033_0_0_0_0_1_01.png,train,0,s0022,0,0,0,1,01,data/raw/mrlEyes_2018_01/s0022/s0022_00033_0_0_0_0_1_01.png
s0011_00298_0_0_0_0_0_01.png,train,0,s0011,0,0,0,0,01,data/raw/mrlEyes_2018_01/s0011/s0011_00298_0_0_0_0_0_01.png
s0011_01530_0_0_1_0_0_01.png,train,1,s0011,0,0,0,0,01,data/raw/mrlEyes_2018_01/s0011/s0011_01530_0_0_1_0_0_01.png
s0031_00003_1_0_0_0_1_02.png,train,0,s0031,1,0,0,1,02,data/raw/mrlEyes_2018_01/s0031/s0031_00003_1_0_0_0_1_02.png
s0029_00023_0_0_0_0_1_01.png,train,0,s0029,0,0,0,1,01,data/raw/mrlEyes_2018_01/s0029/s0029_00023_0_0_0_0_1_01.png
s0018_01973_0_1_0_0_0_01.png,train,0,s0018,0,1,0,0,01,data/raw/mrlEyes_2018_01/s0018/s0018_01973_0_1_0_0_0_01.png
s0031_00181_1_0_0_0_1_02.png,train,0,s0031,1,0,0,1,02,data/raw/mrlEyes_2018_01/s0031/s0031_00181_1_0_0_0_1_02.png
s0010_00292_0_0_0_0_0_01.png,train,0,s0010,0,0,0,0,01,data/raw/mrlEyes_2018_01/s0010/s0010_00292_0_0_0_0_0_01.png
s0030_00138_0_0_0_0_0_01.png,val,0,s0030,0,0,0,0,01,data/raw/mrlEyes_2018_01/s0030/s0030_00138_0_0_0_0_0_01.png
s0032_02597_0_1_1_2_1_02.png,test,1,s0032,0,1,2,1,02,data/raw/mrlEyes_2018_01/s0032/s0032_02597_0_1_1_2_1_02.png
s0030_00483_0_0_1_0_1_01.png,val,1,s0030,0,0,0,1,01,data/raw/mrlEyes_2018_01/s0030/s0030_00483_0_0_1_0_1_01.png
s0024_00684_0_1_1_0_0_01.png,train,1,s0024,0,1,0,0,01,data/raw/mrlEyes_2018_01/s0024/s0024_00684_0_1_1_0_0_01.png
s0015_01024_0_0_1_0_1_01.png,test,1,s0015,0,0,0,1,01,data/raw/mrlEyes_2018_01/s0015/s0015_01024_0_0_1_0_1_01.png
s0001_00877_0_0_0_0_0_01.png,val,0,s0001,0,0,0,0,01,data/raw/mrlEyes_2018_01/s0001/s0001_00877_0_0_0_0_0_01.png
s0022_00108_0_1_0_2_1_01.png,train,0,s0022,0,1,2,1,01,data/raw/mrlEyes_2018_01/s0022/s0022_00108_0_1_0_2_1_01.png
s0012_00061_0_0_0_0_0_01.png,train,0,s0012,0,0,0,0,01,data/raw/mrlEyes_2018_01/s0012/s0012_00061_0_0_0_0_0_01.png
s0018_00205_0_0_0_0_1_01.png,train,0,s0018,0,0,0,1,01,data/raw/mrlEyes_2018_01/s0018/s0018_00205_0_0_0_0_1_01.png
s0021_00261_0_0_1_0_1_01.png,train,1,s0021,0,0,0,1,01,data/raw/mrlEyes_2018_01/s0021/s0021_00261_0_0_1_0_1_01.png
s0030_00273_0_0_0_0_1_01.png,val,0,s0030,0,0,0,1,01,data/raw/mrlEyes_2018_01/s0030/s0030_00273_0_0_0_0_1_01.png
s0001_01074_0_1_0_2_0_01.png,val,0,s0001,0,1,2,0,01,data/raw/mrlEyes_2018_01/s0001/s0001_01074_0_1_0_2_0_01.png
s0015_00620_0_0_0_0_1_01.png,test,0,s0015,0,0,0,1,01,data/raw/mrlEyes_2018_01/s0015/s0015_00620_0_0_0_0_1_01.png
s0037_04282_1_1_0_0_0_01.png,train,0,s0037,1,1,0,0,01,data/raw/mrlEyes_2018_01/s0037/s0037_04282_1_1_0_0_0_01.png
s0019_02127_0_0_0_0_0_01.png,train,0,s0019,0,0,0,0,01,data/raw/mrlEyes_2018_01/s0019/s0019_02127_0_0_0_0_0_01.png
s0011_01581_0_0_1_0_0_01.png,train,1,s0011,0,0,0,0,01,data/raw/mrlEyes_2018_01/s0011/s0011_01581_0_0_1_0_0_01.png
s0024_00218_0_0_1_0_0_01.png,train,1,s0024,0,0,0,0,01,data/raw/mrlEyes_2018_01/s0024/s0024_00218_0_0_1_0_0_01.png
s0036_01711_1_1_0_2_0_01.png,train,0,s0036,1,1,2,0,01,data/raw/mrlEyes_2018_01/s0036/s0036_01711_1_1_0_2_0_01.png
s0031_00060_1_0_0_0_1_02.png,train,0,s0031,1,0,0,1,02,data/raw/mrlEyes_2018_01/s0031/s0031_00060_1_0_0_0_1_02.png
s0009_00320_0_0_0_0_0_01.png,test,0,s0009,0,0,0,0,01,data/raw/mrlEyes_2018_01/s0009/s0009_00320_0_0_0_0_0_01.png
s0018_03795_0_0_1_0_1_01.png,train,1,s0018,0,0,0,1,01,data/raw/mrlEyes_2018_01/s0018/s0018_03795_0_0_1_0_1_01.png
s0037_02768_1_0_0_0_0_01.png,train,0,s0037,1,0,0,0,01,data/raw/mrlEyes_2018_01/s0037/s0037_02768_1_0_0_0_0_01.png
s0026_00768_0_0_1_0_0_01.png,val,1,s0026,0,0,0,0,01,data/raw/mrlEyes_2018_01/s0026/s0026_00768_0_0_1_0_0_01.png
s0027_00324_0_0_1_0_0_01.png,val,1,s0027,0,0,0,0,01,data/raw/mrlEyes_2018_01/s0027/s0027_00324_0_0_1_0_0_01.png
s0034_00655_0_0_1_0_0_02.png,train,1,s0034,0,0,0,0,02,data/raw/mrlEyes_2018_01/s0034/s0034_00655_0_0_1_0_0_02.png
s0008_00517_0_1_0_2_0_01.png,train,0,s0008,0,1,2,0,01,data/raw/mrlEyes_2018_01/s0008/s0008_00517_0_1_0_2_0_01.png
s0017_01350_1_0_1_0_0_01.png,test,1,s0017,1,0,0,0,01,data/raw/mrlEyes_2018_01/s0017/s0017_01350_1_0_1_0_0_01.png
s0002_00062_0_0_0_0_0_01.png,train,0,s0002,0,0,0,0,01,data/raw/mrlEyes_2018_01/s0002/s0002_00062_0_0_0_0_0_01.png
s0028_00242_0_0_1_0_0_01.png,train,1,s0028,0,0,0,0,01,data/raw/mrlEyes_2018_01/s0028/s0028_00242_0_0_1_0_0_01.png
s0031_01105_1_0_1_0_1_02.png,train,1,s0031,1,0,0,1,02,data/raw/mrlEyes_2018_01/s0031/s0031_01105_1_0_1_0_1_02.png
s0022_00121_0_1_0_2_1_01.png,train,0,s0022,0,1,2,1,01,data/raw/mrlEyes_2018_01/s0022/s0022_00121_0_1_0_2_1_01.png
s0034_00022_0_0_0_0_0_02.png,train,0,s0034,0,0,0,0,02,data/raw/mrlEyes_2018_01/s0034/s0034_00022_0_0_0_0_0_02.png
s0025_00114_0_0_0_0_0_01.png,train,0,s0025,0,0,0,0,01,data/raw/mrlEyes_2018_01/s0025/s0025_00114_0_0_0_0_0_01.png
s0023_00424_0_0_1_0_1_01.png,train,1,s0023,0,0,0,1,01,data/raw/mrlEyes_2018_01/s0023/s0023_00424_0_0_1_0_1_01.png
s0026_00191_0_0_0_0_0_01.png,val,0,s0026,0,0,0,0,01,data/raw/mrlEyes_2018_01/s0026/s0026_00191_0_0_0_0_0_01.png
s0023_00447_0_0_1_0_1_01.png,train,1,s0023,0,0,0,1,01,data/raw/mrlEyes_2018_01/s0023/s0023_00447_0_0_1_0_1_01.png
s0013_02694_0_1_0_0_0_01.png,val,0,s0013,0,1,0,0,01,data/raw/mrlEyes_2018_01/s0013/s0013_02694_0_1_0_0_0_01.png
s0030_00931_0_0_1_0_0_01.png,val,1,s0030,0,0,0,0,01,data/raw/mrlEyes_2018_01/s0030/s0030_00931_0_0_1_0_0_01.png
s0007_00046_0_0_0_0_0_01.png,test,0,s0007,0,0,0,0,01,data/raw/mrlEyes_2018_01/s0007/s0007_00046_0_0_0_0_0_01.png
s0036_04038_1_0_1_0_0_01.png,train,1,s0036,1,0,0,0,01,data/raw/mrlEyes_2018_01/s0036/s0036_04038_1_0_1_0_0_01.png
s0010_00205_0_0_0_0_0_01.png,train,0,s0010,0,0,0,0,01,data/raw/mrlEyes_2018_01/s0010/s0010_00205_0_0_0_0_0_01.png
s0036_05337_1_1_1_0_0_01.png,train,1,s0036,1,1,0,0,01,data/raw/mrlEyes_2018_01/s0036/s0036_05337_1_1_1_0_0_01.png
s0006_00208_0_1_0_2_0_01.png,train,0,s0006,0,1,2,0,01,data/raw/mrlEyes_2018_01/s0006/s0006_00208_0_1_0_2_0_01.png
s0016_00788_1_0_0_0_1_01.png,test,0,s0016,1,0,0,1,01,data/raw/mrlEyes_2018_01/s0016/s0016_00788_1_0_0_0_1_01.png
s0031_00980_1_0_1_1_0_02.png,train,1,s0031,1,0,1,0,02,data/raw/mrlEyes_2018_01/s0031/s0031_00980_1_0_1_1_0_02.png
s0005_00729_0_0_1_0_0_01.png,val,1,s0005,0,0,0,0,01,data/raw/mrlEyes_2018_01/s0005/s0005_00729_0_0_1_0_0_01.png
s0011_01571_0_0_1_0_0_01.png,train,1,s0011,0,0,0,0,01,data/raw/mrlEyes_2018_01/s0011/s0011_01571_0_0_1_0_0_01.png
s0027_00656_0_1_1_1_0_01.png,val,1,s0027,0,1,1,0,01,data/raw/mrlEyes_2018_01/s0027/s0027_00656_0_1_1_1_0_01.png
s0029_00175_0_0_0_0_1_01.png,train,0,s0029,0,0,0,1,01,data/raw/mrlEyes_2018_01/s0029/s0029_00175_0_0_0_0_1_01.png
s0003_00364_0_0_0_0_0_01.png,test,0,s0003,0,0,0,0,01,data/raw/mrlEyes_2018_01/s0003/s0003_00364_0_0_0_0_0_01.png
s0019_00788_0_0_0_0_0_01.png,train,0,s0019,0,0,0,0,01,data/raw/mrlEyes_2018_01/s0019/s0019_00788_0_0_0_0_0_01.png
s0023_00051_0_0_0_0_1_01.png,train,0,s0023,0,0,0,1,01,data/raw/mrlEyes_2018_01/s0023/s0023_00051_0_0_0_0_1_01.png
s0023_00256_0_0_1_0_1_01.png,train,1,s0023,0,0,0,1,01,data/raw/mrlEyes_2018_01/s0023/s0023_00256_0_0_1_0_1_01.png
s0033_00603_0_0_1_0_1_01.png,test,1,s0033,0,0,0,1,01,data/raw/mrlEyes_2018_01/s0033/s0033_00603_0_0_1_0_1_01.png
s0015_00804_0_0_1_0_1_01.png,test,1,s0015,0,0,0,1,01,data/raw/mrlEyes_2018_01/s0015/s0015_00804_0_0_1_0_1_01.png
s0016_01840_1_0_1_0_0_01.png,test,1,s0016,1,0,0,0,01,data/raw/mrlEyes_2018_01/s0016/s0016_01840_1_0_1_0_0_01.png
s0030_00091_0_0_0_0_1_01.png,val,0,s0030,0,0,0,1,01,data/raw/mrlEyes_2018_01/s0030/s0030_00091_0_0_0_0_1_01.png
s0034_00356_0_0_1_0_0_02.png,train,1,s0034,0,0,0,0,02,data/raw/mrlEyes_2018_01/s0034/s0034_00356_0_0_1_0_0_02.png
s0007_00423_0_0_0_0_0_01.png,test,0,s0007,0,0,0,0,01,data/raw/mrlEyes_2018_01/s0007/s0007_00423_0_0_0_0_0_01.png
s0031_00211_1_0_0_2_1_02.png,train,0,s0031,1,0,2,1,02,data/raw/mrlEyes_2018_01/s0031/s0031_00211_1_0_0_2_1_02.png
s0013_00891_0_0_0_0_0_01.png,val,0,s0013,0,0,0,0,01,data/raw/mrlEyes_2018_01/s0013/s0013_00891_0_0_0_0_0_01.png
s0012_05646_0_0_1_0_0_03.png,train,1,s0012,0,0,0,0,03,data/raw/mrlEyes_2018_01/s0012/s0012_05646_0_0_1_0_0_03.png
s0002_00844_0_0_0_0_0_01.png,train,0,s0002,0,0,0,0,01,data/raw/mrlEyes_2018_01/s0002/s0002_00844_0_0_0_0_0_01.png
s0030_00276_0_0_0_0_0_01.png,val,0,s0030,0,0,0,0,01,data/raw/mrlEyes_2018_01/s0030/s0030_00276_0_0_0_0_0_01.png
s0012_07544_0_0_1_0_1_01.png,train,1,s0012,0,0,0,1,01,data/raw/mrlEyes_2018_01/s0012/s0012_07544_0_0_1_0_1_01.png
s0032_00058_0_0_0_0_1_02.png,test,0,s0032,0,0,0,1,02,data/raw/mrlEyes_2018_01/s0032/s0032_00058_0_0_0_0_1_02.png
s0025_00031_0_0_0_0_1_01.png,train,0,s0025,0,0,0,1,01,data/raw/mrlEyes_2018_01/s0025/s0025_00031_0_0_0_0_1_01.png
s0011_01627_0_0_1_0_0_01.png,train,1,s0011,0,0,0,0,01,data/raw/mrlEyes_2018_01/s0011/s0011_01627_0_0_1_0_0_01.png
s0001_01789_0_1_0_2_1_01.png,val,0,s0001,0,1,2,1,01,data/raw/mrlEyes_2018_01/s0001/s0001_01789_0_1_0_2_1_01.png
s0022_00031_0_0_0_0_1_01.png,train,0,s0022,0,0,0,1,01,data/raw/mrlEyes_2018_01/s0022/s0022_00031_0_0_0_0_1_01.png
s0031_00175_1_0_0_2_1_02.png,train,0,s0031,1,0,2,1,02,data/raw/mrlEyes_2018_01/s0031/s0031_00175_1_0_0_2_1_02.png
s0037_00804_1_0_0_0_0_01.png,train,0,s0037,1,0,0,0,01,data/raw/mrlEyes_2018_01/s0037/s0037_00804_1_0_0_0_0_01.png
s0026_00413_0_0_1_0_0_01.png,val,1,s0026,0,0,0,0,01,data/raw/mrlEyes_2018_01/s0026/s0026_00413_0_0_1_0_0_01.png
s0002_01020_0_0_1_0_0_01.png,train,1,s0002,0,0,0,0,01,data/raw/mrlEyes_2018_01/s0002/s0002_01020_0_0_1_0_0_01.png
s0023_00023_0_0_0_0_1_01.png,train,0,s0023,0,0,0,1,01,data/raw/mrlEyes_2018_01/s0023/s0023_00023_0_0_0_0_1_01.png
s0031_00401_1_0_1_1_1_02.png,train,1,s0031,1,0,1,1,02,data/raw/mrlEyes_2018_01/s0031/s0031_00401_1_0_1_1_1_02.png
s0003_00416_0_0_0_0_0_01.png,test,0,s0003,0,0,0,0,01,data/raw/mrlEyes_2018_01/s0003/s0003_00416_0_0_0_0_0_01.png
s0025_01104_0_0_1_0_0_01.png,train,1,s0025,0,0,0,0,01,data/raw/mrlEyes_2018_01/s0025/s0025_01104_0_0_1_0_0_01.png
s0025_00574_0_0_1_0_0_01.png,train,1,s0025,0,0,0,0,01,data/raw/mrlEyes_2018_01/s0025/s0025_00574_0_0_1_0_0_01.png
s0014_04115_0_0_1_0_0_01.png,train,1,s0014,0,0,0,0,01,data/raw/mrlEyes_2018_01/s0014/s0014_04115_0_0_1_0_0_01.png
s0011_00646_0_0_0_0_0_01.png,train,0,s0011,0,0,0,0,01,data/raw/mrlEyes_2018_01/s0011/s0011_00646_0_0_0_0_0_01.png
s0025_00576_0_0_1_0_0_01.png,train,1,s0025,0,0,0,0,01,data/raw/mrlEyes_2018_01/s0025/s0025_00576_0_0_1_0_0_01.png
s0021_00818_0_1_1_2_0_01.png,train,1,s0021,0,1,2,0,01,data/raw/mrlEyes_2018_01/s0021/s0021_00818_0_1_1_2_0_01.png
s0015_01116_0_0_1_0_0_01.png,test,1,s0015,0,0,0,0,01,data/raw/mrlEyes_2018_01/s0015/s0015_01116_0_0_1_0_0_01.png
s0035_00199_0_1_1_2_1_02.png,train,1,s0035,0,1,2,1,02,data/raw/mrlEyes_2018_01/s0035/s0035_00199_0_1_1_2_1_02.png
s0017_00628_1_0_0_0_0_01.png,test,0,s0017,1,0,0,0,01,data/raw/mrlEyes_2018_01/s0017/s0017_00628_1_0_0_0_0_01.png
s0027_00208_0_0_1_0_0_01.png,val,1,s0027,0,0,0,0,01,data/raw/mrlEyes_2018_01/s0027/s0027_00208_0_0_1_0_0_01.png
s0020_00413_0_0_1_0_0_01.png,train,1,s0020,0,0,0,0,01,data/raw/mrlEyes_2018_01/s0020/s0020_00413_0_0_1_0_0_01.png
s0025_00033_0_0_0_0_0_01.png,train,0,s0025,0,0,0,0,01,data/raw/mrlEyes_2018_01/s0025/s0025_00033_0_0_0_0_0_01.png
s0026_00385_0_0_0_0_1_01.png,val,0,s0026,0,0,0,1,01,data/raw/mrlEyes_2018_01/s0026/s0026_00385_0_0_0_0_1_01.png
s0004_00603_0_0_0_0_0_01.png,val,0,s0004,0,0,0,0,01,data/raw/mrlEyes_2018_01/s0004/s0004_00603_0_0_0_0_0_01.png
s0021_00238_0_0_1_0_0_01.png,train,1,s0021,0,0,0,0,01,data/raw/mrlEyes_2018_01/s0021/s0021_00238_0_0_1_0_0_01.png
s0029_00861_0_0_1_0_1_01.png,train,1,s0029,0,0,0,1,01,data/raw/mrlEyes_2018_01/s0029/s0029_00861_0_0_1_0_1_01.png
s0032_01164_0_1_1_2_1_02.png,test,1,s0032,0,1,2,1,02,data/raw/mrlEyes_2018_01/s0032/s0032_01164_0_1_1_2_1_02.png
s0017_01551_1_0_1_0_0_01.png,test,1,s0017,1,0,0,0,01,data/raw/mrlEyes_2018_01/s0017/s0017_01551_1_0_1_0_0_01.png
s0010_00388_0_0_1_0_0_01.png,train,1,s0010,0,0,0,0,01,data/raw/mrlEyes_2018_01/s0010/s0010_00388_0_0_1_0_0_01.png
s0003_00645_0_0_1_0_0_01.png,test,1,s0003,0,0,0,0,01,data/raw/mrlEyes_2018_01/s0003/s0003_00645_0_0_1_0_0_01.png
s0002_01111_0_0_1_0_0_01.png,train,1,s0002,0,0,0,0,01,data/raw/mrlEyes_2018_01/s0002/s0002_01111_0_0_1_0_0_01.png
s0031_01199_1_0_1_2_1_02.png,train,1,s0031,1,0,2,1,02,data/raw/mrlEyes_2018_01/s0031/s0031_01199_1_0_1_2_1_02.png
s0015_00228_0_0_0_0_1_01.png,test,0,s0015,0,0,0,1,01,data/raw/mrlEyes_2018_01/s0015/s0015_00228_0_0_0_0_1_01.png
s0026_00160_0_0_0_0_0_01.png,val,0,s0026,0,0,0,0,01,data/raw/mrlEyes_2018_01/s0026/s0026_00160_0_0_0_0_0_01.png
s0037_06625_1_0_1_0_0_01.png,train,1,s0037,1,0,0,0,01,data/raw/mrlEyes_2018_01/s0037/s0037_06625_1_0_1_0_0_01.png
s0025_00258_0_0_1_0_0_01.png,train,1,s0025,0,0,0,0,01,data/raw/mrlEyes_2018_01/s0025/s0025_00258_0_0_1_0_0_01.png
s0015_00532_0_0_0_0_1_01.png,test,0,s0015,0,0,0,1,01,data/raw/mrlEyes_2018_01/s0015/s0015_00532_0_0_0_0_1_01.png
s0012_00621_0_0_0_0_1_01.png,train,0,s0012,0,0,0,1,01,data/raw/mrlEyes_2018_01/s0012/s0012_00621_0_0_0_0_1_01.png
s0009_00379_0_0_1_0_0_01.png,test,1,s0009,0,0,0,0,01,data/raw/mrlEyes_2018_01/s0009/s0009_00379_0_0_1_0_0_01.png
s0011_01607_0_0_1_0_0_01.png,train,1,s0011,0,0,0,0,01,data/raw/mrlEyes_2018_01/s0011/s0011_01607_0_0_1_0_0_01.png
s0008_00502_0_1_0_0_0_01.png,train,0,s0008,0,1,0,0,01,data/raw/mrlEyes_2018_01/s0008/s0008_00502_0_1_0_0_0_01.png
s0024_00304_0_0_1_0_0_01.png,train,1,s0024,0,0,0,0,01,data/raw/mrlEyes_2018_01/s0024/s0024_00304_0_0_1_0_0_01.png
s0006_00076_0_1_0_1_0_01.png,train,0,s0006,0,1,1,0,01,data/raw/mrlEyes_2018_01/s0006/s0006_00076_0_1_0_1_0_01.png
s0033_00064_0_0_0_0_0_01.png,test,0,s0033,0,0,0,0,01,data/raw/mrlEyes_2018_01/s0033/s0033_00064_0_0_0_0_0_01.png
s0033_00081_0_0_0_0_1_01.png,test,0,s0033,0,0,0,1,01,data/raw/mrlEyes_2018_01/s0033/s0033_00081_0_0_0_0_1_01.png
s0008_00276_0_1_0_0_0_01.png,train,0,s0008,0,1,0,0,01,data/raw/mrlEyes_2018_01/s0008/s0008_00276_0_1_0_0_0_01.png
s0008_00732_0_1_0_0_0_01.png,train,0,s0008,0,1,0,0,01,data/raw/mrlEyes_2018_01/s0008/s0008_00732_0_1_0_0_0_01.png
s0034_00602_0_0_1_0_0_02.png,train,1,s0034,0,0,0,0,02,data/raw/mrlEyes_2018_01/s0034/s0034_00602_0_0_1_0_0_02.png
s0012_08446_0_0_1_1_0_02.png,train,1,s0012,0,0,1,0,02,data/raw/mrlEyes_2018_01/s0012/s0012_08446_0_0_1_1_0_02.png
s0009_00206_0_0_0_0_0_01.png,test,0,s0009,0,0,0,0,01,data/raw/mrlEyes_2018_01/s0009/s0009_00206_0_0_0_0_0_01.png
s0001_00775_0_0_0_0_0_01.png,val,0,s0001,0,0,0,0,01,data/raw/mrlEyes_2018_01/s0001/s0001_00775_0_0_0_0_0_01.png
s0005_00311_0_0_0_0_0_01.png,val,0,s0005,0,0,0,0,01,data/raw/mrlEyes_2018_01/s0005/s0005_00311_0_0_0_0_0_01.png
s0027_00309_0_0_1_0_0_01.png,val,1,s0027,0,0,0,0,01,data/raw/mrlEyes_2018_01/s0027/s0027_00309_0_0_1_0_0_01.png
s0031_00891_1_0_1_0_1_02.png,train,1,s0031,1,0,0,1,02,data/raw/mrlEyes_2018_01/s0031/s0031_00891_1_0_1_0_1_02.png
s0003_00626_0_0_1_0_0_01.png,test,1,s0003,0,0,0,0,01,data/raw/mrlEyes_2018_01/s0003/s0003_00626_0_0_1_0_0_01.png
s0008_00516_0_1_0_1_0_01.png,train,0,s0008,0,1,1,0,01,data/raw/mrlEyes_2018_01/s0008/s0008_00516_0_1_0_1_0_01.png
s0029_00164_0_0_0_0_1_01.png,train,0,s0029,0,0,0,1,01,data/raw/mrlEyes_2018_01/s0029/s0029_00164_0_0_0_0_1_01.png
s0033_00036_0_0_0_0_1_01.png,test,0,s0033,0,0,0,1,01,data/raw/mrlEyes_2018_01/s0033/s0033_00036_0_0_0_0_1_01.png
s0032_00056_0_0_0_0_1_02.png,test,0,s0032,0,0,0,1,02,data/raw/mrlEyes_2018_01/s0032/s0032_00056_0_0_0_0_1_02.png
s0009_00021_0_0_0_0_0_01.png,test,0,s0009,0,0,0,0,01,data/raw/mrlEyes_2018_01/s0009/s0009_00021_0_0_0_0_0_01.png
s0021_00070_0_1_0_0_0_01.png,train,0,s0021,0,1,0,0,01,data/raw/mrlEyes_2018_01/s0021/s0021_00070_0_1_0_0_0_01.png
s0037_03904_1_1_0_1_1_01.png,train,0,s0037,1,1,1,1,01,data/raw/mrlEyes_2018_01/s0037/s0037_03904_1_1_0_1_1_01.png
s0022_00061_0_1_0_0_1_01.png,train,0,s0022,0,1,0,1,01,data/raw/mrlEyes_2018_01/s0022/s0022_00061_0_1_0_0_1_01.png
s0036_05525_1_1_1_2_0_01.png,train,1,s0036,1,1,2,0,01,data/raw/mrlEyes_2018_01/s0036/s0036_05525_1_1_1_2_0_01.png
s0032_00108_0_0_0_2_1_02.png,test,0,s0032,0,0,2,1,02,data/raw/mrlEyes_2018_01/s0032/s0032_00108_0_0_0_2_1_02.png
s0014_06729_0_1_1_0_0_01.png,train,1,s0014,0,1,0,0,01,data/raw/mrlEyes_2018_01/s0014/s0014_06729_0_1_1_0_0_01.png
s0021_00014_0_0_0_0_1_01.png,train,0,s0021,0,0,0,1,01,data/raw/mrlEyes_2018_01/s0021/s0021_00014_0_0_0_0_1_01.png
s0003_00657_0_0_1_0_0_01.png,test,1,s0003,0,0,0,0,01,data/raw/mrlEyes_2018_01/s0003/s0003_00657_0_0_1_0_0_01.png
s0031_01698_1_0_1_1_1_02.png,train,1,s0031,1,0,1,1,02,data/raw/mrlEyes_2018_01/s0031/s0031_01698_1_0_1_1_1_02.png
s0017_01363_1_0_1_0_0_01.png,test,1,s0017,1,0,0,0,01,data/raw/mrlEyes_2018_01/s0017/s0017_01363_1_0_1_0_0_01.png
s0004_00115_0_0_0_0_0_01.png,val,0,s0004,0,0,0,0,01,data/raw/mrlEyes_2018_01/s0004/s0004_00115_0_0_0_0_0_01.png
s0028_00712_0_1_1_0_0_01.png,train,1,s0028,0,1,0,0,01,data/raw/mrlEyes_2018_01/s0028/s0028_00712_0_1_1_0_0_01.png
s0025_00126_0_0_0_0_1_01.png,train,0,s0025,0,0,0,1,01,data/raw/mrlEyes_2018_01/s0025/s0025_00126_0_0_0_0_1_01.png
s0029_00055_0_0_0_0_0_01.png,train,0,s0029,0,0,0,0,01,data/raw/mrlEyes_2018_01/s0029/s0029_00055_0_0_0_0_0_01.png
s0015_01132_0_0_1_0_1_01.png,test,1,s0015,0,0,0,1,01,data/raw/mrlEyes_2018_01/s0015/s0015_01132_0_0_1_0_1_01.png
s0026_01064_0_0_1_0_1_01.png,val,1,s0026,0,0,0,1,01,data/raw/mrlEyes_2018_01/s0026/s0026_01064_0_0_1_0_1_01.png
s0018_04290_0_1_1_2_0_01.png,train,1,s0018,0,1,2,0,01,data/raw/mrlEyes_2018_01/s0018/s0018_04290_0_1_1_2_0_01.png
s0015_00989_0_0_1_0_1_01.png,test,1,s0015,0,0,0,1,01,data/raw/mrlEyes_2018_01/s0015/s0015_00989_0_0_1_0_1_01.png
s0029_00505_0_0_1_0_1_01.png,train,1,s0029,0,0,0,1,01,data/raw/mrlEyes_2018_01/s0029/s0029_00505_0_0_1_0_1_01.png
s0036_02349_1_0_1_0_0_01.png,train,1,s0036,1,0,0,0,01,data/raw/mrlEyes_2018_01/s0036/s0036_02349_1_0_1_0_0_01.png
s0010_00397_0_0_1_0_0_01.png,train,1,s0010,0,0,0,0,01,data/raw/mrlEyes_2018_01/s0010/s0010_00397_0_0_1_0_0_01.png
s0011_01381_0_0_0_0_0_01.png,train,0,s0011,0,0,0,0,01,data/raw/mrlEyes_2018_01/s0011/s0011_01381_0_0_0_0_0_01.png
s0021_00778_0_1_1_2_0_01.png,train,1,s0021,0,1,2,0,01,data/raw/mrlEyes_2018_01/s0021/s0021_00778_0_1_1_2_0_01.png
s0036_02953_1_0_1_0_0_01.png,train,1,s0036,1,0,0,0,01,data/raw/mrlEyes_2018_01/s0036/s0036_02953_1_0_1_0_0_01.png
s0034_00010_0_0_0_0_0_02.png,train,0,s0034,0,0,0,0,02,data/raw/mrlEyes_2018_01/s0034/s0034_00010_0_0_0_0_0_02.png
s0035_00097_0_1_1_0_0_02.png,train,1,s0035,0,1,0,0,02,data/raw/mrlEyes_2018_01/s0035/s0035_00097_0_1_1_0_0_02.png
s0013_00688_0_0_0_0_0_01.png,val,0,s0013,0,0,0,0,01,data/raw/mrlEyes_2018_01/s0013/s0013_00688_0_0_0_0_0_01.png
s0002_01052_0_0_1_0_0_01.png,train,1,s0002,0,0,0,0,01,data/raw/mrlEyes_2018_01/s0002/s0002_01052_0_0_1_0_0_01.png
s0018_00004_0_0_0_0_1_01.png,train,0,s0018,0,0,0,1,01,data/raw/mrlEyes_2018_01/s0018/s0018_00004_0_0_0_0_1_01.png
s0026_00786_0_0_1_0_0_01.png,val,1,s0026,0,0,0,0,01,data/raw/mrlEyes_2018_01/s0026/s0026_00786_0_0_1_0_0_01.png
s0003_00565_0_0_1_0_0_01.png,test,1,s0003,0,0,0,0,01,data/raw/mrlEyes_2018_01/s0003/s0003_00565_0_0_1_0_0_01.png
s0019_01595_0_0_0_0_0_01.png,train,0,s0019,0,0,0,0,01,data/raw/mrlEyes_2018_01/s0019/s0019_01595_0_0_0_0_0_01.png
s0014_05518_0_0_1_0_0_01.png,train,1,s0014,0,0,0,0,01,data/raw/mrlEyes_2018_01/s0014/s0014_05518_0_0_1_0_0_01.png
s0030_00927_0_0_1_0_0_01.png,val,1,s0030,0,0,0,0,01,data/raw/mrlEyes_2018_01/s0030/s0030_00927_0_0_1_0_0_01.png
s0009_00145_0_0_0_0_0_01.png,test,0,s0009,0,0,0,0,01,data/raw/mrlEyes_2018_01/s0009/s0009_00145_0_0_0_0_0_01.png
s0014_05658_0_0_1_0_0_01.png,train,1,s0014,0,0,0,0,01,data/raw/mrlEyes_2018_01/s0014/s0014_05658_0_0_1_0_0_01.png
s0029_00193_0_0_1_0_1_01.png,train,1,s0029,0,0,0,1,01,data/raw/mrlEyes_2018_01/s0029/s0029_00193_0_0_1_0_1_01.png
s0028_00696_0_1_1_0_0_01.png,train,1,s0028,0,1,0,0,01,data/raw/mrlEyes_2018_01/s0028/s0028_00696_0_1_1_0_0_01.png
s0016_00726_1_0_0_0_1_01.png,test,0,s0016,1,0,0,1,01,data/raw/mrlEyes_2018_01/s0016/s0016_00726_1_0_0_0_1_01.png
s0029_01023_0_0_1_0_1_01.png,train,1,s0029,0,0,0,1,01,data/raw/mrlEyes_2018_01/s0029/s0029_01023_0_0_1_0_1_01.png
s0020_00555_0_0_1_0_0_01.png,train,1,s0020,0,0,0,0,01,data/raw/mrlEyes_2018_01/s0020/s0020_00555_0_0_1_0_0_01.png
s0032_00057_0_0_0_0_1_02.png,test,0,s0032,0,0,0,1,02,data/raw/mrlEyes_2018_01/s0032/s0032_00057_0_0_0_0_1_02.png
s0005_00344_0_0_0_0_0_01.png,val,0,s0005,0,0,0,0,01,data/raw/mrlEyes_2018_01/s0005/s0005_00344_0_0_0_0_0_01.png
s0024_00064_0_0_0_0_0_01.png,train,0,s0024,0,0,0,0,01,data/raw/mrlEyes_2018_01/s0024/s0024_00064_0_0_0_0_0_01.png
s0004_00804_0_0_0_0_0_01.png,val,0,s0004,0,0,0,0,01,data/raw/mrlEyes_2018_01/s0004/s0004_00804_0_0_0_0_0_01.png
s0011_00548_0_0_0_0_0_01.png,train,0,s0011,0,0,0,0,01,data/raw/mrlEyes_2018_01/s0011/s0011_00548_0_0_0_0_0_01.png
s0019_02625_0_0_0_0_0_01.png,train,0,s0019,0,0,0,0,01,data/raw/mrlEyes_2018_01/s0019/s0019_02625_0_0_0_0_0_01.png
s0001_02098_0_0_1_0_0_01.png,val,1,s0001,0,0,0,0,01,data/raw/mrlEyes_2018_01/s0001/s0001_02098_0_0_1_0_0_01.png
s0026_00137_0_0_0_0_0_01.png,val,0,s0026,0,0,0,0,01,data/raw/mrlEyes_2018_01/s0026/s0026_00137_0_0_0_0_0_01.png
s0014_00100_0_0_0_0_0_01.png,train,0,s0014,0,0,0,0,01,data/raw/mrlEyes_2018_01/s0014/s0014_00100_0_0_0_0_0_01.png
s0002_01059_0_0_1_0_0_01.png,train,1,s0002,0,0,0,0,01,data/raw/mrlEyes_2018_01/s0002/s0002_01059_0_0_1_0_0_01.png
s0003_00007_0_0_0_0_0_01.png,test,0,s0003,0,0,0,0,01,data/raw/mrlEyes_2018_01/s0003/s0003_00007_0_0_0_0_0_01.png
s0021_00029_0_0_0_0_0_01.png,train,0,s0021,0,0,0,0,01,data/raw/mrlEyes_2018_01/s0021/s0021_00029_0_0_0_0_0_01.png
s0012_06565_0_0_1_0_1_01.png,train,1,s0012,0,0,0,1,01,data/raw/mrlEyes_2018_01/s0012/s0012_06565_0_0_1_0_1_01.png
s0010_00243_0_0_0_0_0_01.png,train,0,s0010,0,0,0,0,01,data/raw/mrlEyes_2018_01/s0010/s0010_00243_0_0_0_0_0_01.png
s0027_00571_0_1_1_0_0_01.png,val,1,s0027,0,1,0,0,01,data/raw/mrlEyes_2018_01/s0027/s0027_00571_0_1_1_0_0_01.png
s0015_00078_0_0_0_0_1_01.png,test,0,s0015,0,0,0,1,01,data/raw/mrlEyes_2018_01/s0015/s0015_00078_0_0_0_0_1_01.png
s0002_00810_0_0_0_0_0_01.png,train,0,s0002,0,0,0,0,01,data/raw/mrlEyes_2018_01/s0002/s0002_00810_0_0_0_0_0_01.png
s0001_01733_0_1_0_2_0_01.png,val,0,s0001,0,1,2,0,01,data/raw/mrlEyes_2018_01/s0001/s0001_01733_0_1_0_2_0_01.png
s0015_00302_0_0_0_0_1_01.png,test,0,s0015,0,0,0,1,01,data/raw/mrlEyes_2018_01/s0015/s0015_00302_0_0_0_0_1_01.png
s0017_00694_1_0_0_0_1_01.png,test,0,s0017,1,0,0,1,01,data/raw/mrlEyes_2018_01/s0017/s0017_00694_1_0_0_0_1_01.png
s0021_00037_0_0_0_0_0_01.png,train,0,s0021,0,0,0,0,01,data/raw/mrlEyes_2018_01/s0021/s0021_00037_0_0_0_0_0_01.png
s0011_00930_0_0_0_0_0_01.png,train,0,s0011,0,0,0,0,01,data/raw/mrlEyes_2018_01/s0011/s0011_00930_0_0_0_0_0_01.png
s0020_00565_0_0_1_0_0_01.png,train,1,s0020,0,0,0,0,01,data/raw/mrlEyes_2018_01/s0020/s0020_00565_0_0_1_0_0_01.png
s0021_00476_0_1_1_2_0_01.png,train,1,s0021,0,1,2,0,01,data/raw/mrlEyes_2018_01/s0021/s0021_00476_0_1_1_2_0_01.png
s0019_04943_0_0_1_0_0_01.png,train,1,s0019,0,0,0,0,01,data/raw/mrlEyes_2018_01/s0019/s0019_04943_0_0_1_0_0_01.png
s0033_00175_0_0_1_0_1_01.png,test,1,s0033,0,0,0,1,01,data/raw/mrlEyes_2018_01/s0033/s0033_00175_0_0_1_0_1_01.png
s0037_00196_1_0_0_0_1_01.png,train,0,s0037,1,0,0,1,01,data/raw/mrlEyes_2018_01/s0037/s0037_00196_1_0_0_0_1_01.png
s0011_00535_0_0_0_0_0_01.png,train,0,s0011,0,0,0,0,01,data/raw/mrlEyes_2018_01/s0011/s0011_00535_0_0_0_0_0_01.png
s0036_00396_1_0_0_0_0_01.png,train,0,s0036,1,0,0,0,01,data/raw/mrlEyes_2018_01/s0036/s0036_00396_1_0_0_0_0_01.png
s0014_00514_0_0_0_0_0_01.png,train,0,s0014,0,0,0,0,01,data/raw/mrlEyes_2018_01/s0014/s0014_00514_0_0_0_0_0_01.png
s0027_00351_0_0_1_0_1_01.png,val,1,s0027,0,0,0,1,01,data/raw/mrlEyes_2018_01/s0027/s0027_00351_0_0_1_0_1_01.png
s0019_05675_0_0_1_0_0_01.png,train,1,s0019,0,0,0,0,01,data/raw/mrlEyes_2018_01/s0019/s0019_05675_0_0_1_0_0_01.png
s0030_00414_0_0_1_0_1_01.png,val,1,s0030,0,0,0,1,01,data/raw/mrlEyes_2018_01/s0030/s0030_00414_0_0_1_0_1_01.png
s0012_03200_0_1_0_0_0_01.png,train,0,s0012,0,1,0,0,01,data/raw/mrlEyes_2018_01/s0012/s0012_03200_0_1_0_0_0_01.png
s0014_07593_0_0_1_2_1_02.png,train,1,s0014,0,0,2,1,02,data/raw/mrlEyes_2018_01/s0014/s0014_07593_0_0_1_2_1_02.png
s0022_00117_0_1_0_2_1_01.png,train,0,s0022,0,1,2,1,01,data/raw/mrlEyes_2018_01/s0022/s0022_00117_0_1_0_2_1_01.png
s0011_01541_0_0_1_0_0_01.png,train,1,s0011,0,0,0,0,01,data/raw/mrlEyes_2018_01/s0011/s0011_01541_0_0_1_0_0_01.png
s0016_01887_1_0_1_0_0_01.png,test,1,s0016,1,0,0,0,01,data/raw/mrlEyes_2018_01/s0016/s0016_01887_1_0_1_0_0_01.png
s0002_00635_0_0_0_0_0_01.png,train,0,s0002,0,0,0,0,01,data/raw/mrlEyes_2018_01/s0002/s0002_00635_0_0_0_0_0_01.png
s0019_04085_0_0_1_0_0_01.png,train,1,s0019,0,0,0,0,01,data/raw/mrlEyes_2018_01/s0019/s0019_04085_0_0_1_0_0_01.png
s0007_00375_0_0_0_0_0_01.png,test,0,s0007,0,0,0,0,01,data/raw/mrlEyes_2018_01/s0007/s0007_00375_0_0_0_0_0_01.png
s0011_01468_0_0_0_0_0_01.png,train,0,s0011,0,0,0,0,01,data/raw/mrlEyes_2018_01/s0011/s0011_01468_0_0_0_0_0_01.png
s0016_01811_1_0_1_0_0_01.png,test,1,s0016,1,0,0,0,01,data/raw/mrlEyes_2018_01/s0016/s0016_01811_1_0_1_0_0_01.png
s0018_00535_0_0_0_0_1_01.png,train,0,s0018,0,0,0,1,01,data/raw/mrlEyes_2018_01/s0018/s0018_00535_0_0_0_0_1_01.png
s0001_03073_0_1_1_2_0_01.png,val,1,s0001,0,1,2,0,01,data/raw/mrlEyes_2018_01/s0001/s0001_03073_0_1_1_2_0_01.png
s0017_01548_1_0_1_0_0_01.png,test,1,s0017,1,0,0,0,01,data/raw/mrlEyes_2018_01/s0017/s0017_01548_1_0_1_0_0_01.png
s0022_00223_0_0_1_0_1_01.png,train,1,s0022,0,0,0,1,01,data/raw/mrlEyes_2018_01/s0022/s0022_00223_0_0_1_0_1_01.png
s0010_00348_0_0_1_0_0_01.png,train,1,s0010,0,0,0,0,01,data/raw/mrlEyes_2018_01/s0010/s0010_00348_0_0_1_0_0_01.png
s0031_00031_1_0_0_0_1_02.png,train,0,s0031,1,0,0,1,02,data/raw/mrlEyes_2018_01/s0031/s0031_00031_1_0_0_0_1_02.png
s0030_01166_0_0_1_0_0_01.png,val,1,s0030,0,0,0,0,01,data/raw/mrlEyes_2018_01/s0030/s0030_01166_0_0_1_0_0_01.png
s0037_02353_1_0_0_0_1_01.png,train,0,s0037,1,0,0,1,01,data/raw/mrlEyes_2018_01/s0037/s0037_02353_1_0_0_0_1_01.png
s0013_00281_0_0_0_0_0_01.png,val,0,s0013,0,0,0,0,01,data/raw/mrlEyes_2018_01/s0013/s0013_00281_0_0_0_0_0_01.png
s0034_00671_0_0_1_0_0_02.png,train,1,s0034,0,0,0,0,02,data/raw/mrlEyes_2018_01/s0034/s0034_00671_0_0_1_0_0_02.png
s0005_00558_0_0_0_0_0_01.png,val,0,s0005,0,0,0,0,01,data/raw/mrlEyes_2018_01/s0005/s0005_00558_0_0_0_0_0_01.png
s0026_00242_0_0_0_0_1_01.png,val,0,s0026,0,0,0,1,01,data/raw/mrlEyes_2018_01/s0026/s0026_00242_0_0_0_0_1_01.png
s0021_00120_0_1_0_0_0_01.png,train,0,s0021,0,1,0,0,01,data/raw/mrlEyes_2018_01/s0021/s0021_00120_0_1_0_0_0_01.png
s0005_00542_0_0_0_0_1_01.png,val,0,s0005,0,0,0,1,01,data/raw/mrlEyes_2018_01/s0005/s0005_00542_0_0_0_0_1_01.png
s0021_00507_0_1_1_2_0_01.png,train,1,s0021,0,1,2,0,01,data/raw/mrlEyes_2018_01/s0021/s0021_00507_0_1_1_2_0_01.png
s0013_00940_0_0_0_0_0_01.png,val,0,s0013,0,0,0,0,01,data/raw/mrlEyes_2018_01/s0013/s0013_00940_0_0_0_0_0_01.png
s0034_00303_0_0_1_0_0_02.png,train,1,s0034,0,0,0,0,02,data/raw/mrlEyes_2018_01/s0034/s0034_00303_0_0_1_0_0_02.png
s0020_00020_0_0_0_0_1_01.png,train,0,s0020,0,0,0,1,01,data/raw/mrlEyes_2018_01/s0020/s0020_00020_0_0_0_0_1_01.png
s0014_08127_0_0_1_1_0_02.png,train,1,s0014,0,0,1,0,02,data/raw/mrlEyes_2018_01/s0014/s0014_08127_0_0_1_1_0_02.png
s0013_03173_0_0_1_0_0_01.png,val,1,s0013,0,0,0,0,01,data/raw/mrlEyes_2018_01/s0013/s0013_03173_0_0_1_0_0_01.png
s0021_00110_0_1_0_0_0_01.png,train,0,s0021,0,1,0,0,01,data/raw/mrlEyes_2018_01/s0021/s0021_00110_0_1_0_0_0_01.png
s0029_00550_0_0_1_0_1_01.png,train,1,s0029,0,0,0,1,01,data/raw/mrlEyes_2018_01/s0029/s0029_00550_0_0_1_0_1_01.png
s0022_00200_0_0_1_0_1_01.png,train,1,s0022,0,0,0,1,01,data/raw/mrlEyes_2018_01/s0022/s0022_00200_0_0_1_0_1_01.png
s0034_00099_0_0_0_0_0_02.png,train,0,s0034,0,0,0,0,02,data/raw/mrlEyes_2018_01/s0034/s0034_00099_0_0_0_0_0_02.png
s0001_03226_0_1_1_2_0_01.png,val,1,s0001,0,1,2,0,01,data/raw/mrlEyes_2018_01/s0001/s0001_03226_0_1_1_2_0_01.png
s0037_07437_1_0_1_0_0_01.png,train,1,s0037,1,0,0,0,01,data/raw/mrlEyes_2018_01/s0037/s0037_07437_1_0_1_0_0_01.png
s0014_03094_0_1_0_0_0_01.png,train,0,s0014,0,1,0,0,01,data/raw/mrlEyes_2018_01/s0014/s0014_03094_0_1_0_0_0_01.png
s0011_01553_0_0_1_0_0_01.png,train,1,s0011,0,0,0,0,01,data/raw/mrlEyes_2018_01/s0011/s0011_01553_0_0_1_0_0_01.png
s0023_00131_0_0_1_0_1_01.png,train,1,s0023,0,0,0,1,01,data/raw/mrlEyes_2018_01/s0023/s0023_00131_0_0_1_0_1_01.png
s0002_00597_0_0_0_0_0_01.png,train,0,s0002,0,0,0,0,01,data/raw/mrlEyes_2018_01/s0002/s0002_00597_0_0_0_0_0_01.png
s0009_00115_0_0_0_0_0_01.png,test,0,s0009,0,0,0,0,01,data/raw/mrlEyes_2018_01/s0009/s0009_00115_0_0_0_0_0_01.png
s0032_01793_0_1_1_2_1_02.png,test,1,s0032,0,1,2,1,02,data/raw/mrlEyes_2018_01/s0032/s0032_01793_0_1_1_2_1_02.png
s0014_06381_0_1_1_1_1_01.png,train,1,s0014,0,1,1,1,01,data/raw/mrlEyes_2018_01/s0014/s0014_06381_0_1_1_1_1_01.png
s0033_00369_0_0_1_0_1_01.png,test,1,s0033,0,0,0,1,01,data/raw/mrlEyes_2018_01/s0033/s0033_00369_0_0_1_0_1_01.png
s0031_00220_1_0_0_0_1_02.png,train,0,s0031,1,0,0,1,02,data/raw/mrlEyes_2018_01/s0031/s0031_00220_1_0_0_0_1_02.png
s0010_00387_0_0_1_0_0_01.png,train,1,s0010,0,0,0,0,01,data/raw/mrlEyes_2018_01/s0010/s0010_00387_0_0_1_0_0_01.png
s0037_03010_1_0_0_0_1_01.png,train,0,s0037,1,0,0,1,01,data/raw/mrlEyes_2018_01/s0037/s0037_03010_1_0_0_0_1_01.png
s0023_00129_0_0_1_0_1_01.png,train,1,s0023,0,0,0,1,01,data/raw/mrlEyes_2018_01/s0023/s0023_00129_0_0_1_0_1_01.png
s0025_00057_0_0_0_0_0_01.png,train,0,s0025,0,0,0,0,01,data/raw/mrlEyes_2018_01/s0025/s0025_00057_0_0_0_0_0_01.png
s0014_05913_0_0_1_0_1_01.png,train,1,s0014,0,0,0,1,01,data/raw/mrlEyes_2018_01/s0014/s0014_05913_0_0_1_0_1_01.png
s0037_02969_1_0_0_0_0_01.png,train,0,s0037,1,0,0,0,01,data/raw/mrlEyes_2018_01/s0037/s0037_02969_1_0_0_0_0_01.png
s0024_00377_0_0_1_0_0_01.png,train,1,s0024,0,0,0,0,01,data/raw/mrlEyes_2018_01/s0024/s0024_00377_0_0_1_0_0_01.png
s0015_00881_0_0_1_0_1_01.png,test,1,s0015,0,0,0,1,01,data/raw/mrlEyes_2018_01/s0015/s0015_00881_0_0_1_0_1_01.png
s0029_00050_0_0_0_0_1_01.png,train,0,s0029,0,0,0,1,01,data/raw/mrlEyes_2018_01/s0029/s0029_00050_0_0_0_0_1_01.png
s0022_00204_0_0_1_0_1_01.png,train,1,s0022,0,0,0,1,01,data/raw/mrlEyes_2018_01/s0022/s0022_00204_0_0_1_0_1_01.png
s0026_00069_0_0_0_0_0_01.png,val,0,s0026,0,0,0,0,01,data/raw/mrlEyes_2018_01/s0026/s0026_00069_0_0_0_0_0_01.png
s0022_00024_0_0_0_0_1_01.png,train,0,s0022,0,0,0,1,01,data/raw/mrlEyes_2018_01/s0022/s0022_00024_0_0_0_0_1_01.png
s0022_00106_0_1_0_2_1_01.png,train,0,s0022,0,1,2,1,01,data/raw/mrlEyes_2018_01/s0022/s0022_00106_0_1_0_2_1_01.png
s0014_03161_0_1_0_0_0_01.png,train,0,s0014,0,1,0,0,01,data/raw/mrlEyes_2018_01/s0014/s0014_03161_0_1_0_0_0_01.png
s0029_00017_0_0_0_0_1_01.png,train,0,s0029,0,0,0,1,01,data/raw/mrlEyes_2018_01/s0029/s0029_00017_0_0_0_0_1_01.png
s0023_00442_0_0_1_0_1_01.png,train,1,s0023,0,0,0,1,01,data/raw/mrlEyes_2018_01/s0023/s0023_00442_0_0_1_0_1_01.png
s0006_00054_0_1_0_2_0_01.png,train,0,s0006,0,1,2,0,01,data/raw/mrlEyes_2018_01/s0006/s0006_00054_0_1_0_2_0_01.png
s0004_00295_0_0_0_0_0_01.png,val,0,s0004,0,0,0,0,01,data/raw/mrlEyes_2018_01/s0004/s0004_00295_0_0_0_0_0_01.png
s0018_04395_0_1_1_2_0_01.png,train,1,s0018,0,1,2,0,01,data/raw/mrlEyes_2018_01/s0018/s0018_04395_0_1_1_2_0_01.png
s0026_00749_0_0_1_0_0_01.png,val,1,s0026,0,0,0,0,01,data/raw/mrlEyes_2018_01/s0026/s0026_00749_0_0_1_0_0_01.png
s0024_00058_0_0_0_0_0_01.png,train,0,s0024,0,0,0,0,01,data/raw/mrlEyes_2018_01/s0024/s0024_00058_0_0_0_0_0_01.png
s0027_00426_0_1_1_2_0_01.png,val,1,s0027,0,1,2,0,01,data/raw/mrlEyes_2018_01/s0027/s0027_00426_0_1_1_2_0_01.png
s0033_00244_0_0_1_0_1_01.png,test,1,s0033,0,0,0,1,01,data/raw/mrlEyes_2018_01/s0033/s0033_00244_0_0_1_0_1_01.png
s0011_01517_0_0_1_0_0_01.png,train,1,s0011,0,0,0,0,01,data/raw/mrlEyes_2018_01/s0011/s0011_01517_0_0_1_0_0_01.png
s0036_01261_1_1_0_0_0_01.png,train,0,s0036,1,1,0,0,01,data/raw/mrlEyes_2018_01/s0036/s0036_01261_1_1_0_0_0_01.png
s0036_01328_1_1_0_0_0_01.png,train,0,s0036,1,1,0,0,01,data/raw/mrlEyes_2018_01/s0036/s0036_01328_1_1_0_0_0_01.png
s0022_00124_0_1_0_2_1_01.png,train,0,s0022,0,1,2,1,01,data/raw/mrlEyes_2018_01/s0022/s0022_00124_0_1_0_2_1_01.png
s0030_01059_0_0_1_0_1_01.png,val,1,s0030,0,0,0,1,01,data/raw/mrlEyes_2018_01/s0030/s0030_01059_0_0_1_0_1_01.png
s0018_04026_0_0_1_0_1_01.png,train,1,s0018,0,0,0,1,01,data/raw/mrlEyes_2018_01/s0018/s0018_04026_0_0_1_0_1_01.png
s0019_04234_0_0_1_0_0_01.png,train,1,s0019,0,0,0,0,01,data/raw/mrlEyes_2018_01/s0019/s0019_04234_0_0_1_0_0_01.png
s0009_00059_0_0_0_0_0_01.png,test,0,s0009,0,0,0,0,01,data/raw/mrlEyes_2018_01/s0009/s0009_00059_0_0_0_0_0_01.png
s0036_01932_1_1_0_0_0_01.png,train,0,s0036,1,1,0,0,01,data/raw/mrlEyes_2018_01/s0036/s0036_01932_1_1_0_0_0_01.png
s0001_02621_0_1_1_2_0_01.png,val,1,s0001,0,1,2,0,01,data/raw/mrlEyes_2018_01/s0001/s0001_02621_0_1_1_2_0_01.png
s0024_00275_0_0_1_0_0_01.png,train,1,s0024,0,0,0,0,01,data/raw/mrlEyes_2018_01/s0024/s0024_00275_0_0_1_0_0_01.png
s0029_00220_0_0_1_0_1_01.png,train,1,s0029,0,0,0,1,01,data/raw/mrlEyes_2018_01/s0029/s0029_00220_0_0_1_0_1_01.png
s0018_04275_0_1_1_2_1_01.png,train,1,s0018,0,1,2,1,01,data/raw/mrlEyes_2018_01/s0018/s0018_04275_0_1_1_2_1_01.png
s0036_00352_1_0_0_0_0_01.png,train,0,s0036,1,0,0,0,01,data/raw/mrlEyes_2018_01/s0036/s0036_00352_1_0_0_0_0_01.png
s0014_07677_0_0_1_1_1_02.png,train,1,s0014,0,0,1,1,02,data/raw/mrlEyes_2018_01/s0014/s0014_07677_0_0_1_1_1_02.png
s0030_00512_0_0_1_0_0_01.png,val,1,s0030,0,0,0,0,01,data/raw/mrlEyes_2018_01/s0030/s0030_00512_0_0_1_0_0_01.png
s0006_00241_0_1_0_2_0_01.png,train,0,s0006,0,1,2,0,01,data/raw/mrlEyes_2018_01/s0006/s0006_00241_0_1_0_2_0_01.png
s0024_00475_0_1_1_0_0_01.png,train,1,s0024,0,1,0,0,01,data/raw/mrlEyes_2018_01/s0024/s0024_00475_0_1_1_0_0_01.png
s0029_00339_0_0_1_0_1_01.png,train,1,s0029,0,0,0,1,01,data/raw/mrlEyes_2018_01/s0029/s0029_00339_0_0_1_0_1_01.png
s0004_01031_0_0_0_0_0_01.png,val,0,s0004,0,0,0,0,01,data/raw/mrlEyes_2018_01/s0004/s0004_01031_0_0_0_0_0_01.png
s0015_00508_0_0_0_0_1_01.png,test,0,s0015,0,0,0,1,01,data/raw/mrlEyes_2018_01/s0015/s0015_00508_0_0_0_0_1_01.png
s0025_00703_0_0_1_0_0_01.png,train,1,s0025,0,0,0,0,01,data/raw/mrlEyes_2018_01/s0025/s0025_00703_0_0_1_0_0_01.png
s0003_00656_0_0_1_0_0_01.png,test,1,s0003,0,0,0,0,01,data/raw/mrlEyes_2018_01/s0003/s0003_00656_0_0_1_0_0_01.png
s0024_00202_0_1_0_0_0_01.png,train,0,s0024,0,1,0,0,01,data/raw/mrlEyes_2018_01/s0024/s0024_00202_0_1_0_0_0_01.png
s0011_00260_0_0_0_0_0_01.png,train,0,s0011,0,0,0,0,01,data/raw/mrlEyes_2018_01/s0011/s0011_00260_0_0_0_0_0_01.png
s0005_00710_0_0_1_0_0_01.png,val,1,s0005,0,0,0,0,01,data/raw/mrlEyes_2018_01/s0005/s0005_00710_0_0_1_0_0_01.png
s0010_00036_0_0_0_0_0_01.png,train,0,s0010,0,0,0,0,01,data/raw/mrlEyes_2018_01/s0010/s0010_00036_0_0_0_0_0_01.png
s0012_02062_0_1_0_2_0_01.png,train,0,s0012,0,1,2,0,01,data/raw/mrlEyes_2018_01/s0012/s0012_02062_0_1_0_2_0_01.png
s0031_00214_1_0_0_2_1_02.png,train,0,s0031,1,0,2,1,02,data/raw/mrlEyes_2018_01/s0031/s0031_00214_1_0_0_2_1_02.png
s0018_03798_0_0_1_0_1_01.png,train,1,s0018,0,0,0,1,01,data/raw/mrlEyes_2018_01/s0018/s0018_03798_0_0_1_0_1_01.png
s0023_00001_0_0_0_0_1_01.png,train,0,s0023,0,0,0,1,01,data/raw/mrlEyes_2018_01/s0023/s0023_00001_0_0_0_0_1_01.png
s0029_00061_0_0_0_0_1_01.png,train,0,s0029,0,0,0,1,01,data/raw/mrlEyes_2018_01/s0029/s0029_00061_0_0_0_0_1_01.png
s0029_00862_0_0_1_0_1_01.png,train,1,s0029,0,0,0,1,01,data/raw/mrlEyes_2018_01/s0029/s0029_00862_0_0_1_0_1_01.png
s0032_02228_0_1_1_2_1_02.png,test,1,s0032,0,1,2,1,02,data/raw/mrlEyes_2018_01/s0032/s0032_02228_0_1_1_2_1_02.png
s0034_00347_0_0_1_0_0_02.png,train,1,s0034,0,0,0,0,02,data/raw/mrlEyes_2018_01/s0034/s0034_00347_0_0_1_0_0_02.png
s0014_02024_0_0_0_0_0_01.png,train,0,s0014,0,0,0,0,01,data/raw/mrlEyes_2018_01/s0014/s0014_02024_0_0_0_0_0_01.png
s0017_01465_1_0_1_0_0_01.png,test,1,s0017,1,0,0,0,01,data/raw/mrlEyes_2018_01/s0017/s0017_01465_1_0_1_0_0_01.png
s0009_00154_0_0_0_0_0_01.png,test,0,s0009,0,0,0,0,01,data/raw/mrlEyes_2018_01/s0009/s0009_00154_0_0_0_0_0_01.png
s0024_00434_0_0_1_0_0_01.png,train,1,s0024,0,0,0,0,01,data/raw/mrlEyes_2018_01/s0024/s0024_00434_0_0_1_0_0_01.png
s0031_01024_1_0_1_0_1_02.png,train,1,s0031,1,0,0,1,02,data/raw/mrlEyes_2018_01/s0031/s0031_01024_1_0_1_0_1_02.png
s0032_00122_0_0_0_0_1_02.png,test,0,s0032,0,0,0,1,02,data/raw/mrlEyes_2018_01/s0032/s0032_00122_0_0_0_0_1_02.png
s0021_00097_0_1_0_0_0_01.png,train,0,s0021,0,1,0,0,01,data/raw/mrlEyes_2018_01/s0021/s0021_00097_0_1_0_0_0_01.png
s0031_00571_1_0_1_1_1_02.png,train,1,s0031,1,0,1,1,02,data/raw/mrlEyes_2018_01/s0031/s0031_00571_1_0_1_1_1_02.png
s0008_00533_0_1_0_0_0_01.png,train,0,s0008,0,1,0,0,01,data/raw/mrlEyes_2018_01/s0008/s0008_00533_0_1_0_0_0_01.png
s0013_03098_0_0_1_0_0_01.png,val,1,s0013,0,0,0,0,01,data/raw/mrlEyes_2018_01/s0013/s0013_03098_0_0_1_0_0_01.png
s0032_00059_0_0_0_0_1_02.png,test,0,s0032,0,0,0,1,02,data/raw/mrlEyes_2018_01/s0032/s0032_00059_0_0_0_0_1_02.png
s0019_04091_0_0_1_0_0_01.png,train,1,s0019,0,0,0,0,01,data/raw/mrlEyes_2018_01/s0019/s0019_04091_0_0_1_0_0_01.png
s0006_01012_0_1_1_1_0_01.png,train,1,s0006,0,1,1,0,01,data/raw/mrlEyes_2018_01/s0006/s0006_01012_0_1_1_1_0_01.png
s0022_00122_0_1_0_2_1_01.png,train,0,s0022,0,1,2,1,01,data/raw/mrlEyes_2018_01/s0022/s0022_00122_0_1_0_2_1_01.png
s0011_01566_0_0_1_0_0_01.png,train,1,s0011,0,0,0,0,01,data/raw/mrlEyes_2018_01/s0011/s0011_01566_0_0_1_0_0_01.png
s0037_01859_1_0_0_0_1_01.png,train,0,s0037,1,0,0,1,01,data/raw/mrlEyes_2018_01/s0037/s0037_01859_1_0_0_0_1_01.png
s0026_00254_0_0_0_0_0_01.png,val,0,s0026,0,0,0,0,01,data/raw/mrlEyes_2018_01/s0026/s0026_00254_0_0_0_0_0_01.png
s0019_05717_0_0_1_0_0_01.png,train,1,s0019,0,0,0,0,01,data/raw/mrlEyes_2018_01/s0019/s0019_05717_0_0_1_0_0_01.png
s0010_00006_0_0_0_0_0_01.png,train,0,s0010,0,0,0,0,01,data/raw/mrlEyes_2018_01/s0010/s0010_00006_0_0_0_0_0_01.png
s0024_00155_0_1_0_0_0_01.png,train,0,s0024,0,1,0,0,01,data/raw/mrlEyes_2018_01/s0024/s0024_00155_0_1_0_0_0_01.png
s0036_01952_1_1_0_0_0_01.png,train,0,s0036,1,1,0,0,01,data/raw/mrlEyes_2018_01/s0036/s0036_01952_1_1_0_0_0_01.png
s0010_00277_0_0_0_0_0_01.png,train,0,s0010,0,0,0,0,01,data/raw/mrlEyes_2018_01/s0010/s0010_00277_0_0_0_0_0_01.png
s0024_00005_0_0_0_0_0_01.png,train,0,s0024,0,0,0,0,01,data/raw/mrlEyes_2018_01/s0024/s0024_00005_0_0_0_0_0_01.png
s0027_00493_0_1_1_2_1_01.png,val,1,s0027,0,1,2,1,01,data/raw/mrlEyes_2018_01/s0027/s0027_00493_0_1_1_2_1_01.png
s0031_00099_1_0_0_1_1_02.png,train,0,s0031,1,0,1,1,02,data/raw/mrlEyes_2018_01/s0031/s0031_00099_1_0_0_1_1_02.png
s0030_01161_0_0_1_0_1_01.png,val,1,s0030,0,0,0,1,01,data/raw/mrlEyes_2018_01/s0030/s0030_01161_0_0_1_0_1_01.png
s0015_00936_0_0_1_0_1_01.png,test,1,s0015,0,0,0,1,01,data/raw/mrlEyes_2018_01/s0015/s0015_00936_0_0_1_0_1_01.png
s0035_00520_0_1_1_0_0_02.png,train,1,s0035,0,1,0,0,02,data/raw/mrlEyes_2018_01/s0035/s0035_00520_0_1_1_0_0_02.png
s0021_00828_0_1_1_2_0_01.png,train,1,s0021,0,1,2,0,01,data/raw/mrlEyes_2018_01/s0021/s0021_00828_0_1_1_2_0_01.png
s0021_00262_0_0_1_0_0_01.png,train,1,s0021,0,0,0,0,01,data/raw/mrlEyes_2018_01/s0021/s0021_00262_0_0_1_0_0_01.png
s0013_02679_0_1_0_0_0_01.png,val,0,s0013,0,1,0,0,01,data/raw/mrlEyes_2018_01/s0013/s0013_02679_0_1_0_0_0_01.png
s0014_03767_0_0_0_0_0_01.png,train,0,s0014,0,0,0,0,01,data/raw/mrlEyes_2018_01/s0014/s0014_03767_0_0_0_0_0_01.png
s0024_00091_0_1_0_0_0_01.png,train,0,s0024,0,1,0,0,01,data/raw/mrlEyes_2018_01/s0024/s0024_00091_0_1_0_0_0_01.png
s0023_00391_0_0_1_0_1_01.png,train,1,s0023,0,0,0,1,01,data/raw/mrlEyes_2018_01/s0023/s0023_00391_0_0_1_0_1_01.png
s0025_00090_0_0_0_0_0_01.png,train,0,s0025,0,0,0,0,01,data/raw/mrlEyes_2018_01/s0025/s0025_00090_0_0_0_0_0_01.png
s0006_00197_0_1_0_1_0_01.png,train,0,s0006,0,1,1,0,01,data/raw/mrlEyes_2018_01/s0006/s0006_00197_0_1_0_1_0_01.png
s0005_00413_0_0_0_0_0_01.png,val,0,s0005,0,0,0,0,01,data/raw/mrlEyes_2018_01/s0005/s0005_00413_0_0_0_0_0_01.png
s0034_00568_0_0_1_0_0_02.png,train,1,s0034,0,0,0,0,02,data/raw/mrlEyes_2018_01/s0034/s0034_00568_0_0_1_0_0_02.png
s0013_03378_0_0_1_0_0_01.png,val,1,s0013,0,0,0,0,01,data/raw/mrlEyes_2018_01/s0013/s0013_03378_0_0_1_0_0_01.png
s0025_00100_0_0_0_0_0_01.png,train,0,s0025,0,0,0,0,01,data/raw/mrlEyes_2018_01/s0025/s0025_00100_0_0_0_0_0_01.png
s0008_00022_0_1_0_0_0_01.png,train,0,s0008,0,1,0,0,01,data/raw/mrlEyes_2018_01/s0008/s0008_00022_0_1_0_0_0_01.png
s0025_01033_0_0_1_0_1_01.png,train,1,s0025,0,0,0,1,01,data/raw/mrlEyes_2018_01/s0025/s0025_01033_0_0_1_0_1_01.png
s0025_00018_0_0_0_0_0_01.png,train,0,s0025,0,0,0,0,01,data/raw/mrlEyes_2018_01/s0025/s0025_00018_0_0_0_0_0_01.png
s0017_01643_1_0_1_0_0_01.png,test,1,s0017,1,0,0,0,01,data/raw/mrlEyes_2018_01/s0017/s0017_01643_1_0_1_0_0_01.png
s0027_00159_0_0_1_0_0_01.png,val,1,s0027,0,0,0,0,01,data/raw/mrlEyes_2018_01/s0027/s0027_00159_0_0_1_0_0_01.png
s0029_00431_0_0_1_0_1_01.png,train,1,s0029,0,0,0,1,01,data/raw/mrlEyes_2018_01/s0029/s0029_00431_0_0_1_0_1_01.png
s0037_07161_1_0_1_0_0_01.png,train,1,s0037,1,0,0,0,01,data/raw/mrlEyes_2018_01/s0037/s0037_07161_1_0_1_0_0_01.png
s0032_00047_0_0_0_0_0_02.png,test,0,s0032,0,0,0,0,02,data/raw/mrlEyes_2018_01/s0032/s0032_00047_0_0_0_0_0_02.png
s0002_01058_0_0_1_0_0_01.png,train,1,s0002,0,0,0,0,01,data/raw/mrlEyes_2018_01/s0002/s0002_01058_0_0_1_0_0_01.png
s0018_02738_0_1_0_0_0_01.png,train,0,s0018,0,1,0,0,01,data/raw/mrlEyes_2018_01/s0018/s0018_02738_0_1_0_0_0_01.png
s0032_05080_0_0_1_2_1_02.png,test,1,s0032,0,0,2,1,02,data/raw/mrlEyes_2018_01/s0032/s0032_05080_0_0_1_2_1_02.png
s0004_00695_0_0_0_0_0_01.png,val,0,s0004,0,0,0,0,01,data/raw/mrlEyes_2018_01/s0004/s0004_00695_0_0_0_0_0_01.png
s0011_01637_0_0_1_0_0_01.png,train,1,s0011,0,0,0,0,01,data/raw/mrlEyes_2018_01/s0011/s0011_01637_0_0_1_0_0_01.png
s0012_02968_0_1_0_0_0_01.png,train,0,s0012,0,1,0,0,01,data/raw/mrlEyes_2018_01/s0012/s0012_02968_0_1_0_0_0_01.png
s0021_00651_0_1_1_2_0_01.png,train,1,s0021,0,1,2,0,01,data/raw/mrlEyes_2018_01/s0021/s0021_00651_0_1_1_2_0_01.png
s0024_00371_0_0_1_0_0_01.png,train,1,s0024,0,0,0,0,01,data/raw/mrlEyes_2018_01/s0024/s0024_00371_0_0_1_0_0_01.png
s0019_02301_0_0_0_0_0_01.png,train,0,s0019,0,0,0,0,01,data/raw/mrlEyes_2018_01/s0019/s0019_02301_0_0_0_0_0_01.png
s0012_05003_0_0_1_0_0_03.png,train,1,s0012,0,0,0,0,03,data/raw/mrlEyes_2018_01/s0012/s0012_05003_0_0_1_0_0_03.png
s0015_00027_0_0_0_0_1_01.png,test,0,s0015,0,0,0,1,01,data/raw/mrlEyes_2018_01/s0015/s0015_00027_0_0_0_0_1_01.png
s0021_00283_0_0_1_0_0_01.png,train,1,s0021,0,0,0,0,01,data/raw/mrlEyes_2018_01/s0021/s0021_00283_0_0_1_0_0_01.png
s0019_00842_0_0_0_0_0_01.png,train,0,s0019,0,0,0,0,01,data/raw/mrlEyes_2018_01/s0019/s0019_00842_0_0_0_0_0_01.png
s0022_00107_0_1_0_2_1_01.png,train,0,s0022,0,1,2,1,01,data/raw/mrlEyes_2018_01/s0022/s0022_00107_0_1_0_2_1_01.png
s0002_01039_0_0_1_0_0_01.png,train,1,s0002,0,0,0,0,01,data/raw/mrlEyes_2018_01/s0002/s0002_01039_0_0_1_0_0_01.png
s0024_00697_0_1_1_0_0_01.png,train,1,s0024,0,1,0,0,01,data/raw/mrlEyes_2018_01/s0024/s0024_00697_0_1_1_0_0_01.png
s0032_00007_0_1_0_2_1_02.png,test,0,s0032,0,1,2,1,02,data/raw/mrlEyes_2018_01/s0032/s0032_00007_0_1_0_2_1_02.png
s0018_04117_0_1_1_0_0_01.png,train,1,s0018,0,1,0,0,01,data/raw/mrlEyes_2018_01/s0018/s0018_04117_0_1_1_0_0_01.png
s0027_00622_0_1_1_2_0_01.png,val,1,s0027,0,1,2,0,01,data/raw/mrlEyes_2018_01/s0027/s0027_00622_0_1_1_2_0_01.png
s0027_00039_0_1_0_2_0_01.png,val,0,s0027,0,1,2,0,01,data/raw/mrlEyes_2018_01/s0027/s0027_00039_0_1_0_2_0_01.png
s0024_00111_0_1_0_1_0_01.png,train,0,s0024,0,1,1,0,01,data/raw/mrlEyes_2018_01/s0024/s0024_00111_0_1_0_1_0_01.png
s0025_00891_0_0_1_0_1_01.png,train,1,s0025,0,0,0,1,01,data/raw/mrlEyes_2018_01/s0025/s0025_00891_0_0_1_0_1_01.png
s0032_04832_0_0_1_2_1_02.png,test,1,s0032,0,0,2,1,02,data/raw/mrlEyes_2018_01/s0032/s0032_04832_0_0_1_2_1_02.png
s0024_00124_0_1_0_0_0_01.png,train,0,s0024,0,1,0,0,01,data/raw/mrlEyes_2018_01/s0024/s0024_00124_0_1_0_0_0_01.png
s0028_00389_0_1_1_0_0_01.png,train,1,s0028,0,1,0,0,01,data/raw/mrlEyes_2018_01/s0028/s0028_00389_0_1_1_0_0_01.png
s0027_00251_0_0_1_0_0_01.png,val,1,s0027,0,0,0,0,01,data/raw/mrlEyes_2018_01/s0027/s0027_00251_0_0_1_0_0_01.png
s0031_00235_1_0_0_0_1_02.png,train,0,s0031,1,0,0,1,02,data/raw/mrlEyes_2018_01/s0031/s0031_00235_1_0_0_0_1_02.png
s0011_01558_0_0_1_0_0_01.png,train,1,s0011,0,0,0,0,01,data/raw/mrlEyes_2018_01/s0011/s0011_01558_0_0_1_0_0_01.png
s0036_00238_1_0_0_0_0_01.png,train,0,s0036,1,0,0,0,01,data/raw/mrlEyes_2018_01/s0036/s0036_00238_1_0_0_0_0_01.png
s0018_01422_0_0_0_0_1_01.png,train,0,s0018,0,0,0,1,01,data/raw/mrlEyes_2018_01/s0018/s0018_01422_0_0_0_0_1_01.png
s0027_00462_0_1_1_2_1_01.png,val,1,s0027,0,1,2,1,01,data/raw/mrlEyes_2018_01/s0027/s0027_00462_0_1_1_2_1_01.png
s0028_00162_0_0_1_0_0_01.png,train,1,s0028,0,0,0,0,01,data/raw/mrlEyes_2018_01/s0028/s0028_00162_0_0_1_0_0_01.png
s0031_00609_1_0_1_1_1_02.png,train,1,s0031,1,0,1,1,02,data/raw/mrlEyes_2018_01/s0031/s0031_00609_1_0_1_1_1_02.png
s0011_00301_0_0_0_0_0_01.png,train,0,s0011,0,0,0,0,01,data/raw/mrlEyes_2018_01/s0011/s0011_00301_0_0_0_0_0_01.png
s0019_03033_0_0_1_0_0_01.png,train,1,s0019,0,0,0,0,01,data/raw/mrlEyes_2018_01/s0019/s0019_03033_0_0_1_0_0_01.png
s0036_03631_1_0_1_0_0_01.png,train,1,s0036,1,0,0,0,01,data/raw/mrlEyes_2018_01/s0036/s0036_03631_1_0_1_0_0_01.png
s0019_01901_0_0_0_0_0_01.png,train,0,s0019,0,0,0,0,01,data/raw/mrlEyes_2018_01/s0019/s0019_01901_0_0_0_0_0_01.png
s0025_00362_0_0_1_0_0_01.png,train,1,s0025,0,0,0,0,01,data/raw/mrlEyes_2018_01/s0025/s0025_00362_0_0_1_0_0_01.png
s0015_00253_0_0_0_0_1_01.png,test,0,s0015,0,0,0,1,01,data/raw/mrlEyes_2018_01/s0015/s0015_00253_0_0_0_0_1_01.png
s0014_01572_0_0_0_0_0_01.png,train,0,s0014,0,0,0,0,01,data/raw/mrlEyes_2018_01/s0014/s0014_01572_0_0_0_0_0_01.png
s0023_00080_0_0_1_0_1_01.png,train,1,s0023,0,0,0,1,01,data/raw/mrlEyes_2018_01/s0023/s0023_00080_0_0_1_0_1_01.png
s0026_00231_0_0_0_0_0_01.png,val,0,s0026,0,0,0,0,01,data/raw/mrlEyes_2018_01/s0026/s0026_00231_0_0_0_0_0_01.png
s0001_03113_0_1_1_2_0_01.png,val,1,s0001,0,1,2,0,01,data/raw/mrlEyes_2018_01/s0001/s0001_03113_0_1_1_2_0_01.png
s0002_01021_0_0_1_0_0_01.png,train,1,s0002,0,0,0,0,01,data/raw/mrlEyes_2018_01/s0002/s0002_01021_0_0_1_0_0_01.png
s0019_05634_0_0_1_0_0_01.png,train,1,s0019,0,0,0,0,01,data/raw/mrlEyes_2018_01/s0019/s0019_05634_0_0_1_0_0_01.png
s0030_00302_0_0_0_0_0_01.png,val,0,s0030,0,0,0,0,01,data/raw/mrlEyes_2018_01/s0030/s0030_00302_0_0_0_0_0_01.png
s0035_00620_0_1_1_0_0_02.png,train,1,s0035,0,1,0,0,02,data/raw/mrlEyes_2018_01/s0035/s0035_00620_0_1_1_0_0_02.png
s0008_00562_0_1_0_0_0_01.png,train,0,s0008,0,1,0,0,01,data/raw/mrlEyes_2018_01/s0008/s0008_00562_0_1_0_0_0_01.png
s0036_05360_1_1_1_2_0_01.png,train,1,s0036,1,1,2,0,01,data/raw/mrlEyes_2018_01/s0036/s0036_05360_1_1_1_2_0_01.png
s0019_04217_0_0_1_0_1_01.png,train,1,s0019,0,0,0,1,01,data/raw/mrlEyes_2018_01/s0019/s0019_04217_0_0_1_0_1_01.png
s0029_00059_0_0_0_0_1_01.png,train,0,s0029,0,0,0,1,01,data/raw/mrlEyes_2018_01/s0029/s0029_00059_0_0_0_0_1_01.png
s0026_00128_0_0_0_0_0_01.png,val,0,s0026,0,0,0,0,01,data/raw/mrlEyes_2018_01/s0026/s0026_00128_0_0_0_0_0_01.png
s0020_00408_0_0_1_0_0_01.png,train,1,s0020,0,0,0,0,01,data/raw/mrlEyes_2018_01/s0020/s0020_00408_0_0_1_0_0_01.png
s0031_01476_1_0_1_2_1_02.png,train,1,s0031,1,0,2,1,02,data/raw/mrlEyes_2018_01/s0031/s0031_01476_1_0_1_2_1_02.png
s0030_00079_0_0_0_0_1_01.png,val,0,s0030,0,0,0,1,01,data/raw/mrlEyes_2018_01/s0030/s0030_00079_0_0_0_0_1_01.png
s0030_01072_0_0_1_0_1_01.png,val,1,s0030,0,0,0,1,01,data/raw/mrlEyes_2018_01/s0030/s0030_01072_0_0_1_0_1_01.png
s0010_00346_0_0_1_0_0_01.png,train,1,s0010,0,0,0,0,01,data/raw/mrlEyes_2018_01/s0010/s0010_00346_0_0_1_0_0_01.png
s0036_01388_1_1_0_2_0_01.png,train,0,s0036,1,1,2,0,01,data/raw/mrlEyes_2018_01/s0036/s0036_01388_1_1_0_2_0_01.png
s0025_00443_0_0_1_0_1_01.png,train,1,s0025,0,0,0,1,01,data/raw/mrlEyes_2018_01/s0025/s0025_00443_0_0_1_0_1_01.png
s0018_03322_0_1_0_0_0_01.png,train,0,s0018,0,1,0,0,01,data/raw/mrlEyes_2018_01/s0018/s0018_03322_0_1_0_0_0_01.png
s0017_01521_1_0_1_0_0_01.png,test,1,s0017,1,0,0,0,01,data/raw/mrlEyes_2018_01/s0017/s0017_01521_1_0_1_0_0_01.png
s0028_00575_0_1_1_0_0_01.png,train,1,s0028,0,1,0,0,01,data/raw/mrlEyes_2018_01/s0028/s0028_00575_0_1_1_0_0_01.png
s0019_02034_0_0_0_0_0_01.png,train,0,s0019,0,0,0,0,01,data/raw/mrlEyes_2018_01/s0019/s0019_02034_0_0_0_0_0_01.png
s0001_02669_0_1_1_2_0_01.png,val,1,s0001,0,1,2,0,01,data/raw/mrlEyes_2018_01/s0001/s0001_02669_0_1_1_2_0_01.png
s0020_00560_0_0_1_0_0_01.png,train,1,s0020,0,0,0,0,01,data/raw/mrlEyes_2018_01/s0020/s0020_00560_0_0_1_0_0_01.png
s0037_09763_1_1_1_0_0_01.png,train,1,s0037,1,1,0,0,01,data/raw/mrlEyes_2018_01/s0037/s0037_09763_1_1_1_0_0_01.png
s0022_00269_0_0_1_0_1_01.png,train,1,s0022,0,0,0,1,01,data/raw/mrlEyes_2018_01/s0022/s0022_00269_0_0_1_0_1_01.png
s0023_00184_0_0_1_0_1_01.png,train,1,s0023,0,0,0,1,01,data/raw/mrlEyes_2018_01/s0023/s0023_00184_0_0_1_0_1_01.png
s0021_00948_0_1_1_0_0_01.png,train,1,s0021,0,1,0,0,01,data/raw/mrlEyes_2018_01/s0021/s0021_00948_0_1_1_0_0_01.png
s0018_04337_0_1_1_2_0_01.png,train,1,s0018,0,1,2,0,01,data/raw/mrlEyes_2018_01/s0018/s0018_04337_0_1_1_2_0_01.png
s0016_01054_1_0_0_0_1_01.png,test,0,s0016,1,0,0,1,01,data/raw/mrlEyes_2018_01/s0016/s0016_01054_1_0_0_0_1_01.png
s0037_04453_1_1_0_0_0_01.png,train,0,s0037,1,1,0,0,01,data/raw/mrlEyes_2018_01/s0037/s0037_04453_1_1_0_0_0_01.png
s0032_06074_0_0_1_1_1_02.png,test,1,s0032,0,0,1,1,02,data/raw/mrlEyes_2018_01/s0032/s0032_06074_0_0_1_1_1_02.png
s0006_00248_0_1_0_2_0_01.png,train,0,s0006,0,1,2,0,01,data/raw/mrlEyes_2018_01/s0006/s0006_00248_0_1_0_2_0_01.png
s0022_00082_0_1_0_2_1_01.png,train,0,s0022,0,1,2,1,01,data/raw/mrlEyes_2018_01/s0022/s0022_00082_0_1_0_2_1_01.png
s0035_00013_0_1_0_1_1_02.png,train,0,s0035,0,1,1,1,02,data/raw/mrlEyes_2018_01/s0035/s0035_00013_0_1_0_1_1_02.png
s0013_03589_0_1_1_0_0_01.png,val,1,s0013,0,1,0,0,01,data/raw/mrlEyes_2018_01/s0013/s0013_03589_0_1_1_0_0_01.png
s0031_00118_1_0_0_2_1_02.png,train,0,s0031,1,0,2,1,02,data/raw/mrlEyes_2018_01/s0031/s0031_00118_1_0_0_2_1_02.png
s0011_01560_0_0_1_0_0_01.png,train,1,s0011,0,0,0,0,01,data/raw/mrlEyes_2018_01/s0011/s0011_01560_0_0_1_0_0_01.png
s0027_00118_0_0_1_0_1_01.png,val,1,s0027,0,0,0,1,01,data/raw/mrlEyes_2018_01/s0027/s0027_00118_0_0_1_0_1_01.png
s0036_00967_1_1_0_2_0_01.png,train,0,s0036,1,1,2,0,01,data/raw/mrlEyes_2018_01/s0036/s0036_00967_1_1_0_2_0_01.png
s0022_00109_0_1_0_2_1_01.png,train,0,s0022,0,1,2,1,01,data/raw/mrlEyes_2018_01/s0022/s0022_00109_0_1_0_2_1_01.png
s0001_02283_0_0_1_0_0_01.png,val,1,s0001,0,0,0,0,01,data/raw/mrlEyes_2018_01/s0001/s0001_02283_0_0_1_0_0_01.png
s0027_00054_0_1_0_1_0_01.png,val,0,s0027,0,1,1,0,01,data/raw/mrlEyes_2018_01/s0027/s0027_00054_0_1_0_1_0_01.png
s0026_00969_0_0_1_0_1_01.png,val,1,s0026,0,0,0,1,01,data/raw/mrlEyes_2018_01/s0026/s0026_00969_0_0_1_0_1_01.png
s0011_01594_0_0_1_0_0_01.png,train,1,s0011,0,0,0,0,01,data/raw/mrlEyes_2018_01/s0011/s0011_01594_0_0_1_0_0_01.png
s0015_00711_0_0_0_0_0_01.png,test,0,s0015,0,0,0,0,01,data/raw/mrlEyes_2018_01/s0015/s0015_00711_0_0_0_0_0_01.png
s0011_01509_0_0_1_0_0_01.png,train,1,s0011,0,0,0,0,01,data/raw/mrlEyes_2018_01/s0011/s0011_01509_0_0_1_0_0_01.png
s0037_07452_1_0_1_0_0_01.png,train,1,s0037,1,0,0,0,01,data/raw/mrlEyes_2018_01/s0037/s0037_07452_1_0_1_0_0_01.png
s0028_00474_0_1_1_0_0_01.png,train,1,s0028,0,1,0,0,01,data/raw/mrlEyes_2018_01/s0028/s0028_00474_0_1_1_0_0_01.png
s0019_02509_0_0_0_0_0_01.png,train,0,s0019,0,0,0,0,01,data/raw/mrlEyes_2018_01/s0019/s0019_02509_0_0_0_0_0_01.png
s0019_00743_0_0_0_0_0_01.png,train,0,s0019,0,0,0,0,01,data/raw/mrlEyes_2018_01/s0019/s0019_00743_0_0_0_0_0_01.png
s0037_10196_1_1_1_0_0_01.png,train,1,s0037,1,1,0,0,01,data/raw/mrlEyes_2018_01/s0037/s0037_10196_1_1_1_0_0_01.png
s0015_01093_0_0_1_0_0_01.png,test,1,s0015,0,0,0,0,01,data/raw/mrlEyes_2018_01/s0015/s0015_01093_0_0_1_0_0_01.png
s0021_00676_0_1_1_1_0_01.png,train,1,s0021,0,1,1,0,01,data/raw/mrlEyes_2018_01/s0021/s0021_00676_0_1_1_1_0_01.png
s0003_00195_0_0_0_0_0_01.png,test,0,s0003,0,0,0,0,01,data/raw/mrlEyes_2018_01/s0003/s0003_00195_0_0_0_0_0_01.png
s0010_00213_0_0_0_0_0_01.png,train,0,s0010,0,0,0,0,01,data/raw/mrlEyes_2018_01/s0010/s0010_00213_0_0_0_0_0_01.png
s0036_01289_1_1_0_0_0_01.png,train,0,s0036,1,1,0,0,01,data/raw/mrlEyes_2018_01/s0036/s0036_01289_1_1_0_0_0_01.png
s0037_08816_1_1_1_2_0_01.png,train,1,s0037,1,1,2,0,01,data/raw/mrlEyes_2018_01/s0037/s0037_08816_1_1_1_2_0_01.png
s0013_03047_0_0_1_0_0_01.png,val,1,s0013,0,0,0,0,01,data/raw/mrlEyes_2018_01/s0013/s0013_03047_0_0_1_0_0_01.png
s0025_00180_0_0_1_0_0_01.png,train,1,s0025,0,0,0,0,01,data/raw/mrlEyes_2018_01/s0025/s0025_00180_0_0_1_0_0_01.png
s0018_02911_0_1_0_0_0_01.png,train,0,s0018,0,1,0,0,01,data/raw/mrlEyes_2018_01/s0018/s0018_02911_0_1_0_0_0_01.png
s0013_02103_0_1_0_0_0_01.png,val,0,s0013,0,1,0,0,01,data/raw/mrlEyes_2018_01/s0013/s0013_02103_0_1_0_0_0_01.png
s0013_03187_0_0_1_0_0_01.png,val,1,s0013,0,0,0,0,01,data/raw/mrlEyes_2018_01/s0013/s0013_03187_0_0_1_0_0_01.png
s0026_00522_0_0_1_0_0_01.png,val,1,s0026,0,0,0,0,01,data/raw/mrlEyes_2018_01/s0026/s0026_00522_0_0_1_0_0_01.png
s0025_00082_0_0_0_0_0_01.png,train,0,s0025,0,0,0,0,01,data/raw/mrlEyes_2018_01/s0025/s0025_00082_0_0_0_0_0_01.png
s0010_00374_0_0_1_0_0_01.png,train,1,s0010,0,0,0,0,01,data/raw/mrlEyes_2018_01/s0010/s0010_00374_0_0_1_0_0_01.png
s0029_00101_0_0_0_0_0_01.png,train,0,s0029,0,0,0,0,01,data/raw/mrlEyes_2018_01/s0029/s0029_00101_0_0_0_0_0_01.png
s0013_03512_0_1_1_0_0_01.png,val,1,s0013,0,1,0,0,01,data/raw/mrlEyes_2018_01/s0013/s0013_03512_0_1_1_0_0_01.png
s0032_00474_0_1_1_2_1_02.png,test,1,s0032,0,1,2,1,02,data/raw/mrlEyes_2018_01/s0032/s0032_00474_0_1_1_2_1_02.png
s0027_00630_0_1_1_1_0_01.png,val,1,s0027,0,1,1,0,01,data/raw/mrlEyes_2018_01/s0027/s0027_00630_0_1_1_1_0_01.png
s0034_00337_0_0_1_0_0_02.png,train,1,s0034,0,0,0,0,02,data/raw/mrlEyes_2018_01/s0034/s0034_00337_0_0_1_0_0_02.png
s0012_02710_0_1_0_2_0_01.png,train,0,s0012,0,1,2,0,01,data/raw/mrlEyes_2018_01/s0012/s0012_02710_0_1_0_2_0_01.png
s0003_00206_0_0_0_0_0_01.png,test,0,s0003,0,0,0,0,01,data/raw/mrlEyes_2018_01/s0003/s0003_00206_0_0_0_0_0_01.png
s0013_03598_0_1_1_0_0_01.png,val,1,s0013,0,1,0,0,01,data/raw/mrlEyes_2018_01/s0013/s0013_03598_0_1_1_0_0_01.png
s0026_01061_0_0_1_0_1_01.png,val,1,s0026,0,0,0,1,01,data/raw/mrlEyes_2018_01/s0026/s0026_01061_0_0_1_0_1_01.png
s0023_00071_0_0_1_0_1_01.png,train,1,s0023,0,0,0,1,01,data/raw/mrlEyes_2018_01/s0023/s0023_00071_0_0_1_0_1_01.png
s0033_00568_0_0_1_0_1_01.png,test,1,s0033,0,0,0,1,01,data/raw/mrlEyes_2018_01/s0033/s0033_00568_0_0_1_0_1_01.png
s0026_00445_0_0_1_0_0_01.png,val,1,s0026,0,0,0,0,01,data/raw/mrlEyes_2018_01/s0026/s0026_00445_0_0_1_0_0_01.png
s0029_00152_0_0_0_0_1_01.png,train,0,s0029,0,0,0,1,01,data/raw/mrlEyes_2018_01/s0029/s0029_00152_0_0_0_0_1_01.png
s0003_00397_0_0_0_0_0_01.png,test,0,s0003,0,0,0,0,01,data/raw/mrlEyes_2018_01/s0003/s0003_00397_0_0_0_0_0_01.png
s0019_01554_0_0_0_0_0_01.png,train,0,s0019,0,0,0,0,01,data/raw/mrlEyes_2018_01/s0019/s0019_01554_0_0_0_0_0_01.png
s0037_05047_1_1_0_2_0_01.png,train,0,s0037,1,1,2,0,01,data/raw/mrlEyes_2018_01/s0037/s0037_05047_1_1_0_2_0_01.png
s0016_01845_1_0_1_0_1_01.png,test,1,s0016,1,0,0,1,01,data/raw/mrlEyes_2018_01/s0016/s0016_01845_1_0_1_0_1_01.png
s0021_00042_0_0_0_0_0_01.png,train,0,s0021,0,0,0,0,01,data/raw/mrlEyes_2018_01/s0021/s0021_00042_0_0_0_0_0_01.png
s0027_00589_0_1_1_2_0_01.png,val,1,s0027,0,1,2,0,01,data/raw/mrlEyes_2018_01/s0027/s0027_00589_0_1_1_2_0_01.png
s0003_00130_0_0_0_0_0_01.png,test,0,s0003,0,0,0,0,01,data/raw/mrlEyes_2018_01/s0003/s0003_00130_0_0_0_0_0_01.png
s0012_01941_0_1_0_2_0_01.png,train,0,s0012,0,1,2,0,01,data/raw/mrlEyes_2018_01/s0012/s0012_01941_0_1_0_2_0_01.png
s0015_01029_0_0_1_0_0_01.png,test,1,s0015,0,0,0,0,01,data/raw/mrlEyes_2018_01/s0015/s0015_01029_0_0_1_0_0_01.png
s0033_00018_0_0_0_0_0_01.png,test,0,s0033,0,0,0,0,01,data/raw/mrlEyes_2018_01/s0033/s0033_00018_0_0_0_0_0_01.png
s0018_03577_0_1_0_0_0_01.png,train,0,s0018,0,1,0,0,01,data/raw/mrlEyes_2018_01/s0018/s0018_03577_0_1_0_0_0_01.png
s0034_00719_0_0_1_0_0_02.png,train,1,s0034,0,0,0,0,02,data/raw/mrlEyes_2018_01/s0034/s0034_00719_0_0_1_0_0_02.png
s0002_01027_0_0_1_0_0_01.png,train,1,s0002,0,0,0,0,01,data/raw/mrlEyes_2018_01/s0002/s0002_01027_0_0_1_0_0_01.png
s0003_00338_0_0_0_0_0_01.png,test,0,s0003,0,0,0,0,01,data/raw/mrlEyes_2018_01/s0003/s0003_00338_0_0_0_0_0_01.png
s0001_02081_0_0_1_0_0_01.png,val,1,s0001,0,0,0,0,01,data/raw/mrlEyes_2018_01/s0001/s0001_02081_0_0_1_0_0_01.png
s0026_00827_0_0_1_0_0_01.png,val,1,s0026,0,0,0,0,01,data/raw/mrlEyes_2018_01/s0026/s0026_00827_0_0_1_0_0_01.png
s0034_00049_0_0_0_0_0_02.png,train,0,s0034,0,0,0,0,02,data/raw/mrlEyes_2018_01/s0034/s0034_00049_0_0_0_0_0_02.png
s0010_00280_0_0_0_0_0_01.png,train,0,s0010,0,0,0,0,01,data/raw/mrlEyes_2018_01/s0010/s0010_00280_0_0_0_0_0_01.png
s0003_00568_0_0_1_0_0_01.png,test,1,s0003,0,0,0,0,01,data/raw/mrlEyes_2018_01/s0003/s0003_00568_0_0_1_0_0_01.png
s0023_00018_0_0_0_0_1_01.png,train,0,s0023,0,0,0,1,01,data/raw/mrlEyes_2018_01/s0023/s0023_00018_0_0_0_0_1_01.png
s0001_02001_0_0_1_0_0_01.png,val,1,s0001,0,0,0,0,01,data/raw/mrlEyes_2018_01/s0001/s0001_02001_0_0_1_0_0_01.png
s0017_00021_1_0_0_0_1_01.png,test,0,s0017,1,0,0,1,01,data/raw/mrlEyes_2018_01/s0017/s0017_00021_1_0_0_0_1_01.png
s0017_00449_1_0_0_0_0_01.png,test,0,s0017,1,0,0,0,01,data/raw/mrlEyes_2018_01/s0017/s0017_00449_1_0_0_0_0_01.png
s0036_02617_1_0_1_0_0_01.png,train,1,s0036,1,0,0,0,01,data/raw/mrlEyes_2018_01/s0036/s0036_02617_1_0_1_0_0_01.png
s0026_00888_0_0_1_0_0_01.png,val,1,s0026,0,0,0,0,01,data/raw/mrlEyes_2018_01/s0026/s0026_00888_0_0_1_0_0_01.png
s0032_01923_0_1_1_2_1_02.png,test,1,s0032,0,1,2,1,02,data/raw/mrlEyes_2018_01/s0032/s0032_01923_0_1_1_2_1_02.png
s0024_00083_0_1_0_0_0_01.png,train,0,s0024,0,1,0,0,01,data/raw/mrlEyes_2018_01/s0024/s0024_00083_0_1_0_0_0_01.png
s0037_07197_1_0_1_0_0_01.png,train,1,s0037,1,0,0,0,01,data/raw/mrlEyes_2018_01/s0037/s0037_07197_1_0_1_0_0_01.png
s0034_00346_0_0_1_0_0_02.png,train,1,s0034,0,0,0,0,02,data/raw/mrlEyes_2018_01/s0034/s0034_00346_0_0_1_0_0_02.png
s0020_00681_0_0_1_0_1_01.png,train,1,s0020,0,0,0,1,01,data/raw/mrlEyes_2018_01/s0020/s0020_00681_0_0_1_0_1_01.png
s0037_09562_1_1_1_0_0_01.png,train,1,s0037,1,1,0,0,01,data/raw/mrlEyes_2018_01/s0037/s0037_09562_1_1_1_0_0_01.png
s0018_02477_0_1_0_0_0_01.png,train,0,s0018,0,1,0,0,01,data/raw/mrlEyes_2018_01/s0018/s0018_02477_0_1_0_0_0_01.png
s0015_00681_0_0_0_0_1_01.png,test,0,s0015,0,0,0,1,01,data/raw/mrlEyes_2018_01/s0015/s0015_00681_0_0_0_0_1_01.png
s0005_00723_0_0_1_0_0_01.png,val,1,s0005,0,0,0,0,01,data/raw/mrlEyes_2018_01/s0005/s0005_00723_0_0_1_0_0_01.png
s0029_00178_0_0_1_0_0_01.png,train,1,s0029,0,0,0,0,01,data/raw/mrlEyes_2018_01/s0029/s0029_00178_0_0_1_0_0_01.png
s0035_00400_0_1_1_1_1_02.png,train,1,s0035,0,1,1,1,02,data/raw/mrlEyes_2018_01/s0035/s0035_00400_0_1_1_1_1_02.png
s0033_00668_0_0_1_1_1_01.png,test,1,s0033,0,0,1,1,01,data/raw/mrlEyes_2018_01/s0033/s0033_00668_0_0_1_1_1_01.png
s0013_03015_0_0_1_0_0_01.png,val,1,s0013,0,0,0,0,01,data/raw/mrlEyes_2018_01/s0013/s0013_03015_0_0_1_0_0_01.png
s0015_01007_0_0_1_0_0_01.png,test,1,s0015,0,0,0,0,01,data/raw/mrlEyes_2018_01/s0015/s0015_01007_0_0_1_0_0_01.png
s0018_03875_0_0_1_0_1_01.png,train,1,s0018,0,0,0,1,01,data/raw/mrlEyes_2018_01/s0018/s0018_03875_0_0_1_0_1_01.png
s0019_05845_0_0_1_0_0_01.png,train,1,s0019,0,0,0,0,01,data/raw/mrlEyes_2018_01/s0019/s0019_05845_0_0_1_0_0_01.png
s0033_00032_0_0_0_0_1_01.png,test,0,s0033,0,0,0,1,01,data/raw/mrlEyes_2018_01/s0033/s0033_00032_0_0_0_0_1_01.png
s0020_00002_0_0_0_0_1_01.png,train,0,s0020,0,0,0,1,01,data/raw/mrlEyes_2018_01/s0020/s0020_00002_0_0_0_0_1_01.png
s0026_00542_0_0_1_0_1_01.png,val,1,s0026,0,0,0,1,01,data/raw/mrlEyes_2018_01/s0026/s0026_00542_0_0_1_0_1_01.png
s0005_00488_0_0_0_0_0_01.png,val,0,s0005,0,0,0,0,01,data/raw/mrlEyes_2018_01/s0005/s0005_00488_0_0_0_0_0_01.png
s0003_00407_0_0_0_0_0_01.png,test,0,s0003,0,0,0,0,01,data/raw/mrlEyes_2018_01/s0003/s0003_00407_0_0_0_0_0_01.png
s0037_09108_1_1_1_0_0_01.png,train,1,s0037,1,1,0,0,01,data/raw/mrlEyes_2018_01/s0037/s0037_09108_1_1_1_0_0_01.png
s0034_00171_0_0_1_0_0_02.png,train,1,s0034,0,0,0,0,02,data/raw/mrlEyes_2018_01/s0034/s0034_00171_0_0_1_0_0_02.png
s0036_00756_1_0_0_0_0_01.png,train,0,s0036,1,0,0,0,01,data/raw/mrlEyes_2018_01/s0036/s0036_00756_1_0_0_0_0_01.png
s0021_00765_0_1_1_2_0_01.png,train,1,s0021,0,1,2,0,01,data/raw/mrlEyes_2018_01/s0021/s0021_00765_0_1_1_2_0_01.png
s0016_01276_1_0_0_1_1_01.png,test,0,s0016,1,0,1,1,01,data/raw/mrlEyes_2018_01/s0016/s0016_01276_1_0_0_1_1_01.png
s0016_00872_1_0_0_0_1_01.png,test,0,s0016,1,0,0,1,01,data/raw/mrlEyes_2018_01/s0016/s0016_00872_1_0_0_0_1_01.png
s0013_03350_0_0_1_0_0_01.png,val,1,s0013,0,0,0,0,01,data/raw/mrlEyes_2018_01/s0013/s0013_03350_0_0_1_0_0_01.png
s0015_00285_0_0_0_0_0_01.png,test,0,s0015,0,0,0,0,01,data/raw/mrlEyes_2018_01/s0015/s0015_00285_0_0_0_0_0_01.png
s0019_03817_0_0_1_0_0_01.png,train,1,s0019,0,0,0,0,01,data/raw/mrlEyes_2018_01/s0019/s0019_03817_0_0_1_0_0_01.png
s0028_00003_0_0_0_0_0_01.png,train,0,s0028,0,0,0,0,01,data/raw/mrlEyes_2018_01/s0028/s0028_00003_0_0_0_0_0_01.png
s0009_00385_0_0_1_0_0_01.png,test,1,s0009,0,0,0,0,01,data/raw/mrlEyes_2018_01/s0009/s0009_00385_0_0_1_0_0_01.png
s0022_00017_0_0_0_0_1_01.png,train,0,s0022,0,0,0,1,01,data/raw/mrlEyes_2018_01/s0022/s0022_00017_0_0_0_0_1_01.png
s0012_07457_0_0_1_0_1_01.png,train,1,s0012,0,0,0,1,01,data/raw/mrlEyes_2018_01/s0012/s0012_07457_0_0_1_0_1_01.png
s0023_00385_0_0_1_0_1_01.png,train,1,s0023,0,0,0,1,01,data/raw/mrlEyes_2018_01/s0023/s0023_00385_0_0_1_0_1_01.png
s0036_01882_1_1_0_0_0_01.png,train,0,s0036,1,1,0,0,01,data/raw/mrlEyes_2018_01/s0036/s0036_01882_1_1_0_0_0_01.png
s0011_01639_0_0_1_0_0_01.png,train,1,s0011,0,0,0,0,01,data/raw/mrlEyes_2018_01/s0011/s0011_01639_0_0_1_0_0_01.png
s0022_00273_0_0_1_0_1_01.png,train,1,s0022,0,0,0,1,01,data/raw/mrlEyes_2018_01/s0022/s0022_00273_0_0_1_0_1_01.png
s0030_01029_0_0_1_0_0_01.png,val,1,s0030,0,0,0,0,01,data/raw/mrlEyes_2018_01/s0030/s0030_01029_0_0_1_0_0_01.png
s0001_00222_0_0_0_0_0_01.png,val,0,s0001,0,0,0,0,01,data/raw/mrlEyes_2018_01/s0001/s0001_00222_0_0_0_0_0_01.png
s0033_00196_0_0_1_0_1_01.png,test,1,s0033,0,0,0,1,01,data/raw/mrlEyes_2018_01/s0033/s0033_00196_0_0_1_0_1_01.png
s0005_00711_0_0_1_0_0_01.png,val,1,s0005,0,0,0,0,01,data/raw/mrlEyes_2018_01/s0005/s0005_00711_0_0_1_0_0_01.png
s0011_00175_0_0_0_0_0_01.png,train,0,s0011,0,0,0,0,01,data/raw/mrlEyes_2018_01/s0011/s0011_00175_0_0_0_0_0_01.png
s0003_00641_0_0_1_0_0_01.png,test,1,s0003,0,0,0,0,01,data/raw/mrlEyes_2018_01/s0003/s0003_00641_0_0_1_0_0_01.png
s0024_00054_0_0_0_0_1_01.png,train,0,s0024,0,0,0,1,01,data/raw/mrlEyes_2018_01/s0024/s0024_00054_0_0_0_0_1_01.png
s0031_00449_1_0_1_1_1_02.png,train,1,s0031,1,0,1,1,02,data/raw/mrlEyes_2018_01/s0031/s0031_00449_1_0_1_1_1_02.png
s0033_00599_0_0_1_0_1_01.png,test,1,s0033,0,0,0,1,01,data/raw/mrlEyes_2018_01/s0033/s0033_00599_0_0_1_0_1_01.png
s0031_00172_1_0_0_2_1_02.png,train,0,s0031,1,0,2,1,02,data/raw/mrlEyes_2018_01/s0031/s0031_00172_1_0_0_2_1_02.png
s0029_00093_0_0_0_0_1_01.png,train,0,s0029,0,0,0,1,01,data/raw/mrlEyes_2018_01/s0029/s0029_00093_0_0_0_0_1_01.png
s0027_00004_0_0_0_0_0_01.png,val,0,s0027,0,0,0,0,01,data/raw/mrlEyes_2018_01/s0027/s0027_00004_0_0_0_0_0_01.png
s0011_01024_0_0_0_0_0_01.png,train,0,s0011,0,0,0,0,01,data/raw/mrlEyes_2018_01/s0011/s0011_01024_0_0_0_0_0_01.png
s0002_00460_0_0_0_0_0_01.png,train,0,s0002,0,0,0,0,01,data/raw/mrlEyes_2018_01/s0002/s0002_00460_0_0_0_0_0_01.png
s0025_00105_0_0_0_0_0_01.png,train,0,s0025,0,0,0,0,01,data/raw/mrlEyes_2018_01/s0025/s0025_00105_0_0_0_0_0_01.png
s0004_00698_0_0_0_0_0_01.png,val,0,s0004,0,0,0,0,01,data/raw/mrlEyes_2018_01/s0004/s0004_00698_0_0_0_0_0_01.png
s0030_00578_0_0_1_0_1_01.png,val,1,s0030,0,0,0,1,01,data/raw/mrlEyes_2018_01/s0030/s0030_00578_0_0_1_0_1_01.png
s0037_01947_1_0_0_0_0_01.png,train,0,s0037,1,0,0,0,01,data/raw/mrlEyes_2018_01/s0037/s0037_01947_1_0_0_0_0_01.png
s0027_00294_0_0_1_0_0_01.png,val,1,s0027,0,0,0,0,01,data/raw/mrlEyes_2018_01/s0027/s0027_00294_0_0_1_0_0_01.png
s0021_00324_0_0_1_0_0_01.png,train,1,s0021,0,0,0,0,01,data/raw/mrlEyes_2018_01/s0021/s0021_00324_0_0_1_0_0_01.png
s0021_00789_0_1_1_2_0_01.png,train,1,s0021,0,1,2,0,01,data/raw/mrlEyes_2018_01/s0021/s0021_00789_0_1_1_2_0_01.png
s0016_01780_1_0_1_0_1_01.png,test,1,s0016,1,0,0,1,01,data/raw/mrlEyes_2018_01/s0016/s0016_01780_1_0_1_0_1_01.png
s0024_00426_0_0_1_0_0_01.png,train,1,s0024,0,0,0,0,01,data/raw/mrlEyes_2018_01/s0024/s0024_00426_0_0_1_0_0_01.png
s0017_01375_1_0_1_0_1_01.png,test,1,s0017,1,0,0,1,01,data/raw/mrlEyes_2018_01/s0017/s0017_01375_1_0_1_0_1_01.png
s0034_00483_0_0_1_0_0_02.png,train,1,s0034,0,0,0,0,02,data/raw/mrlEyes_2018_01/s0034/s0034_00483_0_0_1_0_0_02.png
s0009_00351_0_0_0_0_0_01.png,test,0,s0009,0,0,0,0,01,data/raw/mrlEyes_2018_01/s0009/s0009_00351_0_0_0_0_0_01.png
s0037_06539_1_0_1_0_0_01.png,train,1,s0037,1,0,0,0,01,data/raw/mrlEyes_2018_01/s0037/s0037_06539_1_0_1_0_0_01.png
s0006_00801_0_1_0_1_0_01.png,train,0,s0006,0,1,1,0,01,data/raw/mrlEyes_2018_01/s0006/s0006_00801_0_1_0_1_0_01.png
s0014_03770_0_0_1_0_0_01.png,train,1,s0014,0,0,0,0,01,data/raw/mrlEyes_2018_01/s0014/s0014_03770_0_0_1_0_0_01.png
s0016_00836_1_0_0_1_1_01.png,test,0,s0016,1,0,1,1,01,data/raw/mrlEyes_2018_01/s0016/s0016_00836_1_0_0_1_1_01.png
s0015_00900_0_0_1_0_1_01.png,test,1,s0015,0,0,0,1,01,data/raw/mrlEyes_2018_01/s0015/s0015_00900_0_0_1_0_1_01.png
s0002_01106_0_0_1_0_0_01.png,train,1,s0002,0,0,0,0,01,data/raw/mrlEyes_2018_01/s0002/s0002_01106_0_0_1_0_0_01.png
s0022_00363_0_1_1_2_1_01.png,train,1,s0022,0,1,2,1,01,data/raw/mrlEyes_2018_01/s0022/s0022_00363_0_1_1_2_1_01.png
s0021_00020_0_0_0_0_0_01.png,train,0,s0021,0,0,0,0,01,data/raw/mrlEyes_2018_01/s0021/s0021_00020_0_0_0_0_0_01.png
s0024_00533_0_1_1_2_0_01.png,train,1,s0024,0,1,2,0,01,data/raw/mrlEyes_2018_01/s0024/s0024_00533_0_1_1_2_0_01.png
s0027_00030_0_1_0_2_0_01.png,val,0,s0027,0,1,2,0,01,data/raw/mrlEyes_2018_01/s0027/s0027_00030_0_1_0_2_0_01.png
s0009_00111_0_0_0_0_0_01.png,test,0,s0009,0,0,0,0,01,data/raw/mrlEyes_2018_01/s0009/s0009_00111_0_0_0_0_0_01.png
s0031_00816_1_0_1_0_1_02.png,train,1,s0031,1,0,0,1,02,data/raw/mrlEyes_2018_01/s0031/s0031_00816_1_0_1_0_1_02.png
s0001_02890_0_1_1_2_0_01.png,val,1,s0001,0,1,2,0,01,data/raw/mrlEyes_2018_01/s0001/s0001_02890_0_1_1_2_0_01.png
s0037_00314_1_0_0_0_1_01.png,train,0,s0037,1,0,0,1,01,data/raw/mrlEyes_2018_01/s0037/s0037_00314_1_0_0_0_1_01.png
s0024_00747_0_1_1_0_0_01.png,train,1,s0024,0,1,0,0,01,data/raw/mrlEyes_2018_01/s0024/s0024_00747_0_1_1_0_0_01.png
s0017_00414_1_0_0_0_1_01.png,test,0,s0017,1,0,0,1,01,data/raw/mrlEyes_2018_01/s0017/s0017_00414_1_0_0_0_1_01.png
s0017_01182_1_0_0_0_1_01.png,test,0,s0017,1,0,0,1,01,data/raw/mrlEyes_2018_01/s0017/s0017_01182_1_0_0_0_1_01.png
s0011_01608_0_0_1_0_0_01.png,train,1,s0011,0,0,0,0,01,data/raw/mrlEyes_2018_01/s0011/s0011_01608_0_0_1_0_0_01.png
s0021_00121_0_1_0_0_0_01.png,train,0,s0021,0,1,0,0,01,data/raw/mrlEyes_2018_01/s0021/s0021_00121_0_1_0_0_0_01.png
s0034_00646_0_0_1_0_0_02.png,train,1,s0034,0,0,0,0,02,data/raw/mrlEyes_2018_01/s0034/s0034_00646_0_0_1_0_0_02.png
s0031_01474_1_0_1_0_1_02.png,train,1,s0031,1,0,0,1,02,data/raw/mrlEyes_2018_01/s0031/s0031_01474_1_0_1_0_1_02.png
s0008_00717_0_1_0_0_0_01.png,train,0,s0008,0,1,0,0,01,data/raw/mrlEyes_2018_01/s0008/s0008_00717_0_1_0_0_0_01.png
s0004_00800_0_0_0_0_0_01.png,val,0,s0004,0,0,0,0,01,data/raw/mrlEyes_2018_01/s0004/s0004_00800_0_0_0_0_0_01.png
s0025_00521_0_0_1_0_1_01.png,train,1,s0025,0,0,0,1,01,data/raw/mrlEyes_2018_01/s0025/s0025_00521_0_0_1_0_1_01.png
s0020_00006_0_0_0_0_1_01.png,train,0,s0020,0,0,0,1,01,data/raw/mrlEyes_2018_01/s0020/s0020_00006_0_0_0_0_1_01.png
s0028_00644_0_1_1_0_0_01.png,train,1,s0028,0,1,0,0,01,data/raw/mrlEyes_2018_01/s0028/s0028_00644_0_1_1_0_0_01.png
s0036_03880_1_0_1_0_1_01.png,train,1,s0036,1,0,0,1,01,data/raw/mrlEyes_2018_01/s0036/s0036_03880_1_0_1_0_1_01.png
s0034_00093_0_0_0_0_0_02.png,train,0,s0034,0,0,0,0,02,data/raw/mrlEyes_2018_01/s0034/s0034_00093_0_0_0_0_0_02.png
s0036_01502_1_1_0_0_0_01.png,train,0,s0036,1,1,0,0,01,data/raw/mrlEyes_2018_01/s0036/s0036_01502_1_1_0_0_0_01.png
s0001_02315_0_0_1_0_0_01.png,val,1,s0001,0,0,0,0,01,data/raw/mrlEyes_2018_01/s0001/s0001_02315_0_0_1_0_0_01.png
s0005_00379_0_0_0_0_0_01.png,val,0,s0005,0,0,0,0,01,data/raw/mrlEyes_2018_01/s0005/s0005_00379_0_0_0_0_0_01.png
s0026_00893_0_0_1_0_0_01.png,val,1,s0026,0,0,0,0,01,data/raw/mrlEyes_2018_01/s0026/s0026_00893_0_0_1_0_0_01.png
s0001_00397_0_0_0_0_0_01.png,val,0,s0001,0,0,0,0,01,data/raw/mrlEyes_2018_01/s0001/s0001_00397_0_0_0_0_0_01.png
s0022_00125_0_1_0_2_1_01.png,train,0,s0022,0,1,2,1,01,data/raw/mrlEyes_2018_01/s0022/s0022_00125_0_1_0_2_1_01.png
s0013_01921_0_1_0_0_0_01.png,val,0,s0013,0,1,0,0,01,data/raw/mrlEyes_2018_01/s0013/s0013_01921_0_1_0_0_0_01.png
s0037_00677_1_0_0_0_1_01.png,train,0,s0037,1,0,0,1,01,data/raw/mrlEyes_2018_01/s0037/s0037_00677_1_0_0_0_1_01.png
s0032_00050_0_0_0_0_1_02.png,test,0,s0032,0,0,0,1,02,data/raw/mrlEyes_2018_01/s0032/s0032_00050_0_0_0_0_1_02.png
s0018_04130_0_1_1_2_0_01.png,train,1,s0018,0,1,2,0,01,data/raw/mrlEyes_2018_01/s0018/s0018_04130_0_1_1_2_0_01.png
s0031_00720_1_0_1_0_1_02.png,train,1,s0031,1,0,0,1,02,data/raw/mrlEyes_2018_01/s0031/s0031_00720_1_0_1_0_1_02.png
s0018_04210_0_1_1_2_0_01.png,train,1,s0018,0,1,2,0,01,data/raw/mrlEyes_2018_01/s0018/s0018_04210_0_1_1_2_0_01.png
s0003_00598_0_0_1_0_0_01.png,test,1,s0003,0,0,0,0,01,data/raw/mrlEyes_2018_01/s0003/s0003_00598_0_0_1_0_0_01.png
s0013_03596_0_1_1_0_0_01.png,val,1,s0013,0,1,0,0,01,data/raw/mrlEyes_2018_01/s0013/s0013_03596_0_1_1_0_0_01.png
s0006_00713_0_1_0_1_0_01.png,train,0,s0006,0,1,1,0,01,data/raw/mrlEyes_2018_01/s0006/s0006_00713_0_1_0_1_0_01.png
s0023_00380_0_0_1_0_1_01.png,train,1,s0023,0,0,0,1,01,data/raw/mrlEyes_2018_01/s0023/s0023_00380_0_0_1_0_1_01.png
s0031_00103_1_0_0_0_1_02.png,train,0,s0031,1,0,0,1,02,data/raw/mrlEyes_2018_01/s0031/s0031_00103_1_0_0_0_1_02.png
s0037_08524_1_0_1_0_0_01.png,train,1,s0037,1,0,0,0,01,data/raw/mrlEyes_2018_01/s0037/s0037_08524_1_0_1_0_0_01.png
s0007_00120_0_0_0_0_1_01.png,test,0,s0007,0,0,0,1,01,data/raw/mrlEyes_2018_01/s0007/s0007_00120_0_0_0_0_1_01.png
s0029_00013_0_0_0_0_1_01.png,train,0,s0029,0,0,0,1,01,data/raw/mrlEyes_2018_01/s0029/s0029_00013_0_0_0_0_1_01.png
s0011_00057_0_0_0_0_1_01.png,train,0,s0011,0,0,0,1,01,data/raw/mrlEyes_2018_01/s0011/s0011_00057_0_0_0_0_1_01.png
s0009_00020_0_0_0_0_0_01.png,test,0,s0009,0,0,0,0,01,data/raw/mrlEyes_2018_01/s0009/s0009_00020_0_0_0_0_0_01.png
s0002_01102_0_0_1_0_0_01.png,train,1,s0002,0,0,0,0,01,data/raw/mrlEyes_2018_01/s0002/s0002_01102_0_0_1_0_0_01.png
s0018_03215_0_1_0_0_1_01.png,train,0,s0018,0,1,0,1,01,data/raw/mrlEyes_2018_01/s0018/s0018_03215_0_1_0_0_1_01.png
s0007_00387_0_0_0_0_0_01.png,test,0,s0007,0,0,0,0,01,data/raw/mrlEyes_2018_01/s0007/s0007_00387_0_0_0_0_0_01.png
s0018_02425_0_1_0_0_0_01.png,train,0,s0018,0,1,0,0,01,data/raw/mrlEyes_2018_01/s0018/s0018_02425_0_1_0_0_0_01.png
s0026_00785_0_0_1_0_0_01.png,val,1,s0026,0,0,0,0,01,data/raw/mrlEyes_2018_01/s0026/s0026_00785_0_0_1_0_0_01.png
s0018_03815_0_0_1_0_1_01.png,train,1,s0018,0,0,0,1,01,data/raw/mrlEyes_2018_01/s0018/s0018_03815_0_0_1_0_1_01.png
s0027_00036_0_1_0_2_0_01.png,val,0,s0027,0,1,2,0,01,data/raw/mrlEyes_2018_01/s0027/s0027_00036_0_1_0_2_0_01.png
s0020_00124_0_0_1_0_1_01.png,train,1,s0020,0,0,0,1,01,data/raw/mrlEyes_2018_01/s0020/s0020_00124_0_0_1_0_1_01.png
s0014_01692_0_0_0_0_0_01.png,train,0,s0014,0,0,0,0,01,data/raw/mrlEyes_2018_01/s0014/s0014_01692_0_0_0_0_0_01.png
s0018_03446_0_1_0_0_0_01.png,train,0,s0018,0,1,0,0,01,data/raw/mrlEyes_2018_01/s0018/s0018_03446_0_1_0_0_0_01.png
s0019_05988_0_0_1_0_0_01.png,train,1,s0019,0,0,0,0,01,data/raw/mrlEyes_2018_01/s0019/s0019_05988_0_0_1_0_0_01.png
s0025_00133_0_0_0_0_0_01.png,train,0,s0025,0,0,0,0,01,data/raw/mrlEyes_2018_01/s0025/s0025_00133_0_0_0_0_0_01.png
s0027_00111_0_0_1_0_0_01.png,val,1,s0027,0,0,0,0,01,data/raw/mrlEyes_2018_01/s0027/s0027_00111_0_0_1_0_0_01.png
s0036_00233_1_0_0_0_0_01.png,train,0,s0036,1,0,0,0,01,data/raw/mrlEyes_2018_01/s0036/s0036_00233_1_0_0_0_0_01.png
s0027_00310_0_0_1_0_0_01.png,val,1,s0027,0,0,0,0,01,data/raw/mrlEyes_2018_01/s0027/s0027_00310_0_0_1_0_0_01.png
s0037_02612_1_0_0_0_0_01.png,train,0,s0037,1,0,0,0,01,data/raw/mrlEyes_2018_01/s0037/s0037_02612_1_0_0_0_0_01.png
s0010_00354_0_0_1_0_0_01.png,train,1,s0010,0,0,0,0,01,data/raw/mrlEyes_2018_01/s0010/s0010_00354_0_0_1_0_0_01.png
s0001_01510_0_1_0_0_0_01.png,val,0,s0001,0,1,0,0,01,data/raw/mrlEyes_2018_01/s0001/s0001_01510_0_1_0_0_0_01.png
s0030_00128_0_0_0_0_0_01.png,val,0,s0030,0,0,0,0,01,data/raw/mrlEyes_2018_01/s0030/s0030_00128_0_0_0_0_0_01.png
s0004_00042_0_0_0_0_0_01.png,val,0,s0004,0,0,0,0,01,data/raw/mrlEyes_2018_01/s0004/s0004_00042_0_0_0_0_0_01.png
s0028_00500_0_1_1_0_0_01.png,train,1,s0028,0,1,0,0,01,data/raw/mrlEyes_2018_01/s0028/s0028_00500_0_1_1_0_0_01.png
s0004_00401_0_0_0_0_0_01.png,val,0,s0004,0,0,0,0,01,data/raw/mrlEyes_2018_01/s0004/s0004_00401_0_0_0_0_0_01.png
s0036_00896_1_1_0_0_0_01.png,train,0,s0036,1,1,0,0,01,data/raw/mrlEyes_2018_01/s0036/s0036_00896_1_1_0_0_0_01.png
s0009_00316_0_0_0_0_0_01.png,test,0,s0009,0,0,0,0,01,data/raw/mrlEyes_2018_01/s0009/s0009_00316_0_0_0_0_0_01.png
s0030_00755_0_0_1_0_1_01.png,val,1,s0030,0,0,0,1,01,data/raw/mrlEyes_2018_01/s0030/s0030_00755_0_0_1_0_1_01.png
s0029_00216_0_0_1_0_1_01.png,train,1,s0029,0,0,0,1,01,data/raw/mrlEyes_2018_01/s0029/s0029_00216_0_0_1_0_1_01.png
s0002_01008_0_0_1_0_0_01.png,train,1,s0002,0,0,0,0,01,data/raw/mrlEyes_2018_01/s0002/s0002_01008_0_0_1_0_0_01.png
s0015_00642_0_0_0_0_1_01.png,test,0,s0015,0,0,0,1,01,data/raw/mrlEyes_2018_01/s0015/s0015_00642_0_0_0_0_1_01.png
s0013_03457_0_1_1_1_0_01.png,val,1,s0013,0,1,1,0,01,data/raw/mrlEyes_2018_01/s0013/s0013_03457_0_1_1_1_0_01.png
s0008_00116_0_1_0_0_0_01.png,train,0,s0008,0,1,0,0,01,data/raw/mrlEyes_2018_01/s0008/s0008_00116_0_1_0_0_0_01.png
s0032_00025_0_1_0_2_1_02.png,test,0,s0032,0,1,2,1,02,data/raw/mrlEyes_2018_01/s0032/s0032_00025_0_1_0_2_1_02.png
s0032_04168_0_0_1_0_1_02.png,test,1,s0032,0,0,0,1,02,data/raw/mrlEyes_2018_01/s0032/s0032_04168_0_0_1_0_1_02.png
s0016_00254_1_0_0_0_1_01.png,test,0,s0016,1,0,0,1,01,data/raw/mrlEyes_2018_01/s0016/s0016_00254_1_0_0_0_1_01.png
s0027_00262_0_0_1_0_0_01.png,val,1,s0027,0,0,0,0,01,data/raw/mrlEyes_2018_01/s0027/s0027_00262_0_0_1_0_0_01.png
s0023_00019_0_0_0_0_1_01.png,train,0,s0023,0,0,0,1,01,data/raw/mrlEyes_2018_01/s0023/s0023_00019_0_0_0_0_1_01.png
s0021_00608_0_1_1_1_0_01.png,train,1,s0021,0,1,1,0,01,data/raw/mrlEyes_2018_01/s0021/s0021_00608_0_1_1_1_0_01.png
s0013_00140_0_0_0_0_0_01.png,val,0,s0013,0,0,0,0,01,data/raw/mrlEyes_2018_01/s0013/s0013_00140_0_0_0_0_0_01.png
s0013_03439_0_1_1_0_0_01.png,val,1,s0013,0,1,0,0,01,data/raw/mrlEyes_2018_01/s0013/s0013_03439_0_1_1_0_0_01.png
s0022_00029_0_0_0_0_1_01.png,train,0,s0022,0,0,0,1,01,data/raw/mrlEyes_2018_01/s0022/s0022_00029_0_0_0_0_1_01.png
s0007_00001_0_0_0_0_0_01.png,test,0,s0007,0,0,0,0,01,data/raw/mrlEyes_2018_01/s0007/s0007_00001_0_0_0_0_0_01.png
s0032_00422_0_1_1_2_1_02.png,test,1,s0032,0,1,2,1,02,data/raw/mrlEyes_2018_01/s0032/s0032_00422_0_1_1_2_1_02.png
s0027_00013_0_0_0_0_0_01.png,val,0,s0027,0,0,0,0,01,data/raw/mrlEyes_2018_01/s0027/s0027_00013_0_0_0_0_0_01.png
s0002_00532_0_0_0_0_0_01.png,train,0,s0002,0,0,0,0,01,data/raw/mrlEyes_2018_01/s0002/s0002_00532_0_0_0_0_0_01.png
s0002_00609_0_0_0_0_0_01.png,train,0,s0002,0,0,0,0,01,data/raw/mrlEyes_2018_01/s0002/s0002_00609_0_0_0_0_0_01.png
s0027_00063_0_1_0_2_0_01.png,val,0,s0027,0,1,2,0,01,data/raw/mrlEyes_2018_01/s0027/s0027_00063_0_1_0_2_0_01.png
s0026_00758_0_0_1_0_0_01.png,val,1,s0026,0,0,0,0,01,data/raw/mrlEyes_2018_01/s0026/s0026_00758_0_0_1_0_0_01.png
s0021_00049_0_0_0_0_0_01.png,train,0,s0021,0,0,0,0,01,data/raw/mrlEyes_2018_01/s0021/s0021_00049_0_0_0_0_0_01.png
s0012_04126_0_1_0_0_0_01.png,train,0,s0012,0,1,0,0,01,data/raw/mrlEyes_2018_01/s0012/s0012_04126_0_1_0_0_0_01.png
s0031_01063_1_0_1_0_1_02.png,train,1,s0031,1,0,0,1,02,data/raw/mrlEyes_2018_01/s0031/s0031_01063_1_0_1_0_1_02.png
s0015_00630_0_0_0_0_1_01.png,test,0,s0015,0,0,0,1,01,data/raw/mrlEyes_2018_01/s0015/s0015_00630_0_0_0_0_1_01.png
s0004_00589_0_0_0_0_0_01.png,val,0,s0004,0,0,0,0,01,data/raw/mrlEyes_2018_01/s0004/s0004_00589_0_0_0_0_0_01.png
s0026_00788_0_0_1_0_0_01.png,val,1,s0026,0,0,0,0,01,data/raw/mrlEyes_2018_01/s0026/s0026_00788_0_0_1_0_0_01.png
s0036_00414_1_0_0_0_0_01.png,train,0,s0036,1,0,0,0,01,data/raw/mrlEyes_2018_01/s0036/s0036_00414_1_0_0_0_0_01.png
s0019_01618_0_0_0_0_0_01.png,train,0,s0019,0,0,0,0,01,data/raw/mrlEyes_2018_01/s0019/s0019_01618_0_0_0_0_0_01.png
s0010_00268_0_0_0_0_0_01.png,train,0,s0010,0,0,0,0,01,data/raw/mrlEyes_2018_01/s0010/s0010_00268_0_0_0_0_0_01.png
s0019_03039_0_0_1_0_0_01.png,train,1,s0019,0,0,0,0,01,data/raw/mrlEyes_2018_01/s0019/s0019_03039_0_0_1_0_0_01.png
s0026_00471_0_0_1_0_0_01.png,val,1,s0026,0,0,0,0,01,data/raw/mrlEyes_2018_01/s0026/s0026_00471_0_0_1_0_0_01.png
s0008_00479_0_1_0_0_0_01.png,train,0,s0008,0,1,0,0,01,data/raw/mrlEyes_2018_01/s0008/s0008_00479_0_1_0_0_0_01.png
s0031_00102_1_0_0_0_1_02.png,train,0,s0031,1,0,0,1,02,data/raw/mrlEyes_2018_01/s0031/s0031_00102_1_0_0_0_1_02.png
s0034_00056_0_0_0_0_0_02.png,train,0,s0034,0,0,0,0,02,data/raw/mrlEyes_2018_01/s0034/s0034_00056_0_0_0_0_0_02.png
s0032_00022_0_1_0_2_1_02.png,test,0,s0032,0,1,2,1,02,data/raw/mrlEyes_2018_01/s0032/s0032_00022_0_1_0_2_1_02.png
s0018_00534_0_0_0_0_1_01.png,train,0,s0018,0,0,0,1,01,data/raw/mrlEyes_2018_01/s0018/s0018_00534_0_0_0_0_1_01.png
s0017_01280_1_0_0_0_1_01.png,test,0,s0017,1,0,0,1,01,data/raw/mrlEyes_2018_01/s0017/s0017_01280_1_0_0_0_1_01.png
s0011_01598_0_0_1_0_0_01.png,train,1,s0011,0,0,0,0,01,data/raw/mrlEyes_2018_01/s0011/s0011_01598_0_0_1_0_0_01.png
s0025_01238_0_0_1_0_1_01.png,train,1,s0025,0,0,0,1,01,data/raw/mrlEyes_2018_01/s0025/s0025_01238_0_0_1_0_1_01.png
s0007_00615_0_0_1_0_0_01.png,test,1,s0007,0,0,0,0,01,data/raw/mrlEyes_2018_01/s0007/s0007_00615_0_0_1_0_0_01.png
s0035_00373_0_1_1_1_1_02.png,train,1,s0035,0,1,1,1,02,data/raw/mrlEyes_2018_01/s0035/s0035_00373_0_1_1_1_1_02.png
s0024_00047_0_0_0_0_0_01.png,train,0,s0024,0,0,0,0,01,data/raw/mrlEyes_2018_01/s0024/s0024_00047_0_0_0_0_0_01.png
s0015_00828_0_0_1_0_1_01.png,test,1,s0015,0,0,0,1,01,data/raw/mrlEyes_2018_01/s0015/s0015_00828_0_0_1_0_1_01.png
s0013_03108_0_0_1_0_0_01.png,val,1,s0013,0,0,0,0,01,data/raw/mrlEyes_2018_01/s0013/s0013_03108_0_0_1_0_0_01.png
s0033_00377_0_0_1_0_1_01.png,test,1,s0033,0,0,0,1,01,data/raw/mrlEyes_2018_01/s0033/s0033_00377_0_0_1_0_1_01.png
s0010_00373_0_0_1_0_0_01.png,train,1,s0010,0,0,0,0,01,data/raw/mrlEyes_2018_01/s0010/s0010_00373_0_0_1_0_0_01.png
s0018_04312_0_1_1_2_0_01.png,train,1,s0018,0,1,2,0,01,data/raw/mrlEyes_2018_01/s0018/s0018_04312_0_1_1_2_0_01.png
s0037_03341_1_1_0_0_0_01.png,train,0,s0037,1,1,0,0,01,data/raw/mrlEyes_2018_01/s0037/s0037_03341_1_1_0_0_0_01.png
s0025_00079_0_0_0_0_0_01.png,train,0,s0025,0,0,0,0,01,data/raw/mrlEyes_2018_01/s0025/s0025_00079_0_0_0_0_0_01.png
s0024_00510_0_1_1_0_0_01.png,train,1,s0024,0,1,0,0,01,data/raw/mrlEyes_2018_01/s0024/s0024_00510_0_1_1_0_0_01.png
s0027_00031_0_1_0_2_0_01.png,val,0,s0027,0,1,2,0,01,data/raw/mrlEyes_2018_01/s0027/s0027_00031_0_1_0_2_0_01.png
s0032_00807_0_1_1_2_1_02.png,test,1,s0032,0,1,2,1,02,data/raw/mrlEyes_2018_01/s0032/s0032_00807_0_1_1_2_1_02.png
s0018_01227_0_0_0_0_1_01.png,train,0,s0018,0,0,0,1,01,data/raw/mrlEyes_2018_01/s0018/s0018_01227_0_0_0_0_1_01.png
s0024_00140_0_1_0_0_0_01.png,train,0,s0024,0,1,0,0,01,data/raw/mrlEyes_2018_01/s0024/s0024_00140_0_1_0_0_0_01.png
s0003_00647_0_0_1_0_0_01.png,test,1,s0003,0,0,0,0,01,data/raw/mrlEyes_2018_01/s0003/s0003_00647_0_0_1_0_0_01.png
s0013_03346_0_0_1_0_0_01.png,val,1,s0013,0,0,0,0,01,data/raw/mrlEyes_2018_01/s0013/s0013_03346_0_0_1_0_0_01.png
s0035_00290_0_1_1_2_1_02.png,train,1,s0035,0,1,2,1,02,data/raw/mrlEyes_2018_01/s0035/s0035_00290_0_1_1_2_1_02.png
s0028_00576_0_1_1_0_0_01.png,train,1,s0028,0,1,0,0,01,data/raw/mrlEyes_2018_01/s0028/s0028_00576_0_1_1_0_0_01.png
s0019_06112_0_0_1_0_0_01.png,train,1,s0019,0,0,0,0,01,data/raw/mrlEyes_2018_01/s0019/s0019_06112_0_0_1_0_0_01.png
s0008_00043_0_1_0_0_0_01.png,train,0,s0008,0,1,0,0,01,data/raw/mrlEyes_2018_01/s0008/s0008_00043_0_1_0_0_0_01.png
s0025_01484_0_0_1_0_0_01.png,train,1,s0025,0,0,0,0,01,data/raw/mrlEyes_2018_01/s0025/s0025_01484_0_0_1_0_0_01.png
s0034_00563_0_0_1_0_0_02.png,train,1,s0034,0,0,0,0,02,data/raw/mrlEyes_2018_01/s0034/s0034_00563_0_0_1_0_0_02.png
s0002_01075_0_0_1_0_0_01.png,train,1,s0002,0,0,0,0,01,data/raw/mrlEyes_2018_01/s0002/s0002_01075_0_0_1_0_0_01.png
s0018_04260_0_1_1_2_1_01.png,train,1,s0018,0,1,2,1,01,data/raw/mrlEyes_2018_01/s0018/s0018_04260_0_1_1_2_1_01.png
s0037_04334_1_1_0_0_0_01.png,train,0,s0037,1,1,0,0,01,data/raw/mrlEyes_2018_01/s0037/s0037_04334_1_1_0_0_0_01.png
s0037_07280_1_0_1_0_0_01.png,train,1,s0037,1,0,0,0,01,data/raw/mrlEyes_2018_01/s0037/s0037_07280_1_0_1_0_0_01.png
s0001_02812_0_1_1_0_0_01.png,val,1,s0001,0,1,0,0,01,data/raw/mrlEyes_2018_01/s0001/s0001_02812_0_1_1_0_0_01.png
s0031_01228_1_0_1_2_1_02.png,train,1,s0031,1,0,2,1,02,data/raw/mrlEyes_2018_01/s0031/s0031_01228_1_0_1_2_1_02.png
s0016_00429_1_0_0_0_1_01.png,test,0,s0016,1,0,0,1,01,data/raw/mrlEyes_2018_01/s0016/s0016_00429_1_0_0_0_1_01.png
s0034_00693_0_0_1_0_0_02.png,train,1,s0034,0,0,0,0,02,data/raw/mrlEyes_2018_01/s0034/s0034_00693_0_0_1_0_0_02.png
s0018_04151_0_1_1_2_1_01.png,train,1,s0018,0,1,2,1,01,data/raw/mrlEyes_2018_01/s0018/s0018_04151_0_1_1_2_1_01.png
s0021_00292_0_0_1_0_0_01.png,train,1,s0021,0,0,0,0,01,data/raw/mrlEyes_2018_01/s0021/s0021_00292_0_0_1_0_0_01.png
s0016_01629_1_0_0_0_1_01.png,test,0,s0016,1,0,0,1,01,data/raw/mrlEyes_2018_01/s0016/s0016_01629_1_0_0_0_1_01.png
s0011_01640_0_0_1_0_0_01.png,train,1,s0011,0,0,0,0,01,data/raw/mrlEyes_2018_01/s0011/s0011_01640_0_0_1_0_0_01.png
s0035_00175_0_1_1_2_1_02.png,train,1,s0035,0,1,2,1,02,data/raw/mrlEyes_2018_01/s0035/s0035_00175_0_1_1_2_1_02.png
s0011_01342_0_0_0_0_0_01.png,train,0,s0011,0,0,0,0,01,data/raw/mrlEyes_2018_01/s0011/s0011_01342_0_0_0_0_0_01.png
s0032_00005_0_1_0_2_1_02.png,test,0,s0032,0,1,2,1,02,data/raw/mrlEyes_2018_01/s0032/s0032_00005_0_1_0_2_1_02.png
s0009_00380_0_0_1_0_0_01.png,test,1,s0009,0,0,0,0,01,data/raw/mrlEyes_2018_01/s0009/s0009_00380_0_0_1_0_0_01.png
s0026_00796_0_0_1_0_0_01.png,val,1,s0026,0,0,0,0,01,data/raw/mrlEyes_2018_01/s0026/s0026_00796_0_0_1_0_0_01.png
s0032_02251_0_1_1_2_1_02.png,test,1,s0032,0,1,2,1,02,data/raw/mrlEyes_2018_01/s0032/s0032_02251_0_1_1_2_1_02.png
s0022_00100_0_1_0_2_1_01.png,train,0,s0022,0,1,2,1,01,data/raw/mrlEyes_2018_01/s0022/s0022_00100_0_1_0_2_1_01.png
s0037_06424_1_0_1_0_1_01.png,train,1,s0037,1,0,0,1,01,data/raw/mrlEyes_2018_01/s0037/s0037_06424_1_0_1_0_1_01.png
s0002_00683_0_0_0_0_0_01.png,train,0,s0002,0,0,0,0,01,data/raw/mrlEyes_2018_01/s0002/s0002_00683_0_0_0_0_0_01.png
s0022_00118_0_1_0_2_1_01.png,train,0,s0022,0,1,2,1,01,data/raw/mrlEyes_2018_01/s0022/s0022_00118_0_1_0_2_1_01.png
s0030_00230_0_0_0_0_0_01.png,val,0,s0030,0,0,0,0,01,data/raw/mrlEyes_2018_01/s0030/s0030_00230_0_0_0_0_0_01.png
s0015_00784_0_0_0_0_1_01.png,test,0,s0015,0,0,0,1,01,data/raw/mrlEyes_2018_01/s0015/s0015_00784_0_0_0_0_1_01.png
s0026_00498_0_0_1_0_1_01.png,val,1,s0026,0,0,0,1,01,data/raw/mrlEyes_2018_01/s0026/s0026_00498_0_0_1_0_1_01.png
s0019_02274_0_0_0_0_1_01.png,train,0,s0019,0,0,0,1,01,data/raw/mrlEyes_2018_01/s0019/s0019_02274_0_0_0_0_1_01.png
s0013_03076_0_0_1_0_0_01.png,val,1,s0013,0,0,0,0,01,data/raw/mrlEyes_2018_01/s0013/s0013_03076_0_0_1_0_0_01.png
s0006_00903_0_1_0_1_0_01.png,train,0,s0006,0,1,1,0,01,data/raw/mrlEyes_2018_01/s0006/s0006_00903_0_1_0_1_0_01.png
s0017_01361_1_0_1_0_0_01.png,test,1,s0017,1,0,0,0,01,data/raw/mrlEyes_2018_01/s0017/s0017_01361_1_0_1_0_0_01.png
s0034_00066_0_0_0_0_0_02.png,train,0,s0034,0,0,0,0,02,data/raw/mrlEyes_2018_01/s0034/s0034_00066_0_0_0_0_0_02.png
s0022_00025_0_0_0_0_1_01.png,train,0,s0022,0,0,0,1,01,data/raw/mrlEyes_2018_01/s0022/s0022_00025_0_0_0_0_1_01.png
s0013_03196_0_0_1_0_0_01.png,val,1,s0013,0,0,0,0,01,data/raw/mrlEyes_2018_01/s0013/s0013_03196_0_0_1_0_0_01.png
s0027_00486_0_1_1_2_1_01.png,val,1,s0027,0,1,2,1,01,data/raw/mrlEyes_2018_01/s0027/s0027_00486_0_1_1_2_1_01.png
s0003_00670_0_0_1_0_0_01.png,test,1,s0003,0,0,0,0,01,data/raw/mrlEyes_2018_01/s0003/s0003_00670_0_0_1_0_0_01.png
s0019_01310_0_0_0_0_0_01.png,train,0,s0019,0,0,0,0,01,data/raw/mrlEyes_2018_01/s0019/s0019_01310_0_0_0_0_0_01.png
s0017_01330_1_0_1_0_0_01.png,test,1,s0017,1,0,0,0,01,data/raw/mrlEyes_2018_01/s0017/s0017_01330_1_0_1_0_0_01.png
s0017_00100_1_0_0_0_1_01.png,test,0,s0017,1,0,0,1,01,data/raw/mrlEyes_2018_01/s0017/s0017_00100_1_0_0_0_1_01.png
s0016_01282_1_0_0_1_1_01.png,test,0,s0016,1,0,1,1,01,data/raw/mrlEyes_2018_01/s0016/s0016_01282_1_0_0_1_1_01.png
s0009_00198_0_0_0_0_0_01.png,test,0,s0009,0,0,0,0,01,data/raw/mrlEyes_2018_01/s0009/s0009_00198_0_0_0_0_0_01.png
s0001_02418_0_0_1_0_0_01.png,val,1,s0001,0,0,0,0,01,data/raw/mrlEyes_2018_01/s0001/s0001_02418_0_0_1_0_0_01.png
s0022_00156_0_0_1_0_1_01.png,train,1,s0022,0,0,0,1,01,data/raw/mrlEyes_2018_01/s0022/s0022_00156_0_0_1_0_1_01.png
s0002_01012_0_0_1_0_0_01.png,train,1,s0002,0,0,0,0,01,data/raw/mrlEyes_2018_01/s0002/s0002_01012_0_0_1_0_0_01.png
s0023_00043_0_0_0_0_1_01.png,train,0,s0023,0,0,0,1,01,data/raw/mrlEyes_2018_01/s0023/s0023_00043_0_0_0_0_1_01.png
s0024_00046_0_0_0_0_0_01.png,train,0,s0024,0,0,0,0,01,data/raw/mrlEyes_2018_01/s0024/s0024_00046_0_0_0_0_0_01.png
s0015_00545_0_0_0_0_0_01.png,test,0,s0015,0,0,0,0,01,data/raw/mrlEyes_2018_01/s0015/s0015_00545_0_0_0_0_0_01.png
s0004_00432_0_0_0_0_0_01.png,val,0,s0004,0,0,0,0,01,data/raw/mrlEyes_2018_01/s0004/s0004_00432_0_0_0_0_0_01.png
s0003_00433_0_0_0_0_0_01.png,test,0,s0003,0,0,0,0,01,data/raw/mrlEyes_2018_01/s0003/s0003_00433_0_0_0_0_0_01.png
s0020_00387_0_0_1_0_1_01.png,train,1,s0020,0,0,0,1,01,data/raw/mrlEyes_2018_01/s0020/s0020_00387_0_0_1_0_1_01.png
s0004_00567_0_0_0_0_0_01.png,val,0,s0004,0,0,0,0,01,data/raw/mrlEyes_2018_01/s0004/s0004_00567_0_0_0_0_0_01.png
s0025_00790_0_0_1_0_0_01.png,train,1,s0025,0,0,0,0,01,data/raw/mrlEyes_2018_01/s0025/s0025_00790_0_0_1_0_0_01.png
s0030_00021_0_0_0_0_1_01.png,val,0,s0030,0,0,0,1,01,data/raw/mrlEyes_2018_01/s0030/s0030_00021_0_0_0_0_1_01.png
s0002_01096_0_0_1_0_0_01.png,train,1,s0002,0,0,0,0,01,data/raw/mrlEyes_2018_01/s0002/s0002_01096_0_0_1_0_0_01.png
s0024_00172_0_1_0_0_0_01.png,train,0,s0024,0,1,0,0,01,data/raw/mrlEyes_2018_01/s0024/s0024_00172_0_1_0_0_0_01.png
s0001_00718_0_0_0_0_0_01.png,val,0,s0001,0,0,0,0,01,data/raw/mrlEyes_2018_01/s0001/s0001_00718_0_0_0_0_0_01.png
s0035_00068_0_1_1_0_1_02.png,train,1,s0035,0,1,0,1,02,data/raw/mrlEyes_2018_01/s0035/s0035_00068_0_1_1_0_1_02.png
s0005_00350_0_0_0_0_0_01.png,val,0,s0005,0,0,0,0,01,data/raw/mrlEyes_2018_01/s0005/s0005_00350_0_0_0_0_0_01.png
s0020_00363_0_0_1_0_0_01.png,train,1,s0020,0,0,0,0,01,data/raw/mrlEyes_2018_01/s0020/s0020_00363_0_0_1_0_0_01.png
s0024_00201_0_1_0_0_0_01.png,train,0,s0024,0,1,0,0,01,data/raw/mrlEyes_2018_01/s0024/s0024_00201_0_1_0_0_0_01.png
s0036_01414_1_1_0_2_0_01.png,train,0,s0036,1,1,2,0,01,data/raw/mrlEyes_2018_01/s0036/s0036_01414_1_1_0_2_0_01.png
s0027_00021_0_0_0_0_0_01.png,val,0,s0027,0,0,0,0,01,data/raw/mrlEyes_2018_01/s0027/s0027_00021_0_0_0_0_0_01.png
s0019_04766_0_0_1_0_0_01.png,train,1,s0019,0,0,0,0,01,data/raw/mrlEyes_2018_01/s0019/s0019_04766_0_0_1_0_0_01.png
s0001_00942_0_1_0_2_0_01.png,val,0,s0001,0,1,2,0,01,data/raw/mrlEyes_2018_01/s0001/s0001_00942_0_1_0_2_0_01.png
s0032_01110_0_1_1_2_1_02.png,test,1,s0032,0,1,2,1,02,data/raw/mrlEyes_2018_01/s0032/s0032_01110_0_1_1_2_1_02.png
s0016_01738_1_0_1_0_1_01.png,test,1,s0016,1,0,0,1,01,data/raw/mrlEyes_2018_01/s0016/s0016_01738_1_0_1_0_1_01.png
s0020_00012_0_0_0_0_1_01.png,train,0,s0020,0,0,0,1,01,data/raw/mrlEyes_2018_01/s0020/s0020_00012_0_0_0_0_1_01.png
s0028_00325_0_1_1_0_0_01.png,train,1,s0028,0,1,0,0,01,data/raw/mrlEyes_2018_01/s0028/s0028_00325_0_1_1_0_0_01.png
s0031_00091_1_0_0_0_1_02.png,train,0,s0031,1,0,0,1,02,data/raw/mrlEyes_2018_01/s0031/s0031_00091_1_0_0_0_1_02.png
s0031_00026_1_0_0_0_1_02.png,train,0,s0031,1,0,0,1,02,data/raw/mrlEyes_2018_01/s0031/s0031_00026_1_0_0_0_1_02.png
s0010_00062_0_0_0_0_0_01.png,train,0,s0010,0,0,0,0,01,data/raw/mrlEyes_2018_01/s0010/s0010_00062_0_0_0_0_0_01.png
s0037_09832_1_1_1_2_0_01.png,train,1,s0037,1,1,2,0,01,data/raw/mrlEyes_2018_01/s0037/s0037_09832_1_1_1_2_0_01.png
s0017_01618_1_0_1_0_1_01.png,test,1,s0017,1,0,0,1,01,data/raw/mrlEyes_2018_01/s0017/s0017_01618_1_0_1_0_1_01.png
s0019_00591_0_0_0_0_0_01.png,train,0,s0019,0,0,0,0,01,data/raw/mrlEyes_2018_01/s0019/s0019_00591_0_0_0_0_0_01.png
s0035_00005_0_1_0_1_1_02.png,train,0,s0035,0,1,1,1,02,data/raw/mrlEyes_2018_01/s0035/s0035_00005_0_1_0_1_1_02.png
s0019_01421_0_0_0_0_0_01.png,train,0,s0019,0,0,0,0,01,data/raw/mrlEyes_2018_01/s0019/s0019_01421_0_0_0_0_0_01.png
s0013_03482_0_1_1_0_0_01.png,val,1,s0013,0,1,0,0,01,data/raw/mrlEyes_2018_01/s0013/s0013_03482_0_1_1_0_0_01.png
s0018_04164_0_1_1_2_1_01.png,train,1,s0018,0,1,2,1,01,data/raw/mrlEyes_2018_01/s0018/s0018_04164_0_1_1_2_1_01.png
s0016_01870_1_0_1_0_0_01.png,test,1,s0016,1,0,0,0,01,data/raw/mrlEyes_2018_01/s0016/s0016_01870_1_0_1_0_0_01.png
s0007_00594_0_0_0_0_0_01.png,test,0,s0007,0,0,0,0,01,data/raw/mrlEyes_2018_01/s0007/s0007_00594_0_0_0_0_0_01.png
s0034_00013_0_0_0_0_0_02.png,train,0,s0034,0,0,0,0,02,data/raw/mrlEyes_2018_01/s0034/s0034_00013_0_0_0_0_0_02.png
s0028_00220_0_0_1_0_0_01.png,train,1,s0028,0,0,0,0,01,data/raw/mrlEyes_2018_01/s0028/s0028_00220_0_0_1_0_0_01.png
s0023_00016_0_0_0_0_1_01.png,train,0,s0023,0,0,0,1,01,data/raw/mrlEyes_2018_01/s0023/s0023_00016_0_0_0_0_1_01.png
s0001_03135_0_1_1_2_0_01.png,val,1,s0001,0,1,2,0,01,data/raw/mrlEyes_2018_01/s0001/s0001_03135_0_1_1_2_0_01.png
s0014_05946_0_0_1_0_1_01.png,train,1,s0014,0,0,0,1,01,data/raw/mrlEyes_2018_01/s0014/s0014_05946_0_0_1_0_1_01.png
s0020_00430_0_0_1_0_0_01.png,train,1,s0020,0,0,0,0,01,data/raw/mrlEyes_2018_01/s0020/s0020_00430_0_0_1_0_0_01.png
s0013_01247_0_0_0_0_0_01.png,val,0,s0013,0,0,0,0,01,data/raw/mrlEyes_2018_01/s0013/s0013_01247_0_0_0_0_0_01.png
s0005_00519_0_0_0_0_0_01.png,val,0,s0005,0,0,0,0,01,data/raw/mrlEyes_2018_01/s0005/s0005_00519_0_0_0_0_0_01.png
s0010_00042_0_0_0_0_0_01.png,train,0,s0010,0,0,0,0,01,data/raw/mrlEyes_2018_01/s0010/s0010_00042_0_0_0_0_0_01.png
s0017_01419_1_0_1_0_1_01.png,test,1,s0017,1,0,0,1,01,data/raw/mrlEyes_2018_01/s0017/s0017_01419_1_0_1_0_1_01.png
s0018_02332_0_1_0_0_0_01.png,train,0,s0018,0,1,0,0,01,data/raw/mrlEyes_2018_01/s0018/s0018_02332_0_1_0_0_0_01.png
s0017_01545_1_0_1_0_0_01.png,test,1,s0017,1,0,0,0,01,data/raw/mrlEyes_2018_01/s0017/s0017_01545_1_0_1_0_0_01.png
s0025_00124_0_0_0_0_1_01.png,train,0,s0025,0,0,0,1,01,data/raw/mrlEyes_2018_01/s0025/s0025_00124_0_0_0_0_1_01.png
s0007_00102_0_0_0_0_0_01.png,test,0,s0007,0,0,0,0,01,data/raw/mrlEyes_2018_01/s0007/s0007_00102_0_0_0_0_0_01.png
s0004_00393_0_0_0_0_0_01.png,val,0,s0004,0,0,0,0,01,data/raw/mrlEyes_2018_01/s0004/s0004_00393_0_0_0_0_0_01.png
s0001_01225_0_1_0_0_0_01.png,val,0,s0001,0,1,0,0,01,data/raw/mrlEyes_2018_01/s0001/s0001_01225_0_1_0_0_0_01.png
s0020_00010_0_0_0_0_1_01.png,train,0,s0020,0,0,0,1,01,data/raw/mrlEyes_2018_01/s0020/s0020_00010_0_0_0_0_1_01.png
s0008_00356_0_1_0_0_0_01.png,train,0,s0008,0,1,0,0,01,data/raw/mrlEyes_2018_01/s0008/s0008_00356_0_1_0_0_0_01.png
s0005_00638_0_0_0_0_0_01.png,val,0,s0005,0,0,0,0,01,data/raw/mrlEyes_2018_01/s0005/s0005_00638_0_0_0_0_0_01.png
s0035_00333_0_1_1_1_1_02.png,train,1,s0035,0,1,1,1,02,data/raw/mrlEyes_2018_01/s0035/s0035_00333_0_1_1_1_1_02.png
s0004_00157_0_0_0_0_0_01.png,val,0,s0004,0,0,0,0,01,data/raw/mrlEyes_2018_01/s0004/s0004_00157_0_0_0_0_0_01.png
s0013_03374_0_0_1_0_0_01.png,val,1,s0013,0,0,0,0,01,data/raw/mrlEyes_2018_01/s0013/s0013_03374_0_0_1_0_0_01.png
s0027_00020_0_0_0_0_1_01.png,val,0,s0027,0,0,0,1,01,data/raw/mrlEyes_2018_01/s0027/s0027_00020_0_0_0_0_1_01.png
s0019_04322_0_0_1_0_0_01.png,train,1,s0019,0,0,0,0,01,data/raw/mrlEyes_2018_01/s0019/s0019_04322_0_0_1_0_0_01.png
s0025_01108_0_0_1_0_1_01.png,train,1,s0025,0,0,0,1,01,data/raw/mrlEyes_2018_01/s0025/s0025_01108_0_0_1_0_1_01.png
s0033_00019_0_0_0_0_1_01.png,test,0,s0033,0,0,0,1,01,data/raw/mrlEyes_2018_01/s0033/s0033_00019_0_0_0_0_1_01.png
s0033_00067_0_0_0_0_0_01.png,test,0,s0033,0,0,0,0,01,data/raw/mrlEyes_2018_01/s0033/s0033_00067_0_0_0_0_0_01.png
s0036_05061_1_1_1_0_0_01.png,train,1,s0036,1,1,0,0,01,data/raw/mrlEyes_2018_01/s0036/s0036_05061_1_1_1_0_0_01.png
s0018_03407_0_1_0_0_0_01.png,train,0,s0018,0,1,0,0,01,data/raw/mrlEyes_2018_01/s0018/s0018_03407_0_1_0_0_0_01.png
s0023_00079_0_0_1_0_1_01.png,train,1,s0023,0,0,0,1,01,data/raw/mrlEyes_2018_01/s0023/s0023_00079_0_0_1_0_1_01.png
s0011_01472_0_0_0_0_0_01.png,train,0,s0011,0,0,0,0,01,data/raw/mrlEyes_2018_01/s0011/s0011_01472_0_0_0_0_0_01.png
s0017_01381_1_0_1_0_0_01.png,test,1,s0017,1,0,0,0,01,data/raw/mrlEyes_2018_01/s0017/s0017_01381_1_0_1_0_0_01.png
s0008_00191_0_1_0_1_0_01.png,train,0,s0008,0,1,1,0,01,data/raw/mrlEyes_2018_01/s0008/s0008_00191_0_1_0_1_0_01.png
s0010_00250_0_0_0_0_0_01.png,train,0,s0010,0,0,0,0,01,data/raw/mrlEyes_2018_01/s0010/s0010_00250_0_0_0_0_0_01.png
s0035_00010_0_1_0_2_1_02.png,train,0,s0035,0,1,2,1,02,data/raw/mrlEyes_2018_01/s0035/s0035_00010_0_1_0_2_1_02.png
s0008_00827_0_1_0_0_0_01.png,train,0,s0008,0,1,0,0,01,data/raw/mrlEyes_2018_01/s0008/s0008_00827_0_1_0_0_0_01.png
s0005_00115_0_0_0_0_0_01.png,val,0,s0005,0,0,0,0,01,data/raw/mrlEyes_2018_01/s0005/s0005_00115_0_0_0_0_0_01.png
s0028_00211_0_0_1_0_0_01.png,train,1,s0028,0,0,0,0,01,data/raw/mrlEyes_2018_01/s0028/s0028_00211_0_0_1_0_0_01.png
s0031_00685_1_0_1_0_1_02.png,train,1,s0031,1,0,0,1,02,data/raw/mrlEyes_2018_01/s0031/s0031_00685_1_0_1_0_1_02.png
s0025_00095_0_0_0_0_0_01.png,train,0,s0025,0,0,0,0,01,data/raw/mrlEyes_2018_01/s0025/s0025_00095_0_0_0_0_0_01.png
s0029_00081_0_0_0_0_1_01.png,train,0,s0029,0,0,0,1,01,data/raw/mrlEyes_2018_01/s0029/s0029_00081_0_0_0_0_1_01.png
s0003_00672_0_0_1_0_0_01.png,test,1,s0003,0,0,0,0,01,data/raw/mrlEyes_2018_01/s0003/s0003_00672_0_0_1_0_0_01.png
s0033_00202_0_0_1_0_1_01.png,test,1,s0033,0,0,0,1,01,data/raw/mrlEyes_2018_01/s0033/s0033_00202_0_0_1_0_1_01.png
s0010_00035_0_0_0_0_0_01.png,train,0,s0010,0,0,0,0,01,data/raw/mrlEyes_2018_01/s0010/s0010_00035_0_0_0_0_0_01.png
s0003_00632_0_0_1_0_0_01.png,test,1,s0003,0,0,0,0,01,data/raw/mrlEyes_2018_01/s0003/s0003_00632_0_0_1_0_0_01.png
s0018_03377_0_1_0_0_0_01.png,train,0,s0018,0,1,0,0,01,data/raw/mrlEyes_2018_01/s0018/s0018_03377_0_1_0_0_0_01.png
s0017_00741_1_0_0_0_0_01.png,test,0,s0017,1,0,0,0,01,data/raw/mrlEyes_2018_01/s0017/s0017_00741_1_0_0_0_0_01.png
s0024_00479_0_1_1_0_0_01.png,train,1,s0024,0,1,0,0,01,data/raw/mrlEyes_2018_01/s0024/s0024_00479_0_1_1_0_0_01.png
s0014_03107_0_1_0_2_0_01.png,train,0,s0014,0,1,2,0,01,data/raw/mrlEyes_2018_01/s0014/s0014_03107_0_1_0_2_0_01.png
s0017_01530_1_0_1_0_1_01.png,test,1,s0017,1,0,0,1,01,data/raw/mrlEyes_2018_01/s0017/s0017_01530_1_0_1_0_1_01.png
s0015_01023_0_0_1_0_1_01.png,test,1,s0015,0,0,0,1,01,data/raw/mrlEyes_2018_01/s0015/s0015_01023_0_0_1_0_1_01.png
s0027_00357_0_0_1_0_0_01.png,val,1,s0027,0,0,0,0,01,data/raw/mrlEyes_2018_01/s0027/s0027_00357_0_0_1_0_0_01.png
s0018_03912_0_0_1_0_1_01.png,train,1,s0018,0,0,0,1,01,data/raw/mrlEyes_2018_01/s0018/s0018_03912_0_0_1_0_1_01.png
s0028_00333_0_1_1_0_0_01.png,train,1,s0028,0,1,0,0,01,data/raw/mrlEyes_2018_01/s0028/s0028_00333_0_1_1_0_0_01.png
s0010_00383_0_0_1_0_0_01.png,train,1,s0010,0,0,0,0,01,data/raw/mrlEyes_2018_01/s0010/s0010_00383_0_0_1_0_0_01.png
s0037_10051_1_1_1_0_0_01.png,train,1,s0037,1,1,0,0,01,data/raw/mrlEyes_2018_01/s0037/s0037_10051_1_1_1_0_0_01.png
s0004_00439_0_0_0_0_0_01.png,val,0,s0004,0,0,0,0,01,data/raw/mrlEyes_2018_01/s0004/s0004_00439_0_0_0_0_0_01.png
s0023_00013_0_0_0_0_1_01.png,train,0,s0023,0,0,0,1,01,data/raw/mrlEyes_2018_01/s0023/s0023_00013_0_0_0_0_1_01.png
s0030_01077_0_0_1_0_1_01.png,val,1,s0030,0,0,0,1,01,data/raw/mrlEyes_2018_01/s0030/s0030_01077_0_0_1_0_1_01.png
s0021_00078_0_1_0_0_0_01.png,train,0,s0021,0,1,0,0,01,data/raw/mrlEyes_2018_01/s0021/s0021_00078_0_1_0_0_0_01.png
s0019_05631_0_0_1_0_0_01.png,train,1,s0019,0,0,0,0,01,data/raw/mrlEyes_2018_01/s0019/s0019_05631_0_0_1_0_0_01.png
s0019_04123_0_0_1_0_0_01.png,train,1,s0019,0,0,0,0,01,data/raw/mrlEyes_2018_01/s0019/s0019_04123_0_0_1_0_0_01.png
s0018_03803_0_0_1_0_1_01.png,train,1,s0018,0,0,0,1,01,data/raw/mrlEyes_2018_01/s0018/s0018_03803_0_0_1_0_1_01.png
s0018_00689_0_0_0_0_1_01.png,train,0,s0018,0,0,0,1,01,data/raw/mrlEyes_2018_01/s0018/s0018_00689_0_0_0_0_1_01.png
s0036_01983_1_1_0_0_0_01.png,train,0,s0036,1,1,0,0,01,data/raw/mrlEyes_2018_01/s0036/s0036_01983_1_1_0_0_0_01.png
s0018_03680_0_1_0_2_0_01.png,train,0,s0018,0,1,2,0,01,data/raw/mrlEyes_2018_01/s0018/s0018_03680_0_1_0_2_0_01.png
s0025_01416_0_0_1_0_1_01.png,train,1,s0025,0,0,0,1,01,data/raw/mrlEyes_2018_01/s0025/s0025_01416_0_0_1_0_1_01.png
s0019_05730_0_0_1_0_0_01.png,train,1,s0019,0,0,0,0,01,data/raw/mrlEyes_2018_01/s0019/s0019_05730_0_0_1_0_0_01.png
s0034_00076_0_0_0_0_0_02.png,train,0,s0034,0,0,0,0,02,data/raw/mrlEyes_2018_01/s0034/s0034_00076_0_0_0_0_0_02.png
s0025_00812_0_0_1_0_1_01.png,train,1,s0025,0,0,0,1,01,data/raw/mrlEyes_2018_01/s0025/s0025_00812_0_0_1_0_1_01.png
s0011_00132_0_0_0_0_1_01.png,train,0,s0011,0,0,0,1,01,data/raw/mrlEyes_2018_01/s0011/s0011_00132_0_0_0_0_1_01.png
s0024_00528_0_1_1_2_0_01.png,train,1,s0024,0,1,2,0,01,data/raw/mrlEyes_2018_01/s0024/s0024_00528_0_1_1_2_0_01.png
s0024_00082_0_1_0_0_0_01.png,train,0,s0024,0,1,0,0,01,data/raw/mrlEyes_2018_01/s0024/s0024_00082_0_1_0_0_0_01.png
s0029_00434_0_0_1_0_1_01.png,train,1,s0029,0,0,0,1,01,data/raw/mrlEyes_2018_01/s0029/s0029_00434_0_0_1_0_1_01.png
s0024_00651_0_1_1_1_0_01.png,train,1,s0024,0,1,1,0,01,data/raw/mrlEyes_2018_01/s0024/s0024_00651_0_1_1_1_0_01.png
s0034_00386_0_0_1_0_0_02.png,train,1,s0034,0,0,0,0,02,data/raw/mrlEyes_2018_01/s0034/s0034_00386_0_0_1_0_0_02.png
s0017_01633_1_0_1_0_1_01.png,test,1,s0017,1,0,0,1,01,data/raw/mrlEyes_2018_01/s0017/s0017_01633_1_0_1_0_1_01.png
s0031_00075_1_0_0_0_1_02.png,train,0,s0031,1,0,0,1,02,data/raw/mrlEyes_2018_01/s0031/s0031_00075_1_0_0_0_1_02.png
s0013_03290_0_0_1_0_0_01.png,val,1,s0013,0,0,0,0,01,data/raw/mrlEyes_2018_01/s0013/s0013_03290_0_0_1_0_0_01.png
s0012_07608_0_1_1_2_0_01.png,train,1,s0012,0,1,2,0,01,data/raw/mrlEyes_2018_01/s0012/s0012_07608_0_1_1_2_0_01.png
s0035_00079_0_1_1_0_0_02.png,train,1,s0035,0,1,0,0,02,data/raw/mrlEyes_2018_01/s0035/s0035_00079_0_1_1_0_0_02.png
s0036_03827_1_0_1_0_1_01.png,train,1,s0036,1,0,0,1,01,data/raw/mrlEyes_2018_01/s0036/s0036_03827_1_0_1_0_1_01.png
s0005_00128_0_0_0_0_0_01.png,val,0,s0005,0,0,0,0,01,data/raw/mrlEyes_2018_01/s0005/s0005_00128_0_0_0_0_0_01.png
s0036_01508_1_1_0_0_0_01.png,train,0,s0036,1,1,0,0,01,data/raw/mrlEyes_2018_01/s0036/s0036_01508_1_1_0_0_0_01.png
s0026_00035_0_0_0_0_1_01.png,val,0,s0026,0,0,0,1,01,data/raw/mrlEyes_2018_01/s0026/s0026_00035_0_0_0_0_1_01.png
s0034_00453_0_0_1_0_0_02.png,train,1,s0034,0,0,0,0,02,data/raw/mrlEyes_2018_01/s0034/s0034_00453_0_0_1_0_0_02.png
s0032_05756_0_0_1_1_1_02.png,test,1,s0032,0,0,1,1,02,data/raw/mrlEyes_2018_01/s0032/s0032_05756_0_0_1_1_1_02.png
s0010_00335_0_0_1_0_0_01.png,train,1,s0010,0,0,0,0,01,data/raw/mrlEyes_2018_01/s0010/s0010_00335_0_0_1_0_0_01.png
s0014_05527_0_0_1_0_0_01.png,train,1,s0014,0,0,0,0,01,data/raw/mrlEyes_2018_01/s0014/s0014_05527_0_0_1_0_0_01.png
s0019_02880_0_0_0_0_1_01.png,train,0,s0019,0,0,0,1,01,data/raw/mrlEyes_2018_01/s0019/s0019_02880_0_0_0_0_1_01.png
s0027_00248_0_0_1_0_0_01.png,val,1,s0027,0,0,0,0,01,data/raw/mrlEyes_2018_01/s0027/s0027_00248_0_0_1_0_0_01.png
s0037_00355_1_0_0_0_1_01.png,train,0,s0037,1,0,0,1,01,data/raw/mrlEyes_2018_01/s0037/s0037_00355_1_0_0_0_1_01.png
s0036_01422_1_1_0_2_0_01.png,train,0,s0036,1,1,2,0,01,data/raw/mrlEyes_2018_01/s0036/s0036_01422_1_1_0_2_0_01.png
s0001_00790_0_0_0_0_0_01.png,val,0,s0001,0,0,0,0,01,data/raw/mrlEyes_2018_01/s0001/s0001_00790_0_0_0_0_0_01.png
s0003_00438_0_0_0_0_0_01.png,test,0,s0003,0,0,0,0,01,data/raw/mrlEyes_2018_01/s0003/s0003_00438_0_0_0_0_0_01.png
s0030_01152_0_0_1_0_1_01.png,val,1,s0030,0,0,0,1,01,data/raw/mrlEyes_2018_01/s0030/s0030_01152_0_0_1_0_1_01.png
s0030_00983_0_0_1_0_1_01.png,val,1,s0030,0,0,0,1,01,data/raw/mrlEyes_2018_01/s0030/s0030_00983_0_0_1_0_1_01.png
s0018_04215_0_1_1_2_0_01.png,train,1,s0018,0,1,2,0,01,data/raw/mrlEyes_2018_01/s0018/s0018_04215_0_1_1_2_0_01.png
s0030_01064_0_0_1_0_0_01.png,val,1,s0030,0,0,0,0,01,data/raw/mrlEyes_2018_01/s0030/s0030_01064_0_0_1_0_0_01.png
s0012_04212_0_1_0_2_0_01.png,train,0,s0012,0,1,2,0,01,data/raw/mrlEyes_2018_01/s0012/s0012_04212_0_1_0_2_0_01.png
s0011_01256_0_0_0_0_0_01.png,train,0,s0011,0,0,0,0,01,data/raw/mrlEyes_2018_01/s0011/s0011_01256_0_0_0_0_0_01.png
s0020_00651_0_0_1_0_0_01.png,train,1,s0020,0,0,0,0,01,data/raw/mrlEyes_2018_01/s0020/s0020_00651_0_0_1_0_0_01.png
s0003_00571_0_0_1_0_0_01.png,test,1,s0003,0,0,0,0,01,data/raw/mrlEyes_2018_01/s0003/s0003_00571_0_0_1_0_0_01.png
s0035_00348_0_1_1_0_0_02.png,train,1,s0035,0,1,0,0,02,data/raw/mrlEyes_2018_01/s0035/s0035_00348_0_1_1_0_0_02.png
s0001_00808_0_0_0_0_0_01.png,val,0,s0001,0,0,0,0,01,data/raw/mrlEyes_2018_01/s0001/s0001_00808_0_0_0_0_0_01.png
s0029_00739_0_0_1_0_1_01.png,train,1,s0029,0,0,0,1,01,data/raw/mrlEyes_2018_01/s0029/s0029_00739_0_0_1_0_1_01.png
s0033_00083_0_0_0_0_1_01.png,test,0,s0033,0,0,0,1,01,data/raw/mrlEyes_2018_01/s0033/s0033_00083_0_0_0_0_1_01.png
s0013_02695_0_1_0_0_0_01.png,val,0,s0013,0,1,0,0,01,data/raw/mrlEyes_2018_01/s0013/s0013_02695_0_1_0_0_0_01.png
s0019_04597_0_0_1_0_0_01.png,train,1,s0019,0,0,0,0,01,data/raw/mrlEyes_2018_01/s0019/s0019_04597_0_0_1_0_0_01.png
s0001_00396_0_0_0_0_0_01.png,val,0,s0001,0,0,0,0,01,data/raw/mrlEyes_2018_01/s0001/s0001_00396_0_0_0_0_0_01.png
s0026_00650_0_0_1_0_0_01.png,val,1,s0026,0,0,0,0,01,data/raw/mrlEyes_2018_01/s0026/s0026_00650_0_0_1_0_0_01.png
s0007_00127_0_0_0_0_0_01.png,test,0,s0007,0,0,0,0,01,data/raw/mrlEyes_2018_01/s0007/s0007_00127_0_0_0_0_0_01.png
s0002_01081_0_0_1_0_0_01.png,train,1,s0002,0,0,0,0,01,data/raw/mrlEyes_2018_01/s0002/s0002_01081_0_0_1_0_0_01.png
s0018_04373_0_1_1_2_0_01.png,train,1,s0018,0,1,2,0,01,data/raw/mrlEyes_2018_01/s0018/s0018_04373_0_1_1_2_0_01.png
s0013_03007_0_0_1_0_0_01.png,val,1,s0013,0,0,0,0,01,data/raw/mrlEyes_2018_01/s0013/s0013_03007_0_0_1_0_0_01.png
s0009_00033_0_0_0_0_0_01.png,test,0,s0009,0,0,0,0,01,data/raw/mrlEyes_2018_01/s0009/s0009_00033_0_0_0_0_0_01.png
s0014_08847_0_0_1_0_0_01.png,train,1,s0014,0,0,0,0,01,data/raw/mrlEyes_2018_01/s0014/s0014_08847_0_0_1_0_0_01.png
s0025_00476_0_0_1_0_0_01.png,train,1,s0025,0,0,0,0,01,data/raw/mrlEyes_2018_01/s0025/s0025_00476_0_0_1_0_0_01.png
s0010_00102_0_0_0_0_0_01.png,train,0,s0010,0,0,0,0,01,data/raw/mrlEyes_2018_01/s0010/s0010_00102_0_0_0_0_0_01.png
s0026_01243_0_0_1_0_0_01.png,val,1,s0026,0,0,0,0,01,data/raw/mrlEyes_2018_01/s0026/s0026_01243_0_0_1_0_0_01.png
s0021_00385_0_0_1_0_0_01.png,train,1,s0021,0,0,0,0,01,data/raw/mrlEyes_2018_01/s0021/s0021_00385_0_0_1_0_0_01.png
s0027_00597_0_1_1_2_0_01.png,val,1,s0027,0,1,2,0,01,data/raw/mrlEyes_2018_01/s0027/s0027_00597_0_1_1_2_0_01.png
s0025_00043_0_0_0_0_0_01.png,train,0,s0025,0,0,0,0,01,data/raw/mrlEyes_2018_01/s0025/s0025_00043_0_0_0_0_0_01.png
s0013_02078_0_1_0_0_0_01.png,val,0,s0013,0,1,0,0,01,data/raw/mrlEyes_2018_01/s0013/s0013_02078_0_1_0_0_0_01.png
s0031_00743_1_0_1_1_1_02.png,train,1,s0031,1,0,1,1,02,data/raw/mrlEyes_2018_01/s0031/s0031_00743_1_0_1_1_1_02.png
s0033_00413_0_0_1_0_0_01.png,test,1,s0033,0,0,0,0,01,data/raw/mrlEyes_2018_01/s0033/s0033_00413_0_0_1_0_0_01.png
s0002_01066_0_0_1_0_0_01.png,train,1,s0002,0,0,0,0,01,data/raw/mrlEyes_2018_01/s0002/s0002_01066_0_0_1_0_0_01.png
s0006_00038_0_1_0_1_0_01.png,train,0,s0006,0,1,1,0,01,data/raw/mrlEyes_2018_01/s0006/s0006_00038_0_1_0_1_0_01.png
s0030_01283_0_0_1_0_1_01.png,val,1,s0030,0,0,0,1,01,data/raw/mrlEyes_2018_01/s0030/s0030_01283_0_0_1_0_1_01.png
s0014_01683_0_0_0_0_0_01.png,train,0,s0014,0,0,0,0,01,data/raw/mrlEyes_2018_01/s0014/s0014_01683_0_0_0_0_0_01.png
s0036_00779_1_0_0_0_1_01.png,train,0,s0036,1,0,0,1,01,data/raw/mrlEyes_2018_01/s0036/s0036_00779_1_0_0_0_1_01.png
s0001_01873_0_0_1_0_0_01.png,val,1,s0001,0,0,0,0,01,data/raw/mrlEyes_2018_01/s0001/s0001_01873_0_0_1_0_0_01.png
s0004_00269_0_0_0_0_0_01.png,val,0,s0004,0,0,0,0,01,data/raw/mrlEyes_2018_01/s0004/s0004_00269_0_0_0_0_0_01.png
s0036_05239_1_1_1_2_0_01.png,train,1,s0036,1,1,2,0,01,data/raw/mrlEyes_2018_01/s0036/s0036_05239_1_1_1_2_0_01.png
s0032_00016_0_1_0_2_1_02.png,test,0,s0032,0,1,2,1,02,data/raw/mrlEyes_2018_01/s0032/s0032_00016_0_1_0_2_1_02.png
s0004_00204_0_0_0_0_0_01.png,val,0,s0004,0,0,0,0,01,data/raw/mrlEyes_2018_01/s0004/s0004_00204_0_0_0_0_0_01.png
s0011_00858_0_0_0_0_0_01.png,train,0,s0011,0,0,0,0,01,data/raw/mrlEyes_2018_01/s0011/s0011_00858_0_0_0_0_0_01.png
s0024_00299_0_0_1_0_0_01.png,train,1,s0024,0,0,0,0,01,data/raw/mrlEyes_2018_01/s0024/s0024_00299_0_0_1_0_0_01.png
s0019_05378_0_0_1_0_0_01.png,train,1,s0019,0,0,0,0,01,data/raw/mrlEyes_2018_01/s0019/s0019_05378_0_0_1_0_0_01.png
s0010_00398_0_0_1_0_0_01.png,train,1,s0010,0,0,0,0,01,data/raw/mrlEyes_2018_01/s0010/s0010_00398_0_0_1_0_0_01.png
s0012_01541_0_0_0_0_1_01.png,train,0,s0012,0,0,0,1,01,data/raw/mrlEyes_2018_01/s0012/s0012_01541_0_0_0_0_1_01.png
s0033_00071_0_0_0_0_0_01.png,test,0,s0033,0,0,0,0,01,data/raw/mrlEyes_2018_01/s0033/s0033_00071_0_0_0_0_0_01.png
s0036_01532_1_1_0_0_0_01.png,train,0,s0036,1,1,0,0,01,data/raw/mrlEyes_2018_01/s0036/s0036_01532_1_1_0_0_0_01.png
s0010_00211_0_0_0_0_0_01.png,train,0,s0010,0,0,0,0,01,data/raw/mrlEyes_2018_01/s0010/s0010_00211_0_0_0_0_0_01.png
s0017_00294_1_0_0_0_1_01.png,test,0,s0017,1,0,0,1,01,data/raw/mrlEyes_2018_01/s0017/s0017_00294_1_0_0_0_1_01.png
s0034_00035_0_0_0_0_0_02.png,train,0,s0034,0,0,0,0,02,data/raw/mrlEyes_2018_01/s0034/s0034_00035_0_0_0_0_0_02.png
s0009_00072_0_0_0_0_0_01.png,test,0,s0009,0,0,0,0,01,data/raw/mrlEyes_2018_01/s0009/s0009_00072_0_0_0_0_0_01.png
s0034_00054_0_0_0_0_0_02.png,train,0,s0034,0,0,0,0,02,data/raw/mrlEyes_2018_01/s0034/s0034_00054_0_0_0_0_0_02.png
s0014_02533_0_1_0_0_0_01.png,train,0,s0014,0,1,0,0,01,data/raw/mrlEyes_2018_01/s0014/s0014_02533_0_1_0_0_0_01.png
s0018_01009_0_0_0_0_1_01.png,train,0,s0018,0,0,0,1,01,data/raw/mrlEyes_2018_01/s0018/s0018_01009_0_0_0_0_1_01.png
s0026_00501_0_0_1_0_0_01.png,val,1,s0026,0,0,0,0,01,data/raw/mrlEyes_2018_01/s0026/s0026_00501_0_0_1_0_0_01.png
s0022_00098_0_1_0_2_1_01.png,train,0,s0022,0,1,2,1,01,data/raw/mrlEyes_2018_01/s0022/s0022_00098_0_1_0_2_1_01.png
s0022_00239_0_0_1_0_1_01.png,train,1,s0022,0,0,0,1,01,data/raw/mrlEyes_2018_01/s0022/s0022_00239_0_0_1_0_1_01.png
s0010_00233_0_0_0_0_0_01.png,train,0,s0010,0,0,0,0,01,data/raw/mrlEyes_2018_01/s0010/s0010_00233_0_0_0_0_0_01.png
s0025_00049_0_0_0_0_0_01.png,train,0,s0025,0,0,0,0,01,data/raw/mrlEyes_2018_01/s0025/s0025_00049_0_0_0_0_0_01.png
s0023_00379_0_0_1_0_1_01.png,train,1,s0023,0,0,0,1,01,data/raw/mrlEyes_2018_01/s0023/s0023_00379_0_0_1_0_1_01.png
s0012_06122_0_0_1_0_0_03.png,train,1,s0012,0,0,0,0,03,data/raw/mrlEyes_2018_01/s0012/s0012_06122_0_0_1_0_0_03.png
s0013_03239_0_0_1_0_0_01.png,val,1,s0013,0,0,0,0,01,data/raw/mrlEyes_2018_01/s0013/s0013_03239_0_0_1_0_0_01.png
s0002_01062_0_0_1_0_0_01.png,train,1,s0002,0,0,0,0,01,data/raw/mrlEyes_2018_01/s0002/s0002_01062_0_0_1_0_0_01.png
s0025_00053_0_0_0_0_0_01.png,train,0,s0025,0,0,0,0,01,data/raw/mrlEyes_2018_01/s0025/s0025_00053_0_0_0_0_0_01.png
s0030_00713_0_0_1_0_1_01.png,val,1,s0030,0,0,0,1,01,data/raw/mrlEyes_2018_01/s0030/s0030_00713_0_0_1_0_1_01.png
s0001_03208_0_1_1_2_0_01.png,val,1,s0001,0,1,2,0,01,data/raw/mrlEyes_2018_01/s0001/s0001_03208_0_1_1_2_0_01.png
s0014_08357_0_0_1_1_0_02.png,train,1,s0014,0,0,1,0,02,data/raw/mrlEyes_2018_01/s0014/s0014_08357_0_0_1_1_0_02.png
s0027_00442_0_1_1_2_0_01.png,val,1,s0027,0,1,2,0,01,data/raw/mrlEyes_2018_01/s0027/s0027_00442_0_1_1_2_0_01.png
s0019_04279_0_0_1_0_0_01.png,train,1,s0019,0,0,0,0,01,data/raw/mrlEyes_2018_01/s0019/s0019_04279_0_0_1_0_0_01.png
s0004_00517_0_0_0_0_0_01.png,val,0,s0004,0,0,0,0,01,data/raw/mrlEyes_2018_01/s0004/s0004_00517_0_0_0_0_0_01.png
s0010_00224_0_0_0_0_0_01.png,train,0,s0010,0,0,0,0,01,data/raw/mrlEyes_2018_01/s0010/s0010_00224_0_0_0_0_0_01.png
s0029_00021_0_0_0_0_1_01.png,train,0,s0029,0,0,0,1,01,data/raw/mrlEyes_2018_01/s0029/s0029_00021_0_0_0_0_1_01.png
s0016_01585_1_0_0_0_1_01.png,test,0,s0016,1,0,0,1,01,data/raw/mrlEyes_2018_01/s0016/s0016_01585_1_0_0_0_1_01.png
s0002_01084_0_0_1_0_0_01.png,train,1,s0002,0,0,0,0,01,data/raw/mrlEyes_2018_01/s0002/s0002_01084_0_0_1_0_0_01.png
s0026_00096_0_0_0_0_0_01.png,val,0,s0026,0,0,0,0,01,data/raw/mrlEyes_2018_01/s0026/s0026_00096_0_0_0_0_0_01.png
s0008_00800_0_1_0_0_0_01.png,train,0,s0008,0,1,0,0,01,data/raw/mrlEyes_2018_01/s0008/s0008_00800_0_1_0_0_0_01.png
s0013_03601_0_1_1_0_0_01.png,val,1,s0013,0,1,0,0,01,data/raw/mrlEyes_2018_01/s0013/s0013_03601_0_1_1_0_0_01.png
s0003_00606_0_0_1_0_0_01.png,test,1,s0003,0,0,0,0,01,data/raw/mrlEyes_2018_01/s0003/s0003_00606_0_0_1_0_0_01.png
s0028_00049_0_0_1_0_0_01.png,train,1,s0028,0,0,0,0,01,data/raw/mrlEyes_2018_01/s0028/s0028_00049_0_0_1_0_0_01.png
s0022_00069_0_1_0_2_1_01.png,train,0,s0022,0,1,2,1,01,data/raw/mrlEyes_2018_01/s0022/s0022_00069_0_1_0_2_1_01.png
s0005_00717_0_0_1_0_0_01.png,val,1,s0005,0,0,0,0,01,data/raw/mrlEyes_2018_01/s0005/s0005_00717_0_0_1_0_0_01.png
s0014_03862_0_0_1_0_0_01.png,train,1,s0014,0,0,0,0,01,data/raw/mrlEyes_2018_01/s0014/s0014_03862_0_0_1_0_0_01.png
s0021_00784_0_1_1_2_0_01.png,train,1,s0021,0,1,2,0,01,data/raw/mrlEyes_2018_01/s0021/s0021_00784_0_1_1_2_0_01.png
s0006_00659_0_1_0_1_0_01.png,train,0,s0006,0,1,1,0,01,data/raw/mrlEyes_2018_01/s0006/s0006_00659_0_1_0_1_0_01.png
s0029_00110_0_0_0_0_1_01.png,train,0,s0029,0,0,0,1,01,data/raw/mrlEyes_2018_01/s0029/s0029_00110_0_0_0_0_1_01.png
s0022_00265_0_0_1_0_1_01.png,train,1,s0022,0,0,0,1,01,data/raw/mrlEyes_2018_01/s0022/s0022_00265_0_0_1_0_1_01.png
s0030_00105_0_0_0_0_1_01.png,val,0,s0030,0,0,0,1,01,data/raw/mrlEyes_2018_01/s0030/s0030_00105_0_0_0_0_1_01.png
s0010_00357_0_0_1_0_0_01.png,train,1,s0010,0,0,0,0,01,data/raw/mrlEyes_2018_01/s0010/s0010_00357_0_0_1_0_0_01.png
s0022_00112_0_1_0_2_1_01.png,train,0,s0022,0,1,2,1,01,data/raw/mrlEyes_2018_01/s0022/s0022_00112_0_1_0_2_1_01.png
s0029_00412_0_0_1_0_1_01.png,train,1,s0029,0,0,0,1,01,data/raw/mrlEyes_2018_01/s0029/s0029_00412_0_0_1_0_1_01.png
s0003_00091_0_0_0_0_0_01.png,test,0,s0003,0,0,0,0,01,data/raw/mrlEyes_2018_01/s0003/s0003_00091_0_0_0_0_0_01.png
s0002_00616_0_0_0_0_0_01.png,train,0,s0002,0,0,0,0,01,data/raw/mrlEyes_2018_01/s0002/s0002_00616_0_0_0_0_0_01.png
s0030_00110_0_0_0_0_1_01.png,val,0,s0030,0,0,0,1,01,data/raw/mrlEyes_2018_01/s0030/s0030_00110_0_0_0_0_1_01.png
s0012_01765_0_1_0_2_0_01.png,train,0,s0012,0,1,2,0,01,data/raw/mrlEyes_2018_01/s0012/s0012_01765_0_1_0_2_0_01.png
s0001_00768_0_0_0_0_0_01.png,val,0,s0001,0,0,0,0,01,data/raw/mrlEyes_2018_01/s0001/s0001_00768_0_0_0_0_0_01.png
s0024_00074_0_1_0_0_0_01.png,train,0,s0024,0,1,0,0,01,data/raw/mrlEyes_2018_01/s0024/s0024_00074_0_1_0_0_0_01.png
s0021_00129_0_1_0_0_0_01.png,train,0,s0021,0,1,0,0,01,data/raw/mrlEyes_2018_01/s0021/s0021_00129_0_1_0_0_0_01.png
s0037_03402_1_1_0_0_0_01.png,train,0,s0037,1,1,0,0,01,data/raw/mrlEyes_2018_01/s0037/s0037_03402_1_1_0_0_0_01.png
s0022_00103_0_1_0_2_1_01.png,train,0,s0022,0,1,2,1,01,data/raw/mrlEyes_2018_01/s0022/s0022_00103_0_1_0_2_1_01.png
s0005_00099_0_0_0_0_0_01.png,val,0,s0005,0,0,0,0,01,data/raw/mrlEyes_2018_01/s0005/s0005_00099_0_0_0_0_0_01.png
s0034_00611_0_0_1_0_0_02.png,train,1,s0034,0,0,0,0,02,data/raw/mrlEyes_2018_01/s0034/s0034_00611_0_0_1_0_0_02.png
s0021_00143_0_0_1_0_0_01.png,train,1,s0021,0,0,0,0,01,data/raw/mrlEyes_2018_01/s0021/s0021_00143_0_0_1_0_0_01.png
s0037_05879_1_1_0_0_0_01.png,train,0,s0037,1,1,0,0,01,data/raw/mrlEyes_2018_01/s0037/s0037_05879_1_1_0_0_0_01.png
s0027_00079_0_1_0_0_0_01.png,val,0,s0027,0,1,0,0,01,data/raw/mrlEyes_2018_01/s0027/s0027_00079_0_1_0_0_0_01.png
s0017_01378_1_0_1_0_1_01.png,test,1,s0017,1,0,0,1,01,data/raw/mrlEyes_2018_01/s0017/s0017_01378_1_0_1_0_1_01.png
s0026_00074_0_0_0_0_0_01.png,val,0,s0026,0,0,0,0,01,data/raw/mrlEyes_2018_01/s0026/s0026_00074_0_0_0_0_0_01.png
s0034_00070_0_0_0_0_0_02.png,train,0,s0034,0,0,0,0,02,data/raw/mrlEyes_2018_01/s0034/s0034_00070_0_0_0_0_0_02.png
s0019_02219_0_0_0_0_0_01.png,train,0,s0019,0,0,0,0,01,data/raw/mrlEyes_2018_01/s0019/s0019_02219_0_0_0_0_0_01.png
s0018_04137_0_1_1_2_1_01.png,train,1,s0018,0,1,2,1,01,data/raw/mrlEyes_2018_01/s0018/s0018_04137_0_1_1_2_1_01.png
s0028_00414_0_1_1_0_0_01.png,train,1,s0028,0,1,0,0,01,data/raw/mrlEyes_2018_01/s0028/s0028_00414_0_1_1_0_0_01.png
s0027_00608_0_1_1_2_1_01.png,val,1,s0027,0,1,2,1,01,data/raw/mrlEyes_2018_01/s0027/s0027_00608_0_1_1_2_1_01.png
s0021_00108_0_1_0_0_0_01.png,train,0,s0021,0,1,0,0,01,data/raw/mrlEyes_2018_01/s0021/s0021_00108_0_1_0_0_0_01.png
s0010_00386_0_0_1_0_0_01.png,train,1,s0010,0,0,0,0,01,data/raw/mrlEyes_2018_01/s0010/s0010_00386_0_0_1_0_0_01.png
s0016_01844_1_0_1_0_0_01.png,test,1,s0016,1,0,0,0,01,data/raw/mrlEyes_2018_01/s0016/s0016_01844_1_0_1_0_0_01.png
s0021_00003_0_0_0_0_0_01.png,train,0,s0021,0,0,0,0,01,data/raw/mrlEyes_2018_01/s0021/s0021_00003_0_0_0_0_0_01.png
s0019_00654_0_0_0_0_0_01.png,train,0,s0019,0,0,0,0,01,data/raw/mrlEyes_2018_01/s0019/s0019_00654_0_0_0_0_0_01.png
s0018_03991_0_0_1_0_1_01.png,train,1,s0018,0,0,0,1,01,data/raw/mrlEyes_2018_01/s0018/s0018_03991_0_0_1_0_1_01.png
s0004_00225_0_0_0_0_1_01.png,val,0,s0004,0,0,0,1,01,data/raw/mrlEyes_2018_01/s0004/s0004_00225_0_0_0_0_1_01.png
s0009_00095_0_0_0_0_0_01.png,test,0,s0009,0,0,0,0,01,data/raw/mrlEyes_2018_01/s0009/s0009_00095_0_0_0_0_0_01.png
s0036_01029_1_1_0_0_0_01.png,train,0,s0036,1,1,0,0,01,data/raw/mrlEyes_2018_01/s0036/s0036_01029_1_1_0_0_0_01.png
s0009_00301_0_0_0_0_0_01.png,test,0,s0009,0,0,0,0,01,data/raw/mrlEyes_2018_01/s0009/s0009_00301_0_0_0_0_0_01.png
s0008_00225_0_1_0_0_0_01.png,train,0,s0008,0,1,0,0,01,data/raw/mrlEyes_2018_01/s0008/s0008_00225_0_1_0_0_0_01.png
s0034_00640_0_0_1_0_0_02.png,train,1,s0034,0,0,0,0,02,data/raw/mrlEyes_2018_01/s0034/s0034_00640_0_0_1_0_0_02.png
s0020_00150_0_0_1_0_1_01.png,train,1,s0020,0,0,0,1,01,data/raw/mrlEyes_2018_01/s0020/s0020_00150_0_0_1_0_1_01.png
s0022_00023_0_0_0_0_1_01.png,train,0,s0022,0,0,0,1,01,data/raw/mrlEyes_2018_01/s0022/s0022_00023_0_0_0_0_1_01.png
s0002_01038_0_0_1_0_0_01.png,train,1,s0002,0,0,0,0,01,data/raw/mrlEyes_2018_01/s0002/s0002_01038_0_0_1_0_0_01.png
s0002_01031_0_0_1_0_0_01.png,train,1,s0002,0,0,0,0,01,data/raw/mrlEyes_2018_01/s0002/s0002_01031_0_0_1_0_0_01.png
s0023_00290_0_0_1_0_1_01.png,train,1,s0023,0,0,0,1,01,data/raw/mrlEyes_2018_01/s0023/s0023_00290_0_0_1_0_1_01.png
s0009_00141_0_0_0_0_0_01.png,test,0,s0009,0,0,0,0,01,data/raw/mrlEyes_2018_01/s0009/s0009_00141_0_0_0_0_0_01.png
s0019_05315_0_0_1_0_0_01.png,train,1,s0019,0,0,0,0,01,data/raw/mrlEyes_2018_01/s0019/s0019_05315_0_0_1_0_0_01.png
s0005_00147_0_0_0_0_0_01.png,val,0,s0005,0,0,0,0,01,data/raw/mrlEyes_2018_01/s0005/s0005_00147_0_0_0_0_0_01.png
s0026_00998_0_0_1_0_0_01.png,val,1,s0026,0,0,0,0,01,data/raw/mrlEyes_2018_01/s0026/s0026_00998_0_0_1_0_0_01.png
s0016_01724_1_0_1_0_1_01.png,test,1,s0016,1,0,0,1,01,data/raw/mrlEyes_2018_01/s0016/s0016_01724_1_0_1_0_1_01.png
s0032_00066_0_0_0_0_1_02.png,test,0,s0032,0,0,0,1,02,data/raw/mrlEyes_2018_01/s0032/s0032_00066_0_0_0_0_1_02.png
s0013_00407_0_0_0_0_0_01.png,val,0,s0013,0,0,0,0,01,data/raw/mrlEyes_2018_01/s0013/s0013_00407_0_0_0_0_0_01.png
s0024_00108_0_1_0_1_0_01.png,train,0,s0024,0,1,1,0,01,data/raw/mrlEyes_2018_01/s0024/s0024_00108_0_1_0_1_0_01.png
s0008_00758_0_1_0_0_0_01.png,train,0,s0008,0,1,0,0,01,data/raw/mrlEyes_2018_01/s0008/s0008_00758_0_1_0_0_0_01.png
s0014_02595_0_1_0_0_0_01.png,train,0,s0014,0,1,0,0,01,data/raw/mrlEyes_2018_01/s0014/s0014_02595_0_1_0_0_0_01.png
s0010_00032_0_0_0_0_0_01.png,train,0,s0010,0,0,0,0,01,data/raw/mrlEyes_2018_01/s0010/s0010_00032_0_0_0_0_0_01.png
s0027_00038_0_1_0_0_0_01.png,val,0,s0027,0,1,0,0,01,data/raw/mrlEyes_2018_01/s0027/s0027_00038_0_1_0_0_0_01.png
s0020_00510_0_0_1_0_0_01.png,train,1,s0020,0,0,0,0,01,data/raw/mrlEyes_2018_01/s0020/s0020_00510_0_0_1_0_0_01.png
s0029_00454_0_0_1_0_1_01.png,train,1,s0029,0,0,0,1,01,data/raw/mrlEyes_2018_01/s0029/s0029_00454_0_0_1_0_1_01.png
s0010_00392_0_0_1_0_0_01.png,train,1,s0010,0,0,0,0,01,data/raw/mrlEyes_2018_01/s0010/s0010_00392_0_0_1_0_0_01.png
s0003_00673_0_0_1_0_0_01.png,test,1,s0003,0,0,0,0,01,data/raw/mrlEyes_2018_01/s0003/s0003_00673_0_0_1_0_0_01.png
s0029_01170_0_0_1_0_1_01.png,train,1,s0029,0,0,0,1,01,data/raw/mrlEyes_2018_01/s0029/s0029_01170_0_0_1_0_1_01.png
s0009_00147_0_0_0_0_0_01.png,test,0,s0009,0,0,0,0,01,data/raw/mrlEyes_2018_01/s0009/s0009_00147_0_0_0_0_0_01.png
s0035_00539_0_1_1_0_1_02.png,train,1,s0035,0,1,0,1,02,data/raw/mrlEyes_2018_01/s0035/s0035_00539_0_1_1_0_1_02.png
s0016_01833_1_0_1_0_0_01.png,test,1,s0016,1,0,0,0,01,data/raw/mrlEyes_2018_01/s0016/s0016_01833_1_0_1_0_0_01.png
s0006_00412_0_1_0_1_0_01.png,train,0,s0006,0,1,1,0,01,data/raw/mrlEyes_2018_01/s0006/s0006_00412_0_1_0_1_0_01.png
s0015_00110_0_0_0_0_1_01.png,test,0,s0015,0,0,0,1,01,data/raw/mrlEyes_2018_01/s0015/s0015_00110_0_0_0_0_1_01.png
s0026_00232_0_0_0_0_1_01.png,val,0,s0026,0,0,0,1,01,data/raw/mrlEyes_2018_01/s0026/s0026_00232_0_0_0_0_1_01.png
s0022_00344_0_1_1_2_1_01.png,train,1,s0022,0,1,2,1,01,data/raw/mrlEyes_2018_01/s0022/s0022_00344_0_1_1_2_1_01.png
s0030_00089_0_0_0_0_1_01.png,val,0,s0030,0,0,0,1,01,data/raw/mrlEyes_2018_01/s0030/s0030_00089_0_0_0_0_1_01.png
s0002_00028_0_0_0_0_0_01.png,train,0,s0002,0,0,0,0,01,data/raw/mrlEyes_2018_01/s0002/s0002_00028_0_0_0_0_0_01.png
s0030_00633_0_0_1_0_1_01.png,val,1,s0030,0,0,0,1,01,data/raw/mrlEyes_2018_01/s0030/s0030_00633_0_0_1_0_1_01.png
s0027_00491_0_1_1_2_0_01.png,val,1,s0027,0,1,2,0,01,data/raw/mrlEyes_2018_01/s0027/s0027_00491_0_1_1_2_0_01.png
s0029_00171_0_0_0_0_1_01.png,train,0,s0029,0,0,0,1,01,data/raw/mrlEyes_2018_01/s0029/s0029_00171_0_0_0_0_1_01.png
s0002_01060_0_0_1_0_0_01.png,train,1,s0002,0,0,0,0,01,data/raw/mrlEyes_2018_01/s0002/s0002_01060_0_0_1_0_0_01.png
s0012_04653_0_0_1_0_1_03.png,train,1,s0012,0,0,0,1,03,data/raw/mrlEyes_2018_01/s0012/s0012_04653_0_0_1_0_1_03.png
s0011_00410_0_0_0_0_0_01.png,train,0,s0011,0,0,0,0,01,data/raw/mrlEyes_2018_01/s0011/s0011_00410_0_0_0_0_0_01.png
s0028_00586_0_1_1_0_0_01.png,train,1,s0028,0,1,0,0,01,data/raw/mrlEyes_2018_01/s0028/s0028_00586_0_1_1_0_0_01.png
s0019_03147_0_0_1_0_0_01.png,train,1,s0019,0,0,0,0,01,data/raw/mrlEyes_2018_01/s0019/s0019_03147_0_0_1_0_0_01.png
s0023_00302_0_0_1_0_1_01.png,train,1,s0023,0,0,0,1,01,data/raw/mrlEyes_2018_01/s0023/s0023_00302_0_0_1_0_1_01.png
s0023_00287_0_0_1_0_1_01.png,train,1,s0023,0,0,0,1,01,data/raw/mrlEyes_2018_01/s0023/s0023_00287_0_0_1_0_1_01.png
s0035_00359_0_1_1_1_1_02.png,train,1,s0035,0,1,1,1,02,data/raw/mrlEyes_2018_01/s0035/s0035_00359_0_1_1_1_1_02.png
s0001_02269_0_0_1_0_0_01.png,val,1,s0001,0,0,0,0,01,data/raw/mrlEyes_2018_01/s0001/s0001_02269_0_0_1_0_0_01.png
s0026_00683_0_0_1_0_0_01.png,val,1,s0026,0,0,0,0,01,data/raw/mrlEyes_2018_01/s0026/s0026_00683_0_0_1_0_0_01.png
s0012_03402_0_1_0_0_0_01.png,train,0,s0012,0,1,0,0,01,data/raw/mrlEyes_2018_01/s0012/s0012_03402_0_1_0_0_0_01.png
s0002_00211_0_0_0_0_1_01.png,train,0,s0002,0,0,0,1,01,data/raw/mrlEyes_2018_01/s0002/s0002_00211_0_0_0_0_1_01.png
s0016_01765_1_0_1_0_1_01.png,test,1,s0016,1,0,0,1,01,data/raw/mrlEyes_2018_01/s0016/s0016_01765_1_0_1_0_1_01.png
s0008_00432_0_1_0_0_0_01.png,train,0,s0008,0,1,0,0,01,data/raw/mrlEyes_2018_01/s0008/s0008_00432_0_1_0_0_0_01.png
s0010_00078_0_0_0_0_0_01.png,train,0,s0010,0,0,0,0,01,data/raw/mrlEyes_2018_01/s0010/s0010_00078_0_0_0_0_0_01.png
s0026_00502_0_0_1_0_0_01.png,val,1,s0026,0,0,0,0,01,data/raw/mrlEyes_2018_01/s0026/s0026_00502_0_0_1_0_0_01.png
s0025_01037_0_0_1_0_1_01.png,train,1,s0025,0,0,0,1,01,data/raw/mrlEyes_2018_01/s0025/s0025_01037_0_0_1_0_1_01.png
s0007_00511_0_0_0_0_0_01.png,test,0,s0007,0,0,0,0,01,data/raw/mrlEyes_2018_01/s0007/s0007_00511_0_0_0_0_0_01.png
s0020_00345_0_0_1_0_0_01.png,train,1,s0020,0,0,0,0,01,data/raw/mrlEyes_2018_01/s0020/s0020_00345_0_0_1_0_0_01.png
s0003_00660_0_0_1_0_0_01.png,test,1,s0003,0,0,0,0,01,data/raw/mrlEyes_2018_01/s0003/s0003_00660_0_0_1_0_0_01.png
s0034_00041_0_0_0_0_0_02.png,train,0,s0034,0,0,0,0,02,data/raw/mrlEyes_2018_01/s0034/s0034_00041_0_0_0_0_0_02.png
s0029_00778_0_0_1_0_1_01.png,train,1,s0029,0,0,0,1,01,data/raw/mrlEyes_2018_01/s0029/s0029_00778_0_0_1_0_1_01.png
s0013_02999_0_0_1_0_0_01.png,val,1,s0013,0,0,0,0,01,data/raw/mrlEyes_2018_01/s0013/s0013_02999_0_0_1_0_0_01.png
s0021_00550_0_1_1_2_0_01.png,train,1,s0021,0,1,2,0,01,data/raw/mrlEyes_2018_01/s0021/s0021_00550_0_1_1_2_0_01.png
s0028_00322_0_1_1_0_0_01.png,train,1,s0028,0,1,0,0,01,data/raw/mrlEyes_2018_01/s0028/s0028_00322_0_1_1_0_0_01.png
s0002_00404_0_0_0_0_1_01.png,train,0,s0002,0,0,0,1,01,data/raw/mrlEyes_2018_01/s0002/s0002_00404_0_0_0_0_1_01.png
s0036_03307_1_0_1_0_0_01.png,train,1,s0036,1,0,0,0,01,data/raw/mrlEyes_2018_01/s0036/s0036_03307_1_0_1_0_0_01.png
s0022_00153_0_0_1_0_1_01.png,train,1,s0022,0,0,0,1,01,data/raw/mrlEyes_2018_01/s0022/s0022_00153_0_0_1_0_1_01.png
s0009_00350_0_0_0_0_0_01.png,test,0,s0009,0,0,0,0,01,data/raw/mrlEyes_2018_01/s0009/s0009_00350_0_0_0_0_0_01.png
s0019_01745_0_0_0_0_0_01.png,train,0,s0019,0,0,0,0,01,data/raw/mrlEyes_2018_01/s0019/s0019_01745_0_0_0_0_0_01.png
s0007_00617_0_0_1_0_0_01.png,test,1,s0007,0,0,0,0,01,data/raw/mrlEyes_2018_01/s0007/s0007_00617_0_0_1_0_0_01.png
s0037_06414_1_0_1_0_0_01.png,train,1,s0037,1,0,0,0,01,data/raw/mrlEyes_2018_01/s0037/s0037_06414_1_0_1_0_0_01.png
s0034_00718_0_0_1_0_0_02.png,train,1,s0034,0,0,0,0,02,data/raw/mrlEyes_2018_01/s0034/s0034_00718_0_0_1_0_0_02.png
s0018_03871_0_0_1_0_1_01.png,train,1,s0018,0,0,0,1,01,data/raw/mrlEyes_2018_01/s0018/s0018_03871_0_0_1_0_1_01.png
s0027_00124_0_0_1_0_1_01.png,val,1,s0027,0,0,0,1,01,data/raw/mrlEyes_2018_01/s0027/s0027_00124_0_0_1_0_1_01.png
s0026_00531_0_0_1_0_1_01.png,val,1,s0026,0,0,0,1,01,data/raw/mrlEyes_2018_01/s0026/s0026_00531_0_0_1_0_1_01.png
s0022_00064_0_1_0_0_1_01.png,train,0,s0022,0,1,0,1,01,data/raw/mrlEyes_2018_01/s0022/s0022_00064_0_1_0_0_1_01.png
s0013_01935_0_1_0_0_0_01.png,val,0,s0013,0,1,0,0,01,data/raw/mrlEyes_2018_01/s0013/s0013_01935_0_1_0_0_0_01.png
s0010_00054_0_0_0_0_0_01.png,train,0,s0010,0,0,0,0,01,data/raw/mrlEyes_2018_01/s0010/s0010_00054_0_0_0_0_0_01.png
s0012_06898_0_0_1_0_1_01.png,train,1,s0012,0,0,0,1,01,data/raw/mrlEyes_2018_01/s0012/s0012_06898_0_0_1_0_1_01.png
s0030_00696_0_0_1_0_1_01.png,val,1,s0030,0,0,0,1,01,data/raw/mrlEyes_2018_01/s0030/s0030_00696_0_0_1_0_1_01.png
s0014_06624_0_1_1_0_0_01.png,train,1,s0014,0,1,0,0,01,data/raw/mrlEyes_2018_01/s0014/s0014_06624_0_1_1_0_0_01.png
s0017_01324_1_0_1_0_0_01.png,test,1,s0017,1,0,0,0,01,data/raw/mrlEyes_2018_01/s0017/s0017_01324_1_0_1_0_0_01.png
s0024_00251_0_0_1_0_0_01.png,train,1,s0024,0,0,0,0,01,data/raw/mrlEyes_2018_01/s0024/s0024_00251_0_0_1_0_0_01.png
s0025_01377_0_0_1_0_0_01.png,train,1,s0025,0,0,0,0,01,data/raw/mrlEyes_2018_01/s0025/s0025_01377_0_0_1_0_0_01.png
s0027_00386_0_0_1_0_0_01.png,val,1,s0027,0,0,0,0,01,data/raw/mrlEyes_2018_01/s0027/s0027_00386_0_0_1_0_0_01.png
s0008_00251_0_1_0_1_0_01.png,train,0,s0008,0,1,1,0,01,data/raw/mrlEyes_2018_01/s0008/s0008_00251_0_1_0_1_0_01.png
s0008_00426_0_1_0_0_0_01.png,train,0,s0008,0,1,0,0,01,data/raw/mrlEyes_2018_01/s0008/s0008_00426_0_1_0_0_0_01.png
s0013_02793_0_1_0_0_0_01.png,val,0,s0013,0,1,0,0,01,data/raw/mrlEyes_2018_01/s0013/s0013_02793_0_1_0_0_0_01.png
s0004_00459_0_0_0_0_0_01.png,val,0,s0004,0,0,0,0,01,data/raw/mrlEyes_2018_01/s0004/s0004_00459_0_0_0_0_0_01.png
s0013_02211_0_1_0_0_0_01.png,val,0,s0013,0,1,0,0,01,data/raw/mrlEyes_2018_01/s0013/s0013_02211_0_1_0_0_0_01.png
s0013_03461_0_1_1_1_0_01.png,val,1,s0013,0,1,1,0,01,data/raw/mrlEyes_2018_01/s0013/s0013_03461_0_1_1_1_0_01.png
s0023_00045_0_0_0_0_1_01.png,train,0,s0023,0,0,0,1,01,data/raw/mrlEyes_2018_01/s0023/s0023_00045_0_0_0_0_1_01.png
s0033_00035_0_0_0_0_1_01.png,test,0,s0033,0,0,0,1,01,data/raw/mrlEyes_2018_01/s0033/s0033_00035_0_0_0_0_1_01.png
s0026_00193_0_0_0_0_0_01.png,val,0,s0026,0,0,0,0,01,data/raw/mrlEyes_2018_01/s0026/s0026_00193_0_0_0_0_0_01.png
s0022_00126_0_1_0_2_1_01.png,train,0,s0022,0,1,2,1,01,data/raw/mrlEyes_2018_01/s0022/s0022_00126_0_1_0_2_1_01.png
s0015_00604_0_0_0_0_1_01.png,test,0,s0015,0,0,0,1,01,data/raw/mrlEyes_2018_01/s0015/s0015_00604_0_0_0_0_1_01.png
s0025_00104_0_0_0_0_0_01.png,train,0,s0025,0,0,0,0,01,data/raw/mrlEyes_2018_01/s0025/s0025_00104_0_0_0_0_0_01.png
s0011_01540_0_0_1_0_0_01.png,train,1,s0011,0,0,0,0,01,data/raw/mrlEyes_2018_01/s0011/s0011_01540_0_0_1_0_0_01.png
s0037_02042_1_0_0_0_0_01.png,train,0,s0037,1,0,0,0,01,data/raw/mrlEyes_2018_01/s0037/s0037_02042_1_0_0_0_0_01.png
s0006_00288_0_1_0_1_0_01.png,train,0,s0006,0,1,1,0,01,data/raw/mrlEyes_2018_01/s0006/s0006_00288_0_1_0_1_0_01.png
s0021_00126_0_1_0_0_0_01.png,train,0,s0021,0,1,0,0,01,data/raw/mrlEyes_2018_01/s0021/s0021_00126_0_1_0_0_0_01.png
s0020_00004_0_0_0_0_1_01.png,train,0,s0020,0,0,0,1,01,data/raw/mrlEyes_2018_01/s0020/s0020_00004_0_0_0_0_1_01.png
s0018_04272_0_1_1_2_0_01.png,train,1,s0018,0,1,2,0,01,data/raw/mrlEyes_2018_01/s0018/s0018_04272_0_1_1_2_0_01.png
s0035_00061_0_1_1_0_1_02.png,train,1,s0035,0,1,0,1,02,data/raw/mrlEyes_2018_01/s0035/s0035_00061_0_1_1_0_1_02.png
s0011_00010_0_0_0_0_0_01.png,train,0,s0011,0,0,0,0,01,data/raw/mrlEyes_2018_01/s0011/s0011_00010_0_0_0_0_0_01.png
s0026_00346_0_0_0_0_1_01.png,val,0,s0026,0,0,0,1,01,data/raw/mrlEyes_2018_01/s0026/s0026_00346_0_0_0_0_1_01.png
s0033_00390_0_0_1_0_1_01.png,test,1,s0033,0,0,0,1,01,data/raw/mrlEyes_2018_01/s0033/s0033_00390_0_0_1_0_1_01.png
s0006_00156_0_1_0_1_0_01.png,train,0,s0006,0,1,1,0,01,data/raw/mrlEyes_2018_01/s0006/s0006_00156_0_1_0_1_0_01.png
s0037_09637_1_1_1_0_0_01.png,train,1,s0037,1,1,0,0,01,data/raw/mrlEyes_2018_01/s0037/s0037_09637_1_1_1_0_0_01.png
s0013_03266_0_0_1_0_0_01.png,val,1,s0013,0,0,0,0,01,data/raw/mrlEyes_2018_01/s0013/s0013_03266_0_0_1_0_0_01.png
s0034_00060_0_0_0_0_0_02.png,train,0,s0034,0,0,0,0,02,data/raw/mrlEyes_2018_01/s0034/s0034_00060_0_0_0_0_0_02.png
s0009_00367_0_0_1_0_0_01.png,test,1,s0009,0,0,0,0,01,data/raw/mrlEyes_2018_01/s0009/s0009_00367_0_0_1_0_0_01.png
s0033_00246_0_0_1_0_1_01.png,test,1,s0033,0,0,0,1,01,data/raw/mrlEyes_2018_01/s0033/s0033_00246_0_0_1_0_1_01.png
s0029_01053_0_0_1_0_1_01.png,train,1,s0029,0,0,0,1,01,data/raw/mrlEyes_2018_01/s0029/s0029_01053_0_0_1_0_1_01.png
s0003_00277_0_0_0_0_0_01.png,test,0,s0003,0,0,0,0,01,data/raw/mrlEyes_2018_01/s0003/s0003_00277_0_0_0_0_0_01.png
s0014_07202_0_0_1_2_1_02.png,train,1,s0014,0,0,2,1,02,data/raw/mrlEyes_2018_01/s0014/s0014_07202_0_0_1_2_1_02.png
s0034_00553_0_0_1_0_0_02.png,train,1,s0034,0,0,0,0,02,data/raw/mrlEyes_2018_01/s0034/s0034_00553_0_0_1_0_0_02.png
s0032_00138_0_0_0_0_1_02.png,test,0,s0032,0,0,0,1,02,data/raw/mrlEyes_2018_01/s0032/s0032_00138_0_0_0_0_1_02.png
s0010_00244_0_0_0_0_0_01.png,train,0,s0010,0,0,0,0,01,data/raw/mrlEyes_2018_01/s0010/s0010_00244_0_0_0_0_0_01.png
s0015_00794_0_0_1_0_1_01.png,test,1,s0015,0,0,0,1,01,data/raw/mrlEyes_2018_01/s0015/s0015_00794_0_0_1_0_1_01.png
s0013_01093_0_0_0_0_0_01.png,val,0,s0013,0,0,0,0,01,data/raw/mrlEyes_2018_01/s0013/s0013_01093_0_0_0_0_0_01.png
s0011_01606_0_0_1_0_0_01.png,train,1,s0011,0,0,0,0,01,data/raw/mrlEyes_2018_01/s0011/s0011_01606_0_0_1_0_0_01.png
s0032_04533_0_0_1_2_1_02.png,test,1,s0032,0,0,2,1,02,data/raw/mrlEyes_2018_01/s0032/s0032_04533_0_0_1_2_1_02.png
s0011_01536_0_0_1_0_0_01.png,train,1,s0011,0,0,0,0,01,data/raw/mrlEyes_2018_01/s0011/s0011_01536_0_0_1_0_0_01.png
s0012_01822_0_1_0_2_0_01.png,train,0,s0012,0,1,2,0,01,data/raw/mrlEyes_2018_01/s0012/s0012_01822_0_1_0_2_0_01.png
s0034_00096_0_0_0_0_0_02.png,train,0,s0034,0,0,0,0,02,data/raw/mrlEyes_2018_01/s0034/s0034_00096_0_0_0_0_0_02.png
s0019_03263_0_0_1_0_0_01.png,train,1,s0019,0,0,0,0,01,data/raw/mrlEyes_2018_01/s0019/s0019_03263_0_0_1_0_0_01.png
s0029_00295_0_0_1_0_1_01.png,train,1,s0029,0,0,0,1,01,data/raw/mrlEyes_2018_01/s0029/s0029_00295_0_0_1_0_1_01.png
s0037_09054_1_1_1_0_0_01.png,train,1,s0037,1,1,0,0,01,data/raw/mrlEyes_2018_01/s0037/s0037_09054_1_1_1_0_0_01.png
s0025_00016_0_0_0_0_0_01.png,train,0,s0025,0,0,0,0,01,data/raw/mrlEyes_2018_01/s0025/s0025_00016_0_0_0_0_0_01.png
s0016_01279_1_0_0_2_1_01.png,test,0,s0016,1,0,2,1,01,data/raw/mrlEyes_2018_01/s0016/s0016_01279_1_0_0_2_1_01.png
s0009_00378_0_0_1_0_0_01.png,test,1,s0009,0,0,0,0,01,data/raw/mrlEyes_2018_01/s0009/s0009_00378_0_0_1_0_0_01.png
s0035_00437_0_1_1_0_1_02.png,train,1,s0035,0,1,0,1,02,data/raw/mrlEyes_2018_01/s0035/s0035_00437_0_1_1_0_1_02.png
s0003_00511_0_0_0_0_0_01.png,test,0,s0003,0,0,0,0,01,data/raw/mrlEyes_2018_01/s0003/s0003_00511_0_0_0_0_0_01.png
s0033_00145_0_0_1_0_1_01.png,test,1,s0033,0,0,0,1,01,data/raw/mrlEyes_2018_01/s0033/s0033_00145_0_0_1_0_1_01.png
s0033_00657_0_0_1_0_1_01.png,test,1,s0033,0,0,0,1,01,data/raw/mrlEyes_2018_01/s0033/s0033_00657_0_0_1_0_1_01.png
s0026_01043_0_0_1_0_1_01.png,val,1,s0026,0,0,0,1,01,data/raw/mrlEyes_2018_01/s0026/s0026_01043_0_0_1_0_1_01.png
s0033_00100_0_0_0_0_1_01.png,test,0,s0033,0,0,0,1,01,data/raw/mrlEyes_2018_01/s0033/s0033_00100_0_0_0_0_1_01.png
s0028_00123_0_0_1_0_0_01.png,train,1,s0028,0,0,0,0,01,data/raw/mrlEyes_2018_01/s0028/s0028_00123_0_0_1_0_0_01.png
s0020_00700_0_0_1_0_0_01.png,train,1,s0020,0,0,0,0,01,data/raw/mrlEyes_2018_01/s0020/s0020_00700_0_0_1_0_0_01.png
s0011_01622_0_0_1_0_0_01.png,train,1,s0011,0,0,0,0,01,data/raw/mrlEyes_2018_01/s0011/s0011_01622_0_0_1_0_0_01.png
s0026_00211_0_0_0_0_0_01.png,val,0,s0026,0,0,0,0,01,data/raw/mrlEyes_2018_01/s0026/s0026_00211_0_0_0_0_0_01.png
s0021_00187_0_0_1_0_0_01.png,train,1,s0021,0,0,0,0,01,data/raw/mrlEyes_2018_01/s0021/s0021_00187_0_0_1_0_0_01.png
s0022_00234_0_0_1_0_1_01.png,train,1,s0022,0,0,0,1,01,data/raw/mrlEyes_2018_01/s0022/s0022_00234_0_0_1_0_1_01.png
s0023_00041_0_0_0_0_1_01.png,train,0,s0023,0,0,0,1,01,data/raw/mrlEyes_2018_01/s0023/s0023_00041_0_0_0_0_1_01.png
s0032_01034_0_1_1_2_1_02.png,test,1,s0032,0,1,2,1,02,data/raw/mrlEyes_2018_01/s0032/s0032_01034_0_1_1_2_1_02.png
s0021_00214_0_0_1_0_1_01.png,train,1,s0021,0,0,0,1,01,data/raw/mrlEyes_2018_01/s0021/s0021_00214_0_0_1_0_1_01.png
s0001_02894_0_1_1_2_0_01.png,val,1,s0001,0,1,2,0,01,data/raw/mrlEyes_2018_01/s0001/s0001_02894_0_1_1_2_0_01.png
s0021_00026_0_0_0_0_0_01.png,train,0,s0021,0,0,0,0,01,data/raw/mrlEyes_2018_01/s0021/s0021_00026_0_0_0_0_0_01.png
s0034_00008_0_0_0_0_0_02.png,train,0,s0034,0,0,0,0,02,data/raw/mrlEyes_2018_01/s0034/s0034_00008_0_0_0_0_0_02.png
s0029_01276_0_0_1_0_0_01.png,train,1,s0029,0,0,0,0,01,data/raw/mrlEyes_2018_01/s0029/s0029_01276_0_0_1_0_0_01.png
s0037_04870_1_1_0_2_0_01.png,train,0,s0037,1,1,2,0,01,data/raw/mrlEyes_2018_01/s0037/s0037_04870_1_1_0_2_0_01.png
s0013_01738_0_0_0_0_0_01.png,val,0,s0013,0,0,0,0,01,data/raw/mrlEyes_2018_01/s0013/s0013_01738_0_0_0_0_0_01.png
s0027_00346_0_0_1_0_1_01.png,val,1,s0027,0,0,0,1,01,data/raw/mrlEyes_2018_01/s0027/s0027_00346_0_0_1_0_1_01.png
s0021_00158_0_0_1_0_0_01.png,train,1,s0021,0,0,0,0,01,data/raw/mrlEyes_2018_01/s0021/s0021_00158_0_0_1_0_0_01.png
s0014_01932_0_0_0_0_0_01.png,train,0,s0014,0,0,0,0,01,data/raw/mrlEyes_2018_01/s0014/s0014_01932_0_0_0_0_0_01.png
s0032_05432_0_0_1_2_1_02.png,test,1,s0032,0,0,2,1,02,data/raw/mrlEyes_2018_01/s0032/s0032_05432_0_0_1_2_1_02.png
s0026_00440_0_0_1_0_0_01.png,val,1,s0026,0,0,0,0,01,data/raw/mrlEyes_2018_01/s0026/s0026_00440_0_0_1_0_0_01.png
s0006_00279_0_1_0_2_0_01.png,train,0,s0006,0,1,2,0,01,data/raw/mrlEyes_2018_01/s0006/s0006_00279_0_1_0_2_0_01.png
s0019_01285_0_0_0_0_0_01.png,train,0,s0019,0,0,0,0,01,data/raw/mrlEyes_2018_01/s0019/s0019_01285_0_0_0_0_0_01.png
s0030_00015_0_0_0_0_1_01.png,val,0,s0030,0,0,0,1,01,data/raw/mrlEyes_2018_01/s0030/s0030_00015_0_0_0_0_1_01.png
s0026_01134_0_0_1_0_0_01.png,val,1,s0026,0,0,0,0,01,data/raw/mrlEyes_2018_01/s0026/s0026_01134_0_0_1_0_0_01.png
s0019_05317_0_0_1_0_0_01.png,train,1,s0019,0,0,0,0,01,data/raw/mrlEyes_2018_01/s0019/s0019_05317_0_0_1_0_0_01.png
s0016_01802_1_0_1_0_1_01.png,test,1,s0016,1,0,0,1,01,data/raw/mrlEyes_2018_01/s0016/s0016_01802_1_0_1_0_1_01.png
s0032_03626_0_0_1_0_1_02.png,test,1,s0032,0,0,0,1,02,data/raw/mrlEyes_2018_01/s0032/s0032_03626_0_0_1_0_1_02.png
s0011_00582_0_0_0_0_0_01.png,train,0,s0011,0,0,0,0,01,data/raw/mrlEyes_2018_01/s0011/s0011_00582_0_0_0_0_0_01.png
s0034_00102_0_0_0_0_0_02.png,train,0,s0034,0,0,0,0,02,data/raw/mrlEyes_2018_01/s0034/s0034_00102_0_0_0_0_0_02.png
s0032_04944_0_0_1_2_1_02.png,test,1,s0032,0,0,2,1,02,data/raw/mrlEyes_2018_01/s0032/s0032_04944_0_0_1_2_1_02.png
s0022_00021_0_0_0_0_1_01.png,train,0,s0022,0,0,0,1,01,data/raw/mrlEyes_2018_01/s0022/s0022_00021_0_0_0_0_1_01.png
s0026_00028_0_0_0_0_0_01.png,val,0,s0026,0,0,0,0,01,data/raw/mrlEyes_2018_01/s0026/s0026_00028_0_0_0_0_0_01.png
s0006_00882_0_1_0_1_0_01.png,train,0,s0006,0,1,1,0,01,data/raw/mrlEyes_2018_01/s0006/s0006_00882_0_1_0_1_0_01.png
s0001_02512_0_0_1_0_0_01.png,val,1,s0001,0,0,0,0,01,data/raw/mrlEyes_2018_01/s0001/s0001_02512_0_0_1_0_0_01.png
s0019_02926_0_0_1_0_0_01.png,train,1,s0019,0,0,0,0,01,data/raw/mrlEyes_2018_01/s0019/s0019_02926_0_0_1_0_0_01.png
s0011_01547_0_0_1_0_0_01.png,train,1,s0011,0,0,0,0,01,data/raw/mrlEyes_2018_01/s0011/s0011_01547_0_0_1_0_0_01.png
s0003_00105_0_0_0_0_0_01.png,test,0,s0003,0,0,0,0,01,data/raw/mrlEyes_2018_01/s0003/s0003_00105_0_0_0_0_0_01.png
s0025_00075_0_0_0_0_0_01.png,train,0,s0025,0,0,0,0,01,data/raw/mrlEyes_2018_01/s0025/s0025_00075_0_0_0_0_0_01.png
s0019_04732_0_0_1_0_0_01.png,train,1,s0019,0,0,0,0,01,data/raw/mrlEyes_2018_01/s0019/s0019_04732_0_0_1_0_0_01.png
s0020_00197_0_0_1_0_0_01.png,train,1,s0020,0,0,0,0,01,data/raw/mrlEyes_2018_01/s0020/s0020_00197_0_0_1_0_0_01.png
s0018_03608_0_1_0_0_0_01.png,train,0,s0018,0,1,0,0,01,data/raw/mrlEyes_2018_01/s0018/s0018_03608_0_1_0_0_0_01.png
s0001_01826_0_1_0_0_0_01.png,val,0,s0001,0,1,0,0,01,data/raw/mrlEyes_2018_01/s0001/s0001_01826_0_1_0_0_0_01.png
s0019_04009_0_0_1_0_0_01.png,train,1,s0019,0,0,0,0,01,data/raw/mrlEyes_2018_01/s0019/s0019_04009_0_0_1_0_0_01.png
s0037_04171_1_1_0_2_0_01.png,train,0,s0037,1,1,2,0,01,data/raw/mrlEyes_2018_01/s0037/s0037_04171_1_1_0_2_0_01.png
s0012_05222_0_0_1_0_1_03.png,train,1,s0012,0,0,0,1,03,data/raw/mrlEyes_2018_01/s0012/s0012_05222_0_0_1_0_1_03.png
s0031_00078_1_0_0_0_1_02.png,train,0,s0031,1,0,0,1,02,data/raw/mrlEyes_2018_01/s0031/s0031_00078_1_0_0_0_1_02.png
s0021_00039_0_0_0_0_0_01.png,train,0,s0021,0,0,0,0,01,data/raw/mrlEyes_2018_01/s0021/s0021_00039_0_0_0_0_0_01.png
s0020_00552_0_0_1_0_0_01.png,train,1,s0020,0,0,0,0,01,data/raw/mrlEyes_2018_01/s0020/s0020_00552_0_0_1_0_0_01.png
s0012_01339_0_0_0_0_1_01.png,train,0,s0012,0,0,0,1,01,data/raw/mrlEyes_2018_01/s0012/s0012_01339_0_0_0_0_1_01.png
s0022_00205_0_0_1_0_1_01.png,train,1,s0022,0,0,0,1,01,data/raw/mrlEyes_2018_01/s0022/s0022_00205_0_0_1_0_1_01.png
s0011_01565_0_0_1_0_0_01.png,train,1,s0011,0,0,0,0,01,data/raw/mrlEyes_2018_01/s0011/s0011_01565_0_0_1_0_0_01.png
s0026_00258_0_0_0_0_0_01.png,val,0,s0026,0,0,0,0,01,data/raw/mrlEyes_2018_01/s0026/s0026_00258_0_0_0_0_0_01.png
s0018_04292_0_1_1_2_0_01.png,train,1,s0018,0,1,2,0,01,data/raw/mrlEyes_2018_01/s0018/s0018_04292_0_1_1_2_0_01.png
s0024_00477_0_1_1_0_0_01.png,train,1,s0024,0,1,0,0,01,data/raw/mrlEyes_2018_01/s0024/s0024_00477_0_1_1_0_0_01.png
s0021_00010_0_0_0_0_0_01.png,train,0,s0021,0,0,0,0,01,data/raw/mrlEyes_2018_01/s0021/s0021_00010_0_0_0_0_0_01.png
s0005_00103_0_0_0_0_0_01.png,val,0,s0005,0,0,0,0,01,data/raw/mrlEyes_2018_01/s0005/s0005_00103_0_0_0_0_0_01.png
s0033_00066_0_0_0_0_0_01.png,test,0,s0033,0,0,0,0,01,data/raw/mrlEyes_2018_01/s0033/s0033_00066_0_0_0_0_0_01.png
s0013_00716_0_0_0_0_0_01.png,val,0,s0013,0,0,0,0,01,data/raw/mrlEyes_2018_01/s0013/s0013_00716_0_0_0_0_0_01.png
s0012_03410_0_1_0_0_0_01.png,train,0,s0012,0,1,0,0,01,data/raw/mrlEyes_2018_01/s0012/s0012_03410_0_1_0_0_0_01.png
s0022_00302_0_1_1_2_1_01.png,train,1,s0022,0,1,2,1,01,data/raw/mrlEyes_2018_01/s0022/s0022_00302_0_1_1_2_1_01.png
s0013_00402_0_0_0_0_0_01.png,val,0,s0013,0,0,0,0,01,data/raw/mrlEyes_2018_01/s0013/s0013_00402_0_0_0_0_0_01.png
s0016_01783_1_0_1_0_1_01.png,test,1,s0016,1,0,0,1,01,data/raw/mrlEyes_2018_01/s0016/s0016_01783_1_0_1_0_1_01.png
s0028_00085_0_0_1_0_0_01.png,train,1,s0028,0,0,0,0,01,data/raw/mrlEyes_2018_01/s0028/s0028_00085_0_0_1_0_0_01.png
s0018_03881_0_0_1_0_0_01.png,train,1,s0018,0,0,0,0,01,data/raw/mrlEyes_2018_01/s0018/s0018_03881_0_0_1_0_0_01.png
s0012_06175_0_0_1_0_1_01.png,train,1,s0012,0,0,0,1,01,data/raw/mrlEyes_2018_01/s0012/s0012_06175_0_0_1_0_1_01.png
s0034_00284_0_0_1_0_0_02.png,train,1,s0034,0,0,0,0,02,data/raw/mrlEyes_2018_01/s0034/s0034_00284_0_0_1_0_0_02.png
s0017_01474_1_0_1_0_0_01.png,test,1,s0017,1,0,0,0,01,data/raw/mrlEyes_2018_01/s0017/s0017_01474_1_0_1_0_0_01.png
s0012_05552_0_0_1_0_0_03.png,train,1,s0012,0,0,0,0,03,data/raw/mrlEyes_2018_01/s0012/s0012_05552_0_0_1_0_0_03.png
s0004_00888_0_0_0_0_0_01.png,val,0,s0004,0,0,0,0,01,data/raw/mrlEyes_2018_01/s0004/s0004_00888_0_0_0_0_0_01.png
s0010_00122_0_0_0_0_0_01.png,train,0,s0010,0,0,0,0,01,data/raw/mrlEyes_2018_01/s0010/s0010_00122_0_0_0_0_0_01.png
s0028_00002_0_0_0_0_0_01.png,train,0,s0028,0,0,0,0,01,data/raw/mrlEyes_2018_01/s0028/s0028_00002_0_0_0_0_0_01.png
s0036_04638_1_0_1_0_1_01.png,train,1,s0036,1,0,0,1,01,data/raw/mrlEyes_2018_01/s0036/s0036_04638_1_0_1_0_1_01.png
s0026_00875_0_0_1_0_0_01.png,val,1,s0026,0,0,0,0,01,data/raw/mrlEyes_2018_01/s0026/s0026_00875_0_0_1_0_0_01.png
s0016_01746_1_0_1_0_1_01.png,test,1,s0016,1,0,0,1,01,data/raw/mrlEyes_2018_01/s0016/s0016_01746_1_0_1_0_1_01.png
s0004_00475_0_0_0_0_0_01.png,val,0,s0004,0,0,0,0,01,data/raw/mrlEyes_2018_01/s0004/s0004_00475_0_0_0_0_0_01.png
s0010_00310_0_0_0_0_0_01.png,train,0,s0010,0,0,0,0,01,data/raw/mrlEyes_2018_01/s0010/s0010_00310_0_0_0_0_0_01.png
s0035_00527_0_1_1_0_0_02.png,train,1,s0035,0,1,0,0,02,data/raw/mrlEyes_2018_01/s0035/s0035_00527_0_1_1_0_0_02.png
s0009_00231_0_0_0_0_0_01.png,test,0,s0009,0,0,0,0,01,data/raw/mrlEyes_2018_01/s0009/s0009_00231_0_0_0_0_0_01.png
s0020_00019_0_0_0_0_1_01.png,train,0,s0020,0,0,0,1,01,data/raw/mrlEyes_2018_01/s0020/s0020_00019_0_0_0_0_1_01.png
s0013_01791_0_1_0_0_0_01.png,val,0,s0013,0,1,0,0,01,data/raw/mrlEyes_2018_01/s0013/s0013_01791_0_1_0_0_0_01.png
s0036_00521_1_0_0_0_0_01.png,train,0,s0036,1,0,0,0,01,data/raw/mrlEyes_2018_01/s0036/s0036_00521_1_0_0_0_0_01.png
s0017_01439_1_0_1_0_1_01.png,test,1,s0017,1,0,0,1,01,data/raw/mrlEyes_2018_01/s0017/s0017_01439_1_0_1_0_1_01.png
s0011_01572_0_0_1_0_0_01.png,train,1,s0011,0,0,0,0,01,data/raw/mrlEyes_2018_01/s0011/s0011_01572_0_0_1_0_0_01.png
s0007_00030_0_0_0_0_0_01.png,test,0,s0007,0,0,0,0,01,data/raw/mrlEyes_2018_01/s0007/s0007_00030_0_0_0_0_0_01.png
s0016_01800_1_0_1_0_1_01.png,test,1,s0016,1,0,0,1,01,data/raw/mrlEyes_2018_01/s0016/s0016_01800_1_0_1_0_1_01.png
s0009_00196_0_0_0_0_0_01.png,test,0,s0009,0,0,0,0,01,data/raw/mrlEyes_2018_01/s0009/s0009_00196_0_0_0_0_0_01.png
s0012_06269_0_0_1_0_1_01.png,train,1,s0012,0,0,0,1,01,data/raw/mrlEyes_2018_01/s0012/s0012_06269_0_0_1_0_1_01.png
s0004_00972_0_0_0_0_0_01.png,val,0,s0004,0,0,0,0,01,data/raw/mrlEyes_2018_01/s0004/s0004_00972_0_0_0_0_0_01.png
s0003_00009_0_0_0_0_0_01.png,test,0,s0003,0,0,0,0,01,data/raw/mrlEyes_2018_01/s0003/s0003_00009_0_0_0_0_0_01.png
s0016_01759_1_0_1_0_1_01.png,test,1,s0016,1,0,0,1,01,data/raw/mrlEyes_2018_01/s0016/s0016_01759_1_0_1_0_1_01.png
s0030_00929_0_0_1_0_0_01.png,val,1,s0030,0,0,0,0,01,data/raw/mrlEyes_2018_01/s0030/s0030_00929_0_0_1_0_0_01.png
s0010_00113_0_0_0_0_0_01.png,train,0,s0010,0,0,0,0,01,data/raw/mrlEyes_2018_01/s0010/s0010_00113_0_0_0_0_0_01.png
s0027_00006_0_0_0_0_0_01.png,val,0,s0027,0,0,0,0,01,data/raw/mrlEyes_2018_01/s0027/s0027_00006_0_0_0_0_0_01.png
s0036_01268_1_1_0_0_0_01.png,train,0,s0036,1,1,0,0,01,data/raw/mrlEyes_2018_01/s0036/s0036_01268_1_1_0_0_0_01.png
s0021_00109_0_1_0_0_0_01.png,train,0,s0021,0,1,0,0,01,data/raw/mrlEyes_2018_01/s0021/s0021_00109_0_1_0_0_0_01.png
s0011_01513_0_0_1_0_0_01.png,train,1,s0011,0,0,0,0,01,data/raw/mrlEyes_2018_01/s0011/s0011_01513_0_0_1_0_0_01.png
s0002_00469_0_0_0_0_0_01.png,train,0,s0002,0,0,0,0,01,data/raw/mrlEyes_2018_01/s0002/s0002_00469_0_0_0_0_0_01.png
s0012_03657_0_1_0_2_1_01.png,train,0,s0012,0,1,2,1,01,data/raw/mrlEyes_2018_01/s0012/s0012_03657_0_1_0_2_1_01.png
s0028_00726_0_1_1_0_0_01.png,train,1,s0028,0,1,0,0,01,data/raw/mrlEyes_2018_01/s0028/s0028_00726_0_1_1_0_0_01.png
s0010_00391_0_0_1_0_0_01.png,train,1,s0010,0,0,0,0,01,data/raw/mrlEyes_2018_01/s0010/s0010_00391_0_0_1_0_0_01.png
s0029_00172_0_0_0_0_1_01.png,train,0,s0029,0,0,0,1,01,data/raw/mrlEyes_2018_01/s0029/s0029_00172_0_0_0_0_1_01.png
s0002_00154_0_0_0_0_0_01.png,train,0,s0002,0,0,0,0,01,data/raw/mrlEyes_2018_01/s0002/s0002_00154_0_0_0_0_0_01.png
s0001_02247_0_0_1_0_0_01.png,val,1,s0001,0,0,0,0,01,data/raw/mrlEyes_2018_01/s0001/s0001_02247_0_0_1_0_0_01.png
s0027_00090_0_1_0_0_0_01.png,val,0,s0027,0,1,0,0,01,data/raw/mrlEyes_2018_01/s0027/s0027_00090_0_1_0_0_0_01.png
s0036_03915_1_0_1_0_0_01.png,train,1,s0036,1,0,0,0,01,data/raw/mrlEyes_2018_01/s0036/s0036_03915_1_0_1_0_0_01.png
s0006_00430_0_1_0_1_0_01.png,train,0,s0006,0,1,1,0,01,data/raw/mrlEyes_2018_01/s0006/s0006_00430_0_1_0_1_0_01.png
s0027_00195_0_0_1_0_0_01.png,val,1,s0027,0,0,0,0,01,data/raw/mrlEyes_2018_01/s0027/s0027_00195_0_0_1_0_0_01.png
s0031_00044_1_0_0_0_1_02.png,train,0,s0031,1,0,0,1,02,data/raw/mrlEyes_2018_01/s0031/s0031_00044_1_0_0_0_1_02.png
s0016_01869_1_0_1_0_0_01.png,test,1,s0016,1,0,0,0,01,data/raw/mrlEyes_2018_01/s0016/s0016_01869_1_0_1_0_0_01.png
s0019_01465_0_0_0_0_0_01.png,train,0,s0019,0,0,0,0,01,data/raw/mrlEyes_2018_01/s0019/s0019_01465_0_0_0_0_0_01.png
s0003_00583_0_0_1_0_0_01.png,test,1,s0003,0,0,0,0,01,data/raw/mrlEyes_2018_01/s0003/s0003_00583_0_0_1_0_0_01.png
s0032_05965_0_0_1_0_1_02.png,test,1,s0032,0,0,0,1,02,data/raw/mrlEyes_2018_01/s0032/s0032_05965_0_0_1_0_1_02.png
